Video_ID,Video_Time,Blink_count,Ave_count,1st(5 sec),2st(5 sec),3st(5 sec),Avg Time varibale(5 sec),,樣本1-3(5 sec) 標準差,樣本1-3(5 sec)平均數,樣本1-3(5 sec)變異數,,母體1-3(5 sec) 標準差,
000_003.mp4,15.84,12,1.493463039,3,5,2,3.333333333,,1.527525232,3.333333333,2.333333333,,4.581820005,
001_870.mp4,18.4,9,1.833773702,2,3,1,2,,1,2,1,,,
002_006.mp4,23.1,34,0.938041434,4,9,5,6.25,,2.645751311,6,7,,,樣本1-3(5 sec)變異數
003_000.mp4,12.12,15,0.900494558,7,5,0,6,,3.605551275,4,13,,,21.00007458
004_982.mp4,12.36,22,0.613787447,5,11,0,8,,5.507570547,5.333333333,30.33333333,,,樣本1-3(5 sec)平均數
005_010.mp4,15.4,17,1.008433074,4,9,4,5.666666667,,2.886751346,5.666666667,8.333333333,,,3.642333333
006_002.mp4,10.33333333,13,0.450026413,4,9,0,6.5,,4.509249753,4.333333333,20.33333333,,,
007_132.mp4,20.2,1,0,0,1,0,0.25,,0.577350269,0.333333333,0.333333333,,,
008_990.mp4,25.48,15,1.958334446,4,3,4,2.8,,0.577350269,3.666666667,0.333333333,,,
009_027.mp4,19.6,11,1.930788016,1,5,1,2.333333333,,2.309401077,2.333333333,5.333333333,,,
010_005.mp4,18.96,6,3.439462042,1,1,3,1.666666667,,1.154700538,1.666666667,1.333333333,,,
011_805.mp4,26.33333333,64,0.449985466,12,12,12,12,,0,12,0,,,
012_026.mp4,14.52,9,1.508084178,3,4,0,3.5,,2.081665999,2.333333333,4.333333333,,,
013_883.mp4,13.28,0,0,0,0,0,0,,0,0,0,,,
014_790.mp4,22.53333333,67,0.454153195,15,15,15,15,,0,15,0,,,
015_919.mp4,14.56666667,39,0.512214642,14,14,0,14,,8.082903769,9.333333333,65.33333333,,,
016_209.mp4,22.6,45,0.675320083,12,8,9,10,,2.081665999,9.666666667,4.333333333,,,
017_803.mp4,15.92,0,0,0,0,0,0,,0,0,0,,,
018_019.mp4,14.4,0,0,0,0,0,0,,0,0,0,,,
019_018.mp4,46.16666667,20,3.274761903,3,1,1,2.111111111,,1.154700538,1.666666667,1.333333333,,,
020_344.mp4,15.6,39,0.450552451,13,12,13,12.66666667,,0.577350269,12.66666667,0.333333333,,,
021_312.mp4,14.36666667,12,1.26438013,4,6,0,5,,3.055050463,3.333333333,9.333333333,,,
022_489.mp4,10.83333333,1,0,0,1,0,0.5,,0.577350269,0.333333333,0.333333333,,,
023_923.mp4,22.12,13,2.02592363,3,1,2,3,,1,2,1,,,
024_073.mp4,12.24,7,2.272281528,4,1,0,2.5,,2.081665999,1.666666667,4.333333333,,,
025_067.mp4,24.9,2,11.89406037,1,0,1,0.5,,0.577350269,0.666666667,0.333333333,,,
026_012.mp4,12.88,19,0.780085047,9,6,0,7.5,,4.582575695,5,21,,,
027_009.mp4,10.5,17,0.855196312,8,7,0,7.5,,4.358898944,5,19,,,
028_068.mp4,14.46666667,0,0,0,0,0,0,,0,0,0,,,
029_048.mp4,16.64,1,0,1,0,0,0.333333333,,0.577350269,0.333333333,0.333333333,,,
030_193.mp4,9.9,6,1.632638216,1,0,0,1,,0.577350269,0.333333333,0.333333333,,,
031_163.mp4,16.06666667,0,0,0,0,0,0,,0,0,0,,,
032_944.mp4,10.33333333,0,0,0,0,0,0,,0,0,0,,,
033_097.mp4,32.36,74,0.489788294,12,13,12,11.66666667,,0.577350269,12.33333333,0.333333333,,,
034_590.mp4,13.56666667,1,0,1,0,0,0.5,,0.577350269,0.333333333,0.333333333,,,
035_036.mp4,16.92,0,0,0,0,0,0,,0,0,0,,,
036_035.mp4,13.48,0,0,0,0,0,0,,0,0,0,,,
037_072.mp4,18.16,12,1.673518788,3,4,3,3.333333333,,0.577350269,3.333333333,0.333333333,,,
038_125.mp4,10.16666667,0,0,0,0,0,0,,0,0,0,,,
039_058.mp4,20.3,61,0.450337358,15,15,15,15,,0,15,0,,,
040_997.mp4,21.92,7,2.73821938,3,2,1,2,,1,2,1,,,
041_063.mp4,13.96,6,2.619714785,1,1,0,1,,0.577350269,0.666666667,0.333333333,,,
042_084.mp4,14.08333333,11,1.386118627,6,3,0,4.5,,3,3,9,,,
043_110.mp4,16.5,49,0.460200573,15,15,15,15,,0,15,0,,,
044_945.mp4,11.16666667,9,1.672479868,5,3,0,4,,2.516611478,2.666666667,6.333333333,,,
045_889.mp4,14,0,0,0,0,0,0,,0,0,0,,,
046_904.mp4,16.8,0,0,0,0,0,0,,0,0,0,,,
047_862.mp4,10.63333333,4,4.29205068,1,3,0,2,,1.527525232,1.333333333,2.333333333,,,
048_029.mp4,19.4,0,0,0,0,0,0,,0,0,0,,,
049_946.mp4,12,8,2.135319165,2,3,0,2.5,,1.527525232,1.666666667,2.333333333,,,
050_059.mp4,21.2,7,3.296312094,1,0,4,1.5,,2.081665999,1.666666667,4.333333333,,,
051_332.mp4,28.68,47,0.670343347,7,7,7,8,,0,7,0,,,
052_108.mp4,10.76666667,7,2.882559935,4,3,0,3.5,,2.081665999,2.333333333,4.333333333,,,
053_095.mp4,16.68,6,3.187034369,1,3,0,1.333333333,,1.527525232,1.333333333,2.333333333,,,
054_071.mp4,12.26666667,0,0,0,0,0,0,,0,0,0,,,
055_147.mp4,13.13333333,29,0.620901465,13,11,0,12,,7,8,49,,,
056_996.mp4,14.92,37,0.452484396,13,12,0,12.5,,7.234178138,8.333333333,52.33333333,,,
057_070.mp4,17.24,37,0.528679907,11,12,11,11.33333333,,0.577350269,11.33333333,0.333333333,,,
058_039.mp4,22.3,0,0,0,0,0,0,,0,0,0,,,
059_050.mp4,28.84,66,0.495105479,12,11,11,11.4,,0.577350269,11.33333333,0.333333333,,,
060_088.mp4,33.76,36,1.028854418,8,8,2,5.333333333,,3.464101615,6,12,,,
061_080.mp4,13.48,9,1.541705787,4,2,0,3,,2,2,4,,,
062_066.mp4,14.1,42,0.456446305,15,15,0,15,,8.660254038,10,75,,,
063_041.mp4,37.2,74,0.570338213,11,8,11,10,,1.732050808,10,3,,,
064_991.mp4,16.08,12,0.957474448,4,7,1,4,,3,4,9,,,
065_089.mp4,17.68,0,0,0,0,0,0,,0,0,0,,,
066_062.mp4,14.5,1,0,1,0,0,0.5,,0.577350269,0.333333333,0.333333333,,,
067_025.mp4,17.93333333,0,0,0,0,0,0,,0,0,0,,,
068_028.mp4,13.36666667,2,14.55471754,1,0,0,0.5,,0.577350269,0.333333333,0.333333333,,,
069_961.mp4,25.8,17,1.999787197,3,4,3,3.2,,0.577350269,3.333333333,0.333333333,,,
070_057.mp4,14.68,2,5.441971064,0,1,0,0.5,,0.577350269,0.333333333,0.333333333,,,
071_054.mp4,15.1,16,1.314112314,10,1,5,5.333333333,,4.509249753,5.333333333,20.33333333,,,
072_037.mp4,12.44,1,0,0,0,0,0,,0,0,0,,,
073_024.mp4,28.12,0,0,0,0,0,0,,0,0,0,,,
074_825.mp4,13.8,0,0,0,0,0,0,,0,0,0,,,
075_977.mp4,20.43333333,2,8.911441803,0,1,1,0.5,,0.577350269,0.666666667,0.333333333,,,
076_079.mp4,10.96666667,0,0,0,0,0,0,,0,0,0,,,
077_100.mp4,24.44,0,0,0,0,0,0,,0,0,0,,,
078_955.mp4,20.92,0,0,0,0,0,0,,0,0,0,,,
079_076.mp4,14.13333333,43,0.455597679,15,15,0,15,,8.660254038,10,75,,,
080_061.mp4,19.32,34,0.644081824,9,10,7,8.666666667,,1.527525232,8.666666667,2.333333333,,,
081_087.mp4,46.8,25,2.125164767,3,4,1,2.555555556,,1.527525232,2.666666667,2.333333333,,,
082_103.mp4,12.64,0,0,0,0,0,0,,0,0,0,,,
083_213.mp4,18.16666667,28,1.225296179,13,8,4,8.333333333,,4.509249753,8.333333333,20.33333333,,,
084_042.mp4,25,28,0.832925876,6,4,6,5.6,,1.154700538,5.333333333,1.333333333,,,
085_124.mp4,13.16,0,0,0,0,0,0,,0,0,0,,,
086_090.mp4,31.16666667,0,0,0,0,0,0,,0,0,0,,,
087_081.mp4,12.36,4,0.825333118,1,3,0,2,,1.527525232,1.333333333,2.333333333,,,
088_060.mp4,26.6,22,1.322189059,6,3,5,4.2,,1.527525232,4.666666667,2.333333333,,,
089_065.mp4,30.04,75,0.461783793,13,12,13,12.5,,0.577350269,12.66666667,0.333333333,,,
090_086.mp4,22.9,19,1.729418066,4,1,6,4,,2.516611478,3.666666667,6.333333333,,,
091_116.mp4,21.3,11,2.74019959,3,1,0,2.25,,1.527525232,1.333333333,2.333333333,,,
092_098.mp4,18.4,13,1.709333499,4,4,2,3.333333333,,1.154700538,3.333333333,1.333333333,,,
093_121.mp4,12.83333333,1,0,0,1,0,0.5,,0.577350269,0.333333333,0.333333333,,,
094_111.mp4,22.36,56,0.453090928,13,12,13,12.5,,0.577350269,12.66666667,0.333333333,,,
095_053.mp4,40.24,0,0,0,0,0,0,,0,0,0,,,
096_101.mp4,16.8,0,0,0,0,0,0,,0,0,0,,,
097_033.mp4,19.12,9,2.666000217,1,2,3,2,,1,2,1,,,
098_092.mp4,11.96,30,0.460551829,12,13,0,12.5,,7.234178138,8.333333333,52.33333333,,,
099_295.mp4,24.52,1,0,0,0,0,0.25,,0,0,0,,,
100_077.mp4,16.92,3,7.470501781,2,0,0,0.666666667,,1.154700538,0.666666667,1.333333333,,,
101_096.mp4,38.26666667,25,2.073666642,2,1,3,2.857142857,,1,2,1,,,
102_114.mp4,15.56,21,0.80784992,8,7,6,7,,1,7,1,,,
103_082.mp4,23.8,13,2.193583508,4,2,1,2,,1.527525232,2.333333333,2.333333333,,,
104_126.mp4,15.4,32,0.655774209,12,12,7,10.33333333,,2.886751346,10.33333333,8.333333333,,,
105_180.mp4,10,2,2.563000917,0,2,0,1,,1.154700538,0.666666667,1.333333333,,,
106_198.mp4,11.86666667,22,0.704952456,8,12,0,10,,6.110100927,6.666666667,37.33333333,,,
107_109.mp4,22.24,0,0,0,0,0,0,,0,0,0,,,
108_052.mp4,10,10,1.68011117,2,8,0,5,,4.163331999,3.333333333,17.33333333,,,
109_107.mp4,11.92,2,7.111994982,0,1,0,0.5,,0.577350269,0.333333333,0.333333333,,,
110_043.mp4,18.83333333,22,1.08576191,2,5,7,4.666666667,,2.516611478,4.666666667,6.333333333,,,
111_094.mp4,17.32,0,0,0,0,0,0,,0,0,0,,,
112_892.mp4,13.93333333,6,4.215600395,2,0,0,1,,1.154700538,0.666666667,1.333333333,,,
113_983.mp4,33.64,8,3.28471412,0,0,3,1,,1.732050808,1,3,,,
114_102.mp4,50.76,23,2.52804547,2,2,2,2.3,,0,2,0,,,
115_939.mp4,10.66666667,4,4.729000092,2,1,0,1.5,,1,1,1,,,
116_091.mp4,10.9,2,0.446999788,0,0,0,0,,0,0,0,,,
117_217.mp4,21.92,54,0.465905626,13,11,13,12.25,,1.154700538,12.33333333,1.333333333,,,
118_120.mp4,14.08,3,3.713498712,2,1,0,1.5,,1,1,1,,,
119_123.mp4,17.31034483,10,2.349777593,4,2,2,2.666666667,,1.154700538,2.666666667,1.333333333,,,
120_118.mp4,16.2,23,0.756999807,10,7,6,7.666666667,,2.081665999,7.666666667,4.333333333,,,
121_093.mp4,23.04166667,1,0,0,0,0,0.25,,0,0,0,,,
122_144.mp4,10.65517241,3,2.677001238,1,2,0,1.5,,1,1,1,,,
123_119.mp4,17.13333333,7,3.540166497,4,2,0,2,,2,2,4,,,
124_085.mp4,12.72,11,1.415000081,7,3,0,5,,3.511884584,3.333333333,12.33333333,,,
125_038.mp4,16.66666667,1,0,0,1,0,0.333333333,,0.577350269,0.333333333,0.333333333,,,
126_104.mp4,10.93333333,1,0,0,1,0,0.5,,0.577350269,0.333333333,0.333333333,,,
127_129.mp4,28.8,43,0.916333988,7,3,10,7.6,,3.511884584,6.666666667,12.33333333,,,
128_896.mp4,29.4,38,0.791810841,3,8,4,7,,2.645751311,5,7,,,
129_127.mp4,11,29,0.521428577,13,13,0,13,,7.505553499,8.666666667,56.33333333,,,
130_139.mp4,26.48,3,8.010500073,0,1,1,0.6,,0.577350269,0.666666667,0.333333333,,,
131_518.mp4,17,15,0.970642907,6,6,2,4.666666667,,2.309401077,4.666666667,5.333333333,,,
132_007.mp4,16.52,12,1.657181978,3,3,3,3,,0,3,0,,,
133_148.mp4,25.56666667,0,0,0,0,0,0,,0,0,0,,,
134_192.mp4,11.53333333,5,2.2330001,2,3,0,2.5,,1.527525232,1.666666667,2.333333333,,,
135_880.mp4,13.625,0,0,0,0,0,0,,0,0,0,,,
136_285.mp4,20.36666667,0,0,0,0,0,0,,0,0,0,,,
137_165.mp4,24.24,59,0.467741399,12,12,12,12,,0,12,0,,,
138_142.mp4,16.4,41,0.449975169,13,12,13,12.66666667,,0.577350269,12.66666667,0.333333333,,,
139_130.mp4,15.12,2,1.214967966,2,0,0,0.666666667,,1.154700538,0.666666667,1.333333333,,,
140_143.mp4,19.4,45,0.492295422,12,11,13,12,,1,12,1,,,
141_161.mp4,16.93333333,2,2.162002563,0,0,1,0.333333333,,0.577350269,0.333333333,0.333333333,,,
142_138.mp4,38.48,1,0,0,0,0,0.142857143,,0,0,0,,,
143_140.mp4,16.56,27,0.695807539,10,8,7,8.333333333,,1.527525232,8.333333333,2.333333333,,,
144_122.mp4,11.46666667,6,1.977000475,2,2,0,2,,1.154700538,1.333333333,1.333333333,,,
145_299.mp4,31.66666667,0,0,0,0,0,0,,0,0,0,,,
146_256.mp4,41.79166667,6,7.200201464,0,1,0,0.75,,0.577350269,0.333333333,0.333333333,,,
147_055.mp4,22.23333333,2,28.75499654,1,0,0,0.25,,0.577350269,0.333333333,0.333333333,,,
148_133.mp4,15.83333333,5,1.248999715,0,5,0,1.666666667,,2.886751346,1.666666667,8.333333333,,,
149_152.mp4,14.52,0,0,0,0,0,0,,0,0,0,,,
150_153.mp4,18.24,2,2.38699913,1,1,0,0.666666667,,0.577350269,0.666666667,0.333333333,,,
151_225.mp4,11.56666667,20,0.784578938,11,5,0,8,,5.507570547,5.333333333,30.33333333,,,
152_149.mp4,12.52,7,1.78466634,1,3,0,2,,1.527525232,1.333333333,2.333333333,,,
153_150.mp4,29.28,60,0.549135564,11,11,7,10.4,,2.309401077,9.666666667,5.333333333,,,
154_386.mp4,19.8,27,0.946153861,5,6,11,7.333333333,,3.214550254,7.333333333,10.33333333,,,
155_576.mp4,33.16,32,1.147742079,3,6,4,4.833333333,,1.527525232,4.333333333,2.333333333,,,
156_243.mp4,20.72,12,0.670545513,9,0,0,9,,5.196152423,3,27,,,
157_245.mp4,19.44,13,1.758752783,2,6,2,3.333333333,,2.309401077,3.333333333,5.333333333,,,
158_379.mp4,14.8,9,2.387750387,6,1,0,3.5,,3.214550254,2.333333333,10.33333333,,,
159_175.mp4,13,19,0.736888885,7,9,0,8,,4.725815626,5.333333333,22.33333333,,,
160_928.mp4,17.8,1,0,1,0,0,0.333333333,,0.577350269,0.333333333,0.333333333,,,
161_141.mp4,12.3,2,0.58199811,0,2,0,1,,1.154700538,0.666666667,1.333333333,,,
162_330.mp4,22.83333333,5,6.24025017,1,1,0,0.75,,0.577350269,0.666666667,0.333333333,,,
163_031.mp4,10.13333333,27,0.535461618,15,11,0,13,,7.767453465,8.666666667,60.33333333,,,
164_216.mp4,40.84,11,3.75130024,2,4,0,1.375,,2,2,4,,,
165_137.mp4,15.48,4,1.906000455,0,1,3,1.333333333,,1.527525232,1.333333333,2.333333333,,,
166_167.mp4,30.24,1,0,1,0,0,0.166666667,,0.577350269,0.333333333,0.333333333,,,
167_166.mp4,13.64,3,5.203999639,1,1,0,1,,0.577350269,0.666666667,0.333333333,,,
168_222.mp4,40.93333333,0,0,0,0,0,0,,0,0,0,,,
169_227.mp4,21.63333333,9,1.856125295,3,5,1,2.25,,2,3,4,,,
170_186.mp4,16.8,9,2.593375355,2,6,1,3,,2.645751311,3,7,,,
171_173.mp4,18.03333333,15,1.598357303,4,7,1,4,,3,4,9,,,
172_582.mp4,25.06666667,25,1.383749972,2,6,2,5,,2.309401077,3.333333333,5.333333333,,,
173_171.mp4,24.03333333,32,1.073064504,8,6,10,7,,2,8,4,,,
174_964.mp4,13.8,2,0.464996815,0,2,0,1,,1.154700538,0.666666667,1.333333333,,,
175_159.mp4,20.16,50,0.46087754,13,12,12,12.25,,0.577350269,12.33333333,0.333333333,,,
176_190.mp4,12.53333333,4,2.831335147,0,2,0,1,,1.154700538,0.666666667,1.333333333,,,
177_211.mp4,16.4,4,4.684667905,1,0,2,1,,1,1,1,,,
178_598.mp4,20.84,3,0.517500162,0,0,0,0.75,,0,0,0,,,
179_212.mp4,42,15,3.30757153,0,2,1,1.75,,1,1,1,,,
180_105.mp4,18.96666667,3,3.531999707,0,2,1,1,,1,1,1,,,
181_199.mp4,15.93333333,41,0.522925001,11,14,14,13,,1.732050808,13,3,,,
182_242.mp4,20.66666667,0,0,0,0,0,0,,0,0,0,,,
183_253.mp4,13,9,1.837876022,6,2,0,4,,3.055050463,2.666666667,9.333333333,,,
184_205.mp4,50.16,0,0,0,0,0,0,,0,0,0,,,
185_276.mp4,35,0,0,0,0,0,0,,0,0,0,,,
186_170.mp4,11.13333333,19,1.009944916,9,7,0,8,,4.725815626,5.333333333,22.33333333,,,
187_234.mp4,32.86666667,59,0.764966023,7,8,9,8.833333333,,1,8,1,,,
188_191.mp4,10.33333333,0,0,0,0,0,0,,0,0,0,,,
189_200.mp4,20.48,46,0.504977756,13,12,10,11.25,,1.527525232,11.66666667,2.333333333,,,
190_176.mp4,11.03333333,2,9.975999594,1,1,0,1,,0.577350269,0.666666667,0.333333333,,,
191_188.mp4,12.4,12,1.941818172,5,3,0,4,,2.516611478,2.666666667,6.333333333,,,
192_134.mp4,9.566666667,0,0,0,0,0,0,,0,0,0,,,
193_030.mp4,12.4,6,3.917399406,2,2,0,2,,1.154700538,1.333333333,1.333333333,,,
194_235.mp4,22.68,12,1.939090946,4,2,2,3,,1.154700538,2.666666667,1.333333333,,,
195_442.mp4,13.32,22,0.670095183,8,8,0,8,,4.618802154,5.333333333,21.33333333,,,
196_310.mp4,17.04,43,0.450047612,13,12,13,12.66666667,,0.577350269,12.66666667,0.333333333,,,
197_224.mp4,35.2,3,0.447998762,0,3,0,0.428571429,,1.732050808,1,3,,,
198_106.mp4,13.06666667,8,2.217714276,3,1,0,2,,1.527525232,1.333333333,2.333333333,,,
199_181.mp4,12.26666667,1,0,1,0,0,0.5,,0.577350269,0.333333333,0.333333333,,,
200_189.mp4,28.76,0,0,0,0,0,0,,0,0,0,,,
201_203.mp4,34.52,21,1.817900074,2,5,2,3.166666667,,1.732050808,3,3,,,
202_348.mp4,12.92,1,0,0,1,0,0.5,,0.577350269,0.333333333,0.333333333,,,
203_201.mp4,17.84,5,3.308250427,2,1,2,1.666666667,,0.577350269,1.666666667,0.333333333,,,
204_230.mp4,17.16666667,0,0,0,0,0,0,,0,0,0,,,
205_184.mp4,12.28,2,8.866965294,1,1,0,1,,0.577350269,0.666666667,0.333333333,,,
206_221.mp4,28.56,50,0.617224469,11,3,8,9,,4.041451884,7.333333333,16.33333333,,,
207_908.mp4,14.41666667,1,0,0,0,0,0,,0,0,0,,,
208_215.mp4,18.6,0,0,0,0,0,0,,0,0,0,,,
209_016.mp4,11.23333333,10,1.483222379,5,4,0,4.5,,2.645751311,3,7,,,
210_241.mp4,27.96666667,1,0,0,0,0,0.2,,0,0,0,,,
211_177.mp4,21.08,53,0.457807147,13,12,13,12.5,,0.577350269,12.66666667,0.333333333,,,
212_179.mp4,13.83333333,29,0.611250051,12,10,0,11,,6.429100507,7.333333333,41.33333333,,,
213_083.mp4,12.6,10,1.786221716,6,2,0,4,,3.055050463,2.666666667,9.333333333,,,
214_255.mp4,15.4,9,2.129874587,4,2,3,3,,1,3,1,,,
215_208.mp4,23.52,10,2.575111628,2,2,3,2,,0.577350269,2.333333333,0.333333333,,,
216_164.mp4,19.04,11,1.619800115,3,3,3,3,,0,3,0,,,
217_117.mp4,28.08,28,1.134407511,4,5,8,5.6,,2.081665999,5.666666667,4.333333333,,,
218_239.mp4,14.12,16,1.038066785,5,2,0,3.5,,2.516611478,2.333333333,6.333333333,,,
219_220.mp4,14,0,0,0,0,0,0,,0,0,0,,,
220_219.mp4,14.28,2,1.844964504,0,0,0,0,,0,0,0,,,
221_206.mp4,28.72,1,0,1,0,0,0.2,,0.577350269,0.333333333,0.333333333,,,
222_168.mp4,13.56666667,6,3.291400003,3,1,0,2,,1.527525232,1.333333333,2.333333333,,,
223_586.mp4,5.6,0,0,0,0,0,0,,0,0,0,,,
224_197.mp4,19.52,2,15.07499838,0,1,0,0.333333333,,0.577350269,0.333333333,0.333333333,,,
225_151.mp4,10.13333333,0,0,0,0,0,0,,0,0,0,,,
226_491.mp4,10.93333333,9,1.691812098,8,0,0,4,,4.618802154,2.666666667,21.33333333,,,
227_169.mp4,14.7,4,6.106948694,2,1,0,1.5,,1,1,1,,,
228_289.mp4,22.24,6,2.253338194,3,2,1,1.5,,1,2,1,,,
229_247.mp4,15.68,0,0,0,0,0,0,,0,0,0,,,
230_204.mp4,12.4,19,0.831604825,10,7,0,8.5,,5.131601439,5.666666667,26.33333333,,,
231_663.mp4,22.92,38,0.682494286,11,8,6,8.5,,2.516611478,8.333333333,6.333333333,,,
232_248.mp4,19.13333333,9,2.047859073,0,2,4,2,,2,2,4,,,
233_995.mp4,22.5,25,1.20386068,9,9,3,6,,3.464101615,7,12,,,
234_187.mp4,17.6,6,2.340176582,2,3,1,2,,1,2,1,,,
235_194.mp4,12.48,7,2.030573527,5,1,0,3,,2.645751311,2,7,,,
236_237.mp4,26.04,50,0.571425613,11,11,10,10,,0.577350269,10.66666667,0.333333333,,,
237_236.mp4,30.28,3,9.874192715,1,0,1,0.75,,0.577350269,0.666666667,0.333333333,,,
238_282.mp4,24.88,33,0.851180844,7,7,6,7,,0.577350269,6.666666667,0.333333333,,,
239_218.mp4,23.52,24,1.011825821,7,6,5,5.5,,1,6,1,,,
240_290.mp4,42.46666667,51,1.132483912,7,5,9,5.875,,2,7,4,,,
241_210.mp4,9.733333333,30,0.451693461,15,0,0,15,,8.660254038,5,75,,,
242_182.mp4,11.03333333,0,0,0,0,0,0,,0,0,0,,,
243_156.mp4,15.48,14,1.051782773,8,5,0,6.5,,4.041451884,4.333333333,16.33333333,,,
244_822.mp4,22.28,9,3.133627951,2,2,2,1.75,,0,2,0,,,
245_157.mp4,13.36,3,5.092217684,1,2,0,1.5,,1,1,1,,,
246_258.mp4,16.53333333,6,2.670637131,2,3,1,2,,1,2,1,,,
247_229.mp4,15.96,1,0,0,1,0,0.333333333,,0.577350269,0.333333333,0.333333333,,,
248_232.mp4,16.53333333,4,5.060564836,1,0,3,1.333333333,,1.527525232,1.333333333,2.333333333,,,
249_280.mp4,21.06666667,38,0.759635352,5,8,9,9,,2.081665999,7.333333333,4.333333333,,,
250_461.mp4,22.56,0,0,0,0,0,0,,0,0,0,,,
251_375.mp4,13.84,0,0,0,0,0,0,,0,0,0,,,
252_266.mp4,22.88,58,0.450300978,13,12,13,12.5,,0.577350269,12.66666667,0.333333333,,,
253_183.mp4,16.7,1,0,0,0,1,0.333333333,,0.577350269,0.333333333,0.333333333,,,
254_261.mp4,17.08,13,1.246427039,6,3,0,4.5,,3,3,9,,,
255_214.mp4,15.66666667,21,1.05327388,7,7,5,6.333333333,,1.154700538,6.333333333,1.333333333,,,
256_146.mp4,22.75,29,0.858851697,8,6,3,5.75,,2.516611478,5.666666667,6.333333333,,,
257_420.mp4,30.52,76,0.455470117,13,12,13,12.5,,0.577350269,12.66666667,0.333333333,,,
258_246.mp4,16.6,9,2.719220012,5,3,0,2.666666667,,2.516611478,2.666666667,6.333333333,,,
259_345.mp4,17.76,18,1.027316051,4,7,3,4.666666667,,2.081665999,4.666666667,4.333333333,,,
260_331.mp4,12.08,5,2.575773478,1,4,0,2.5,,2.081665999,1.666666667,4.333333333,,,
261_254.mp4,27.08,0,0,0,0,0,0,,0,0,0,,,
262_301.mp4,15.88,0,0,0,0,0,0,,0,0,0,,,
263_284.mp4,10,4,0.460324526,0,4,0,2,,2.309401077,1.333333333,5.333333333,,,
264_271.mp4,15.16666667,9,2.092852026,3,5,1,3,,2,3,4,,,
265_475.mp4,22.08,7,5.140958428,2,1,1,1,,0.577350269,1.333333333,0.333333333,,,
266_252.mp4,18.6,34,0.621655529,11,10,6,9,,2.645751311,9,7,,,
267_286.mp4,10.2,16,0.799343602,9,7,0,8,,4.725815626,5.333333333,22.33333333,,,
268_269.mp4,48.83333333,133,0.480943857,11,13,14,13.66666667,,1.527525232,12.66666667,2.333333333,,,
269_268.mp4,12.9,2,6.390964508,1,1,0,1,,0.577350269,0.666666667,0.333333333,,,
270_297.mp4,12.44,32,0.44998402,13,12,0,12.5,,7.234178138,8.333333333,52.33333333,,,
271_264.mp4,16.33333333,15,1.360871162,5,6,4,5,,1,5,1,,,
272_396.mp4,10.76666667,21,0.696830547,9,11,0,10,,5.859465277,6.666666667,34.33333333,,,
273_807.mp4,10.73333333,1,0,1,0,0,0.5,,0.577350269,0.333333333,0.333333333,,,
274_412.mp4,15.8,0,0,0,0,0,0,,0,0,0,,,
275_887.mp4,16.96,0,0,0,0,0,0,,0,0,0,,,
276_185.mp4,13.24,4,3.540261904,1,1,0,1,,0.577350269,0.666666667,0.333333333,,,
277_335.mp4,32.2,29,1.451450109,2,7,3,4.666666667,,2.645751311,4,7,,,
278_306.mp4,17.96,16,1.264427805,5,5,5,5,,0,5,0,,,
279_298.mp4,30.2,32,0.946705787,2,12,4,5.333333333,,5.291502622,6,28,,,
280_249.mp4,20.2,12,2.207759034,1,3,5,2.75,,2,3,4,,,
281_474.mp4,10.3,24,0.542565833,12,0,0,12,,6.92820323,4,48,,,
282_238.mp4,23.76,5,6.358112335,1,0,2,1,,1,1,1,,,
283_313.mp4,32.2,22,1.890994799,4,1,5,3.5,,2.081665999,3.333333333,4.333333333,,,
284_263.mp4,16.1,36,0.827806255,13,12,9,11.33333333,,2.081665999,11.33333333,4.333333333,,,
285_136.mp4,12.76666667,30,0.555580082,10,12,0,11,,6.429100507,7.333333333,41.33333333,,,
286_267.mp4,22.26666667,1,0,0,1,0,0.25,,0.577350269,0.333333333,0.333333333,,,
287_426.mp4,15.83333333,1,0,0,0,0,0,,0,0,0,,,
288_321.mp4,21.72,0,0,0,0,0,0,,0,0,0,,,
289_228.mp4,23.88,6,4.958915329,2,1,1,1,,0.577350269,1.333333333,0.333333333,,,
290_240.mp4,14.06666667,3,5.3546561,0,1,0,0.5,,0.577350269,0.333333333,0.333333333,,,
291_874.mp4,11,9,1.839959085,6,2,0,4,,3.055050463,2.666666667,9.333333333,,,
292_294.mp4,14.16666667,4,4.02089119,3,0,0,1.5,,1.732050808,1,3,,,
293_296.mp4,30.32,35,0.957102825,5,5,7,5.666666667,,1.154700538,5.666666667,1.333333333,,,
294_292.mp4,20.13333333,5,4.665712416,1,2,1,1.25,,0.577350269,1.333333333,0.333333333,,,
295_099.mp4,16.44,8,1.665007387,0,1,6,2.333333333,,3.214550254,2.333333333,10.33333333,,,
296_293.mp4,13.44,0,0,0,0,0,0,,0,0,0,,,
297_270.mp4,15.6,0,0,0,0,0,0,,0,0,0,,,
298_279.mp4,18.96666667,0,0,0,0,0,0,,0,0,0,,,
299_145.mp4,20.93333333,1,0,0,0,1,0.25,,0.577350269,0.333333333,0.333333333,,,
300_304.mp4,23.92,14,1.627296521,3,2,4,3,,1,3,1,,,
301_262.mp4,30.52,40,0.854396099,7,6,6,6.5,,0.577350269,6.333333333,0.333333333,,,
302_323.mp4,35,0,0,0,0,0,0,,0,0,0,,,
303_309.mp4,22.84,43,0.593738238,12,7,9,9.75,,2.516611478,9.333333333,6.333333333,,,
304_300.mp4,24.4,4,1.184604883,0,0,0,0,,0,0,0,,,
305_513.mp4,33.72,83,0.463846983,13,12,13,12.5,,0.577350269,12.66666667,0.333333333,,,
306_278.mp4,29.12,5,5.934815228,1,0,2,0.8,,1,1,1,,,
307_365.mp4,15.12,32,0.534437979,12,7,13,10.66666667,,3.214550254,10.66666667,10.33333333,,,
308_388.mp4,16.73333333,0,0,0,0,0,0,,0,0,0,,,
309_303.mp4,34,4,5.402763367,0,3,0,0.666666667,,1.732050808,1,3,,,
310_196.mp4,15,5,3.590583324,2,1,2,1.666666667,,0.577350269,1.666666667,0.333333333,,,
311_387.mp4,12.26666667,36,0.468066168,15,15,0,15,,8.660254038,10,75,,,
312_021.mp4,14.26666667,29,0.67809936,10,8,0,9,,5.291502622,6,28,,,
313_283.mp4,16.03333333,4,6.604953766,1,1,1,1,,0,1,0,,,
314_347.mp4,13.76666667,0,0,0,0,0,0,,0,0,0,,,
315_322.mp4,10.13333333,0,0,0,0,0,0,,0,0,0,,,
316_369.mp4,18.86666667,9,2.503793836,1,2,4,2.333333333,,1.527525232,2.333333333,2.333333333,,,
317_359.mp4,22.73333333,15,1.84544909,3,2,6,3.25,,2.081665999,3.666666667,4.333333333,,,
318_334.mp4,19,0,0,0,0,0,0,,0,0,0,,,
319_352.mp4,28.68,5,6.436501026,0,2,0,0.8,,1.154700538,0.666666667,1.333333333,,,
320_328.mp4,16.8,44,0.522958212,14,12,12,12.66666667,,1.154700538,12.66666667,1.333333333,,,
321_288.mp4,22.68,0,0,0,0,0,0,,0,0,0,,,
322_315.mp4,10.43333333,4,3.827148438,3,1,0,2,,1.527525232,1.333333333,2.333333333,,,
323_302.mp4,18.24,43,0.480165794,13,10,12,11.66666667,,1.527525232,11.66666667,2.333333333,,,
324_356.mp4,49.96,115,0.488437592,13,12,10,12.11111111,,1.527525232,11.66666667,2.333333333,,,
325_492.mp4,47.36666667,143,0.444772435,15,15,15,15,,0,15,0,,,
326_501.mp4,36.56,24,1.747347842,3,2,1,2.857142857,,1,2,1,,,
327_329.mp4,16.5,6,3.536800385,1,3,0,1.333333333,,1.527525232,1.333333333,2.333333333,,,
328_320.mp4,10.63333333,0,0,0,0,0,0,,0,0,0,,,
329_327.mp4,13.83333333,0,0,0,0,0,0,,0,0,0,,,
330_162.mp4,13.56666667,19,0.913166722,4,11,0,7.5,,5.567764363,5,31,,,
331_260.mp4,18.76,33,0.658281282,6,10,7,7.666666667,,2.081665999,7.666666667,4.333333333,,,
332_051.mp4,27.8,25,1.173082054,3,4,5,4.6,,1,4,1,,,
333_377.mp4,14.3,26,0.761238718,8,8,0,8,,4.618802154,5.333333333,21.33333333,,,
334_318.mp4,53.56,35,1.691411748,5,2,5,3.4,,1.732050808,4,3,,,
335_277.mp4,12.8,37,0.482361058,14,14,0,14,,8.082903769,9.333333333,65.33333333,,,
336_338.mp4,20.28,26,0.768560019,7,7,8,6.5,,0.577350269,7.333333333,0.333333333,,,
337_522.mp4,13.24,16,0.894000101,3,8,0,5.5,,4.041451884,3.666666667,16.33333333,,,
338_336.mp4,35.56,8,3.717713867,0,0,1,1.142857143,,0.577350269,0.333333333,0.333333333,,,
339_392.mp4,15.23333333,12,1.722545927,5,2,4,3.666666667,,1.527525232,3.666666667,2.333333333,,,
340_341.mp4,9.766666667,3,7.648000002,2,0,0,2,,1.154700538,0.666666667,1.333333333,,,
341_340.mp4,27.56666667,5,8.196999848,1,1,1,0.8,,0,1,0,,,
342_416.mp4,12.08,20,0.729684215,10,4,0,7,,5.033222957,4.666666667,25.33333333,,,
343_363.mp4,11.96,9,1.61424917,2,3,0,2.5,,1.527525232,1.666666667,2.333333333,,,
344_020.mp4,25.24,61,0.465050046,13,12,13,12.2,,0.577350269,12.66666667,0.333333333,,,
345_259.mp4,16.92,5,2.992242277,2,2,1,1.666666667,,0.577350269,1.666666667,0.333333333,,,
346_351.mp4,20.5,0,0,0,0,0,0,,0,0,0,,,
347_314.mp4,15.26666667,45,0.458250019,15,15,15,15,,0,15,0,,,
348_202.mp4,16.56,4,4.272998651,2,0,2,1.333333333,,1.154700538,1.333333333,1.333333333,,,
349_350.mp4,18.84,6,2.651599979,1,4,1,2,,1.732050808,2,3,,,
350_349.mp4,16.2,4,5.554666599,1,1,1,1,,0,1,0,,,
351_346.mp4,22.8,48,0.646319171,12,13,6,10,,3.785938897,10.33333333,14.33333333,,,
352_319.mp4,16.84,18,1.042470469,6,4,5,5,,1,5,1,,,
353_383.mp4,11.93333333,9,1.787246466,5,3,0,4,,2.516611478,2.666666667,6.333333333,,,
354_362.mp4,15.33333333,10,2.131892204,4,2,4,3.333333333,,1.154700538,3.333333333,1.333333333,,,
355_748.mp4,16.63333333,3,7.83300066,2,1,0,1,,1,1,1,,,
356_324.mp4,22.32,0,0,0,0,0,0,,0,0,0,,,
357_432.mp4,11.53333333,0,0,0,0,0,0,,0,0,0,,,
358_380.mp4,17.8,0,0,0,0,0,0,,0,0,0,,,
359_317.mp4,15.2,23,0.908454678,10,6,7,7.666666667,,2.081665999,7.666666667,4.333333333,,,
360_437.mp4,15.4,25,0.726916552,7,9,8,8,,1,8,1,,,
361_448.mp4,15.16666667,0,0,0,0,0,0,,0,0,0,,,
362_354.mp4,15.16666667,5,3.667750239,1,3,1,1.666666667,,1.154700538,1.666666667,1.333333333,,,
363_343.mp4,18.92,36,0.594399997,12,9,7,9.333333333,,2.516611478,9.333333333,6.333333333,,,
364_440.mp4,25.92,34,0.857728265,5,8,8,6.6,,1.732050808,7,3,,,
365_307.mp4,14.76,37,0.450166762,13,12,0,12.5,,7.234178138,8.333333333,52.33333333,,,
366_473.mp4,16.16,4,3.599999587,1,1,2,1.333333333,,0.577350269,1.333333333,0.333333333,,,
367_371.mp4,25.96,14,2.101307979,3,1,2,2.4,,1,2,1,,,
368_378.mp4,25.36666667,30,1.171482867,13,5,3,5.8,,5.291502622,7,28,,,
369_316.mp4,10.66666667,0,0,0,0,0,0,,0,0,0,,,
370_483.mp4,13.2,7,3.17149965,2,3,0,2.5,,1.527525232,1.666666667,2.333333333,,,
371_367.mp4,28.72,0,0,0,0,0,0,,0,0,0,,,
372_413.mp4,19.44,0,0,0,0,0,0,,0,0,0,,,
373_394.mp4,24.08,11,2.428600097,1,4,3,2.5,,1.527525232,2.666666667,2.333333333,,,
374_407.mp4,23.44,0,0,0,0,0,0,,0,0,0,,,
375_251.mp4,14.12,14,1.107617158,6,4,0,5,,3.055050463,3.333333333,9.333333333,,,
376_381.mp4,20.6,1,0,1,0,0,0.333333333,,0.577350269,0.333333333,0.333333333,,,
377_333.mp4,13.26666667,37,0.489944418,15,14,0,14.5,,8.386497084,9.666666667,70.33333333,,,
378_368.mp4,25.36666667,32,1.034936713,3,8,6,6,,2.516611478,5.666666667,6.333333333,,,
379_158.mp4,11.36666667,18,0.871058492,8,7,0,7.5,,4.358898944,5,19,,,
380_358.mp4,15.16666667,2,0.49599719,2,0,0,0.666666667,,1.154700538,0.666666667,1.333333333,,,
381_376.mp4,23.12,12,2.348454605,5,0,3,2.25,,2.516611478,2.666666667,6.333333333,,,
382_409.mp4,12.52,4,4.32133317,1,1,0,1,,0.577350269,0.666666667,0.333333333,,,
383_353.mp4,15.5,5,3.279999852,0,2,3,1.666666667,,1.527525232,1.666666667,2.333333333,,,
384_932.mp4,18.48,0,0,0,0,0,0,,0,0,0,,,
385_414.mp4,11.63333333,19,0.843055288,8,8,0,8,,4.618802154,5.333333333,21.33333333,,,
386_154.mp4,14.96666667,8,3.760571207,4,0,0,2,,2.309401077,1.333333333,5.333333333,,,
387_311.mp4,17.6,1,0,0,0,0,0,,0,0,0,,,
388_308.mp4,21.2,6,3.231200266,0,3,2,1.5,,1.527525232,1.666666667,2.333333333,,,
389_480.mp4,12.56,14,1.245769189,9,3,0,6,,4.582575695,4,21,,,
390_709.mp4,33.70833333,5,9.182005942,2,0,0,0.333333333,,1.154700538,0.666666667,1.333333333,,,
391_406.mp4,21.88,3,6.83799994,0,1,1,0.75,,0.577350269,0.666666667,0.333333333,,,
392_339.mp4,49.86666667,105,0.654250315,13,9,14,10.22222222,,2.645751311,12,7,,,
393_405.mp4,23.16,2,23.93300009,1,0,0,0.25,,0.577350269,0.333333333,0.333333333,,,
394_373.mp4,16.8,21,0.891300046,6,4,10,6.666666667,,3.055050463,6.666666667,9.333333333,,,
395_401.mp4,14.93333333,45,0.458250013,15,15,0,15,,8.660254038,10,75,,,
396_272.mp4,17.5,16,1.559998099,5,3,3,3.666666667,,1.154700538,3.666666667,1.333333333,,,
397_602.mp4,11.83333333,8,2.799714429,3,4,0,3.5,,2.081665999,2.333333333,4.333333333,,,
398_457.mp4,23.28,11,2.474799657,1,1,2,1.5,,0.577350269,1.333333333,0.333333333,,,
399_488.mp4,28.73333333,62,0.643556892,15,15,11,10.8,,2.309401077,13.66666667,5.333333333,,,
400_476.mp4,14.28,14,1.196538412,7,4,0,5.5,,3.511884584,3.666666667,12.33333333,,,
401_395.mp4,16.4,31,0.688666693,9,11,10,10,,1,10,1,,,
402_453.mp4,14.1,7,3.857500116,3,3,0,3,,1.732050808,2,3,,,
403_497.mp4,23.56666667,54,0.577981562,15,9,10,12,,3.214550254,11.33333333,10.33333333,,,
404_429.mp4,31.92,51,0.711690202,6,8,9,8.333333333,,1.527525232,7.666666667,2.333333333,,,
405_393.mp4,21.24,0,0,0,0,0,0,,0,0,0,,,
406_391.mp4,20.48,2,1.482998133,2,0,0,0.5,,1.154700538,0.666666667,1.333333333,,,
407_374.mp4,20.16,43,0.53030949,8,12,12,10.75,,2.309401077,10.66666667,5.333333333,,,
408_424.mp4,12.24,23,0.599363685,10,8,0,9,,5.291502622,6,28,,,
409_382.mp4,14.44,11,1.430000019,2,5,0,3.5,,2.516611478,2.333333333,6.333333333,,,
410_411.mp4,15.3,16,1.647466898,3,6,6,5,,1.732050808,5,3,,,
411_410.mp4,17.63333333,25,1.038541635,12,7,6,8.333333333,,3.214550254,8.333333333,10.33333333,,,
412_274.mp4,19.06666667,13,1.89424779,2,3,4,3,,1,3,1,,,
413_372.mp4,15.16,9,1.940750092,3,2,4,3,,1,3,1,,,
414_385.mp4,19.56666667,11,2.75239687,2,3,4,3,,1,3,1,,,
415_484.mp4,18.76666667,39,0.65444664,11,14,7,10.66666667,,3.511884584,10.66666667,12.33333333,,,
416_342.mp4,12.52,32,0.454483863,13,12,0,12.5,,7.234178138,8.333333333,52.33333333,,,
417_496.mp4,28.7,5,8.879750252,1,1,0,0.6,,0.577350269,0.666666667,0.333333333,,,
418_507.mp4,13.29166667,11,1.40860014,7,3,0,5,,3.511884584,3.333333333,12.33333333,,,
419_824.mp4,8.116666667,1,0,1,0,0,1,,0.577350269,0.333333333,0.333333333,,,
420_257.mp4,45.04,6,5.831800699,0,3,0,0.666666667,,1.732050808,1,3,,,
421_423.mp4,41.52,88,0.53218362,12,13,12,10.625,,0.577350269,12.33333333,0.333333333,,,
422_695.mp4,10.53333333,1,0,0,1,0,0.5,,0.577350269,0.333333333,0.333333333,,,
423_421.mp4,72.56,1,0,0,0,0,0.071428571,,0,0,0,,,
424_408.mp4,12.44,0,0,0,0,0,0,,0,0,0,,,
425_485.mp4,11.2,30,0.510517581,12,15,0,13.5,,7.937253933,9,63,,,
426_287.mp4,11.16666667,3,9.600528598,1,0,0,0.5,,0.577350269,0.333333333,0.333333333,,,
427_637.mp4,7.8,0,0,0,0,0,0,,0,0,0,,,
428_466.mp4,18,10,2.120441198,3,3,4,3.333333333,,0.577350269,3.333333333,0.333333333,,,
429_404.mp4,18.28,12,1.296909007,1,3,5,3,,2,3,4,,,
430_459.mp4,11.9,7,3.118332783,4,2,0,3,,2,2,4,,,
431_447.mp4,20.53333333,62,0.455213121,15,15,15,15,,0,15,0,,,
432_357.mp4,12,20,0.821368356,7,11,0,9,,5.567764363,6,31,,,
433_498.mp4,21.28,14,1.852153796,3,1,4,2.75,,1.527525232,2.666666667,2.333333333,,,
434_438.mp4,11.23333333,2,13.33499908,1,0,0,0.5,,0.577350269,0.333333333,0.333333333,,,
435_456.mp4,19.04,37,0.577416711,11,12,8,10.33333333,,2.081665999,10.33333333,4.333333333,,,
436_526.mp4,17.26666667,16,1.27970144,9,4,3,5.333333333,,3.214550254,5.333333333,10.33333333,,,
437_360.mp4,23.72,22,1.23642859,4,4,5,4.5,,0.577350269,4.333333333,0.333333333,,,
438_434.mp4,18.06666667,1,0,0,1,0,0.333333333,,0.577350269,0.333333333,0.333333333,,,
439_441.mp4,15.4,0,0,0,0,0,0,,0,0,0,,,
440_364.mp4,16.76,42,0.450073132,13,12,13,12.66666667,,0.577350269,12.66666667,0.333333333,,,
441_439.mp4,10.16666667,0,0,0,0,0,0,,0,0,0,,,
442_195.mp4,14.2,0,0,0,0,0,0,,0,0,0,,,
443_514.mp4,45.84,99,0.508775475,9,9,12,10.88888889,,1.732050808,10,3,,,
444_655.mp4,14.56666667,33,0.532968625,11,14,0,12.5,,7.371114796,8.333333333,54.33333333,,,
445_494.mp4,42.12,56,0.868363623,12,8,4,6.75,,4,8,16,,,
446_667.mp4,16.92,4,7.329000632,1,0,0,0.333333333,,0.577350269,0.333333333,0.333333333,,,
447_431.mp4,10.86666667,7,1.395333012,5,2,0,3.5,,2.516611478,2.333333333,6.333333333,,,
448_361.mp4,17.6,50,0.486387126,15,13,15,14.33333333,,1.154700538,14.33333333,1.333333333,,,
449_451.mp4,10.2,31,0.456133564,15,15,0,15,,8.660254038,10,75,,,
450_533.mp4,25.8,34,1.346849673,8,4,6,6.8,,2,6,4,,,
451_449.mp4,12.76666667,12,1.204272465,8,3,0,5.5,,4.041451884,3.666666667,16.33333333,,,
452_550.mp4,20.2,1,0,0,0,1,0.25,,0.577350269,0.333333333,0.333333333,,,
453_402.mp4,21.5,17,1.627499864,7,5,1,4,,3.055050463,4.333333333,9.333333333,,,
454_527.mp4,12.8,8,1.833853006,2,4,0,3,,2,2,4,,,
455_471.mp4,14.8,0,0,0,0,0,0,,0,0,0,,,
456_435.mp4,24.32,0,0,0,0,0,0,,0,0,0,,,
457_398.mp4,21.12,26,0.925238791,7,8,5,6.25,,1.527525232,6.666666667,2.333333333,,,
458_722.mp4,14.625,4,1.335000515,0,4,0,2,,2.309401077,1.333333333,5.333333333,,,
459_430.mp4,17.53333333,16,1.636933422,4,2,5,3.666666667,,1.527525232,3.666666667,2.333333333,,,
460_678.mp4,21.33333333,18,1.269529259,2,5,8,4.5,,3,5,9,,,
461_250.mp4,24.48,14,1.872538512,1,3,3,2.75,,1.154700538,2.333333333,1.333333333,,,
462_467.mp4,19.5,0,0,0,0,0,0,,0,0,0,,,
463_464.mp4,12.6,19,0.742500067,9,7,0,8,,4.725815626,5.333333333,22.33333333,,,
464_463.mp4,16.16,32,0.58216158,11,6,12,9.666666667,,3.214550254,9.666666667,10.33333333,,,
465_482.mp4,10.96666667,13,1.102747301,4,8,0,6,,4,4,16,,,
466_428.mp4,11.13333333,3,4.289484143,1,2,0,1.5,,1,1,1,,,
467_462.mp4,14.1,41,0.462425828,14,15,0,14.5,,8.386497084,9.666666667,70.33333333,,,
468_470.mp4,23.88,0,0,0,0,0,0,,0,0,0,,,
469_481.mp4,13.8,3,1.583381295,3,0,0,1.5,,1.732050808,1,3,,,
470_468.mp4,36.2,32,1.295055882,5,4,4,4.428571429,,0.577350269,4.333333333,0.333333333,,,
471_455.mp4,21.6,49,0.500513886,12,11,11,11.5,,0.577350269,11.33333333,0.333333333,,,
472_511.mp4,19.16,5,2.812844515,2,2,1,1.666666667,,0.577350269,1.666666667,0.333333333,,,
473_366.mp4,22.96,0,0,0,0,0,0,,0,0,0,,,
474_281.mp4,9.866666667,7,2.12900579,2,0,0,2,,1.154700538,0.666666667,1.333333333,,,
475_265.mp4,13.48,6,2.432806253,4,1,0,2.5,,2.081665999,1.666666667,4.333333333,,,
476_400.mp4,12.4,2,4.142324448,1,1,0,1,,0.577350269,0.666666667,0.333333333,,,
477_487.mp4,12.16666667,7,1.997792085,1,6,0,3.5,,3.214550254,2.333333333,10.33333333,,,
478_506.mp4,24.96666667,50,0.683046789,13,7,12,9,,3.214550254,10.66666667,10.33333333,,,
479_706.mp4,16.26666667,0,0,0,0,0,0,,0,0,0,,,
480_389.mp4,19.4,0,0,0,0,0,0,,0,0,0,,,
481_469.mp4,13.8,29,0.615763579,10,13,0,11.5,,6.806859286,7.666666667,46.33333333,,,
482_465.mp4,11.8,4,2.340672652,1,3,0,2,,1.527525232,1.333333333,2.333333333,,,
483_370.mp4,12.5,1,0,1,0,0,0.5,,0.577350269,0.333333333,0.333333333,,,
484_415.mp4,10.63333333,25,0.547766894,15,10,0,12.5,,7.637626158,8.333333333,58.33333333,,,
485_425.mp4,26.76666667,0,0,0,0,0,0,,0,0,0,,,
486_680.mp4,22.56,0,0,0,0,0,0,,0,0,0,,,
487_477.mp4,10.63333333,11,1.165461731,5,6,0,5.5,,3.214550254,3.666666667,10.33333333,,,
488_399.mp4,17.26666667,12,1.684507002,4,3,5,4,,1,4,1,,,
489_022.mp4,18.86666667,0,0,0,0,0,0,,0,0,0,,,
490_534.mp4,25.4,61,0.63435326,12,12,12,12,,0,12,0,,,
491_226.mp4,14.23333333,2,1.318192005,2,0,0,1,,1.154700538,0.666666667,1.333333333,,,
492_325.mp4,11.56666667,30,0.524111888,12,15,0,13.5,,7.937253933,9,63,,,
493_538.mp4,15.8,11,1.70096209,7,0,3,3.333333333,,3.511884584,3.333333333,12.33333333,,,
494_445.mp4,32.08,75,0.48265009,12,10,12,11.66666667,,1.154700538,11.33333333,1.333333333,,,
495_512.mp4,22.92,9,2.797306478,2,2,2,1.75,,0,2,0,,,
496_417.mp4,49.86666667,12,3.795303215,2,0,0,1.333333333,,1.154700538,0.666666667,1.333333333,,,
497_403.mp4,20.7,63,0.451183469,15,15,15,15,,0,15,0,,,
498_433.mp4,12.68,2,0.539050817,0,0,0,0,,0,0,0,,,
499_539.mp4,17.13333333,52,0.452644329,15,15,15,15,,0,15,0,,,
500_592.mp4,9.733333333,26,0.700471525,13,0,0,13,,7.505553499,4.333333333,56.33333333,,,
501_326.mp4,20.88,37,0.641083386,13,9,7,8.75,,3.055050463,9.666666667,9.333333333,,,
502_504.mp4,10.56666667,11,1.32936244,5,6,0,5.5,,3.214550254,3.666666667,10.33333333,,,
503_756.mp4,22.46666667,2,1.394271851,0,2,0,0.5,,1.154700538,0.666666667,1.333333333,,,
504_502.mp4,10.56666667,27,0.54296245,14,11,0,12.5,,7.371114796,8.333333333,54.33333333,,,
505_600.mp4,18.1,0,0,0,0,0,0,,0,0,0,,,
506_478.mp4,22.26666667,3,2.070280433,1,2,0,0.75,,1,1,1,,,
507_418.mp4,19.54166667,0,0,0,0,0,0,,0,0,0,,,
508_831.mp4,20.1,3,2.369839549,3,0,0,0.75,,1.732050808,1,3,,,
509_525.mp4,18.76666667,36,0.700303125,13,13,0,13,,7.505553499,8.666666667,56.33333333,,,
510_528.mp4,13.6,22,0.69499596,9,5,0,7,,4.509249753,4.666666667,20.33333333,,,
511_472.mp4,32.36,0,0,0,0,0,0,,0,0,0,,,
512_495.mp4,30,41,0.794295132,10,8,5,6.833333333,,2.516611478,7.666666667,6.333333333,,,
513_305.mp4,19.76,47,0.47553263,12,12,12,12,,0,12,0,,,
514_443.mp4,14.44,24,0.641799035,6,8,0,7,,4.163331999,4.666666667,17.33333333,,,
515_519.mp4,30.64,73,0.473750571,12,12,12,12,,0,12,0,,,
516_555.mp4,11.8,5,4.20389092,3,0,0,1.5,,1.732050808,1,3,,,
517_521.mp4,12.43333333,0,0,0,0,0,0,,0,0,0,,,
518_131.mp4,19.66666667,0,0,0,0,0,0,,0,0,0,,,
519_515.mp4,30.04,8,2.630510262,2,3,0,1.333333333,,1.527525232,1.666666667,2.333333333,,,
520_542.mp4,14,6,3.013232279,1,1,0,1,,0.577350269,0.666666667,0.333333333,,,
521_517.mp4,10.13333333,21,0.663577926,10,11,0,10.5,,6.08276253,7,37,,,
522_337.mp4,28.52,63,0.512459405,13,11,12,11,,1,12,1,,,
523_541.mp4,15,23,0.698327541,7,7,9,7.666666667,,1.154700538,7.666666667,1.333333333,,,
524_580.mp4,17.56666667,0,0,0,0,0,0,,0,0,0,,,
525_509.mp4,17.23333333,11,2.000587177,6,2,3,3.666666667,,2.081665999,3.666666667,4.333333333,,,
526_436.mp4,27.93333333,0,0,0,0,0,0,,0,0,0,,,
527_454.mp4,11.4,1,0,1,0,0,0.5,,0.577350269,0.333333333,0.333333333,,,
528_510.mp4,15.08,9,1.783542484,6,2,1,3,,2.645751311,3,7,,,
529_633.mp4,11.16666667,1,0,1,0,0,0.5,,0.577350269,0.333333333,0.333333333,,,
530_594.mp4,28.64,2,11.90527487,0,0,0,0.2,,0,0,0,,,
531_549.mp4,12.76,7,1.900233388,5,1,0,3,,2.645751311,2,7,,,
532_544.mp4,13.03333333,2,13.35092378,1,0,0,0.5,,0.577350269,0.333333333,0.333333333,,,
533_450.mp4,18.6,12,2.863892794,4,3,4,3.666666667,,0.577350269,3.666666667,0.333333333,,,
534_490.mp4,15.36,19,0.960073935,3,9,6,6,,3,6,9,,,
535_587.mp4,22.23333333,0,0,0,0,0,0,,0,0,0,,,
536_540.mp4,24.12,7,3.852457523,2,1,1,1.5,,0.577350269,1.333333333,0.333333333,,,
537_563.mp4,12.83333333,19,0.832588964,8,9,0,8.5,,4.932882862,5.666666667,24.33333333,,,
538_493.mp4,23.84,25,1.106789231,7,5,4,5.25,,1.527525232,5.333333333,2.333333333,,,
539_499.mp4,10.43333333,3,1.372711539,1,2,0,1.5,,1,1,1,,,
540_536.mp4,38.28,3,16.68112218,0,1,0,0.285714286,,0.577350269,0.333333333,0.333333333,,,
541_523.mp4,15.6,0,0,0,0,0,0,,0,0,0,,,
542_520.mp4,12.8,7,2.013908625,3,3,0,3,,1.732050808,2,3,,,
543_559.mp4,28.72,32,1.016188729,3,6,4,5.4,,1.527525232,4.333333333,2.333333333,,,
544_532.mp4,11.83333333,9,1.810074985,5,3,0,4,,2.516611478,2.666666667,6.333333333,,,
545_553.mp4,14.53333333,33,0.601943083,14,10,0,12,,7.211102551,8,52,,,
546_621.mp4,23.8,13,2.659430742,3,2,2,2.25,,0.577350269,2.333333333,0.333333333,,,
547_574.mp4,19.84,0,0,0,0,0,0,,0,0,0,,,
548_632.mp4,22.92,7,2.795085788,3,1,2,1.75,,1,2,1,,,
549_531.mp4,24.96,40,0.72179139,6,8,12,7.75,,3.055050463,8.666666667,9.333333333,,,
550_452.mp4,14.8,1,0,1,0,0,0.5,,0.577350269,0.333333333,0.333333333,,,
551_631.mp4,29.08,19,1.686968327,4,4,2,3.6,,1.154700538,3.333333333,1.333333333,,,
552_851.mp4,12.625,8,1.746378592,6,1,0,3.5,,3.214550254,2.333333333,10.33333333,,,
553_545.mp4,12.13333333,0,0,0,0,0,0,,0,0,0,,,
554_572.mp4,27.6,29,1.344244974,7,4,4,5.6,,1.732050808,5,3,,,
555_516.mp4,19.06666667,44,0.771019093,14,10,11,11.66666667,,2.081665999,11.66666667,4.333333333,,,
556_588.mp4,14.88,9,1.237875313,4,5,0,4.5,,2.645751311,3,7,,,
557_560.mp4,16.96666667,12,1.967768886,4,3,4,3.666666667,,0.577350269,3.666666667,0.333333333,,,
558_583.mp4,17.83333333,8,1.532265629,4,4,0,2.666666667,,2.309401077,2.666666667,5.333333333,,,
559_543.mp4,13.36,34,0.4568593,13,12,0,12.5,,7.234178138,8.333333333,52.33333333,,,
560_557.mp4,11.63333333,9,1.080061346,0,7,0,3.5,,4.041451884,2.333333333,16.33333333,,,
561_998.mp4,13.86666667,3,2.439323664,0,0,0,0,,0,0,0,,,
562_626.mp4,15.56666667,5,2.005699694,2,3,0,1.666666667,,1.527525232,1.666666667,2.333333333,,,
563_537.mp4,13,24,0.743623391,8,11,0,9.5,,5.686240703,6.333333333,32.33333333,,,
564_971.mp4,21.6,3,10.41085124,0,1,1,0.5,,0.577350269,0.666666667,0.333333333,,,
565_589.mp4,17.2,0,0,0,0,0,0,,0,0,0,,,
566_617.mp4,28.92,2,1.304065704,0,0,0,0.4,,0,0,0,,,
567_606.mp4,13.6,1,0,1,0,0,0.5,,0.577350269,0.333333333,0.333333333,,,
568_628.mp4,22.8,10,2.385344267,3,2,1,2.25,,1,2,1,,,
569_921.mp4,11.16666667,12,1.764430154,4,0,0,4,,2.309401077,1.333333333,5.333333333,,,
570_624.mp4,17.2,1,0,0,0,1,0.333333333,,0.577350269,0.333333333,0.333333333,,,
571_746.mp4,19.2,0,0,0,0,0,0,,0,0,0,,,
572_554.mp4,11.56666667,19,0.776507881,8,10,0,9,,5.291502622,6,28,,,
573_757.mp4,20.43333333,16,1.414150763,2,6,6,4,,2.309401077,4.666666667,5.333333333,,,
574_547.mp4,20.28,2,0.945208311,0,1,1,0.5,,0.577350269,0.666666667,0.333333333,,,
575_603.mp4,22.28,11,2.185394669,2,4,2,2.5,,1.154700538,2.666666667,1.333333333,,,
576_155.mp4,18.44,10,2.008522643,3,1,3,2.333333333,,1.154700538,2.333333333,1.333333333,,,
577_593.mp4,11.46666667,0,0,0,0,0,0,,0,0,0,,,
578_636.mp4,18.8,22,1.188575132,7,8,5,6.666666667,,1.527525232,6.666666667,2.333333333,,,
579_701.mp4,15.86666667,19,1.560861879,8,4,6,6,,2,6,4,,,
580_524.mp4,9.733333333,6,2.242462873,4,0,0,4,,2.309401077,1.333333333,5.333333333,,,
581_697.mp4,12.73333333,14,1.422796396,4,7,0,5.5,,3.511884584,3.666666667,12.33333333,,,
582_172.mp4,14.36666667,11,1.687803078,6,2,0,4,,3.055050463,2.666666667,9.333333333,,,
583_558.mp4,15.83333333,1,0,1,0,0,0.333333333,,0.577350269,0.333333333,0.333333333,,,
584_823.mp4,19.79166667,7,3.46293962,2,2,1,1.666666667,,0.577350269,1.666666667,0.333333333,,,
585_599.mp4,11.96666667,2,4.546708822,0,1,0,0.5,,0.577350269,0.333333333,0.333333333,,,
586_223.mp4,6.316666667,0,0,0,0,0,0,,0,0,0,,,
587_535.mp4,20.86666667,9,2.774167448,2,1,1,2.25,,0.577350269,1.333333333,0.333333333,,,
588_556.mp4,21.76,1,0,0,0,0,0.25,,0,0,0,,,
589_565.mp4,27.44,68,0.454690496,13,12,13,12.4,,0.577350269,12.66666667,0.333333333,,,
590_034.mp4,20,42,0.853416484,11,9,11,10.5,,1.154700538,10.33333333,1.333333333,,,
591_605.mp4,21.64,23,1.080818599,6,8,4,5.25,,2,6,4,,,
592_500.mp4,12.76666667,0,0,0,0,0,0,,0,0,0,,,
593_577.mp4,17.83333333,38,0.845199701,9,10,11,10,,1,10,1,,,
594_530.mp4,11.76,1,0,0,1,0,0.5,,0.577350269,0.333333333,0.333333333,,,
595_597.mp4,18.83333333,7,3.547993898,3,1,2,2,,1,2,1,,,
596_609.mp4,22.28,52,0.487203243,12,11,12,11.5,,0.577350269,11.66666667,0.333333333,,,
597_595.mp4,9.9,3,2.273388386,3,0,0,3,,1.732050808,1,3,,,
598_178.mp4,27.44,1,0,0,0,0,0,,0,0,0,,,
599_585.mp4,13.26666667,40,0.463510128,15,15,0,15,,8.660254038,10,75,,,
600_505.mp4,12.93333333,0,0,0,0,0,0,,0,0,0,,,
601_653.mp4,12.13333333,29,0.577049673,14,9,0,11.5,,7.094598885,7.666666667,50.33333333,,,
602_397.mp4,22.23333333,20,1.857225305,7,5,3,4.75,,2,5,4,,,
603_575.mp4,11.84,9,1.484587431,2,4,0,3,,2,2,4,,,
604_703.mp4,27.5,18,2.164761796,4,1,2,3,,1.527525232,2.333333333,2.333333333,,,
605_591.mp4,26.56,26,1.188798571,3,7,6,5,,2.081665999,5.333333333,4.333333333,,,
606_567.mp4,15.48,25,0.675732454,8,8,9,8.333333333,,0.577350269,8.333333333,0.333333333,,,
607_683.mp4,15.13333333,0,0,0,0,0,0,,0,0,0,,,
608_675.mp4,48.2,121,0.449992388,13,12,13,12.55555556,,0.577350269,12.66666667,0.333333333,,,
609_596.mp4,19.56,0,0,0,0,0,0,,0,0,0,,,
610_692.mp4,15.76,40,0.452286323,13,12,13,12.66666667,,0.577350269,12.66666667,0.333333333,,,
611_760.mp4,21.5,59,0.480358658,15,13,15,14.25,,1.154700538,14.33333333,1.333333333,,,
612_702.mp4,14,12,1.15413785,5,7,0,6,,3.605551275,4,13,,,
613_685.mp4,16.6,12,1.399237633,5,3,4,4,,1,4,1,,,
614_616.mp4,20.28,45,0.509480319,12,9,12,11.25,,1.732050808,11,3,,,
615_687.mp4,18.08,0,0,0,0,0,0,,0,0,0,,,
616_614.mp4,26.52,8,3.902892692,1,1,2,1.4,,0.577350269,1.333333333,0.333333333,,,
617_566.mp4,12.48,5,2.426055193,3,2,0,2.5,,1.527525232,1.666666667,2.333333333,,,
618_629.mp4,15.28,9,1.837564737,2,2,4,2.666666667,,1.154700538,2.666666667,1.333333333,,,
619_620.mp4,12.2,9,0.824451655,3,6,0,4.5,,3,3,9,,,
620_619.mp4,25.12,8,4.489950895,3,1,2,1.6,,1,2,1,,,
621_546.mp4,12.33333333,17,1.023695394,8,5,0,6.5,,4.041451884,4.333333333,16.33333333,,,
622_647.mp4,12.36666667,0,0,0,0,0,0,,0,0,0,,,
623_630.mp4,14.08,3,4.906175375,2,1,0,1.5,,1,1,1,,,
624_570.mp4,14,1,0,1,0,0,0.5,,0.577350269,0.333333333,0.333333333,,,
625_650.mp4,13.28,0,0,0,0,0,0,,0,0,0,,,
626_562.mp4,32.5,2,0.44899869,2,0,0,0.333333333,,1.154700538,0.666666667,1.333333333,,,
627_658.mp4,14.96,3,3.263241649,0,1,0,0.5,,0.577350269,0.333333333,0.333333333,,,
628_568.mp4,35.8,86,0.468577348,13,12,11,12,,1,12,1,,,
629_618.mp4,39.6,15,2.496721881,0,3,1,1.857142857,,1.527525232,1.333333333,2.333333333,,,
630_623.mp4,16.92,0,0,0,0,0,0,,0,0,0,,,
631_551.mp4,16.96,2,3.464968681,0,2,0,0.666666667,,1.154700538,0.666666667,1.333333333,,,
632_548.mp4,17.08,7,3.996784806,3,2,1,2,,1,2,1,,,
633_529.mp4,17.06666667,13,1.199063877,1,7,4,4,,3,4,9,,,
634_660.mp4,13.52,14,1.089207374,5,4,0,4.5,,2.645751311,3,7,,,
635_642.mp4,30.56,0,0,0,0,0,0,,0,0,0,,,
636_578.mp4,11.16666667,0,0,0,0,0,0,,0,0,0,,,
637_427.mp4,10.2,0,0,0,0,0,0,,0,0,0,,,
638_640.mp4,23.26666667,12,2.839296666,0,0,0,0,,0,0,0,,,
639_841.mp4,22.06666667,60,0.509918674,11,15,13,13.5,,2,13,4,,,
640_638.mp4,10.2,31,0.467803582,15,15,0,15,,8.660254038,10,75,,,
641_662.mp4,11.66666667,8,1.592435122,4,2,0,3,,2,2,4,,,
642_635.mp4,22.92,7,3.269623796,4,0,2,1.75,,2,2,4,,,
643_646.mp4,12.13333333,37,0.494405574,15,15,0,15,,8.660254038,10,75,,,
644_657.mp4,16.52,0,0,0,0,0,0,,0,0,0,,,
645_688.mp4,18.46666667,38,0.89266527,9,10,12,10.33333333,,1.527525232,10.33333333,2.333333333,,,
646_643.mp4,14.66666667,1,0,1,0,0,0.5,,0.577350269,0.333333333,0.333333333,,,
647_622.mp4,23.3,0,0,0,0,0,0,,0,0,0,,,
648_654.mp4,18.84,3,6.000159383,1,1,0,0.666666667,,0.577350269,0.666666667,0.333333333,,,
649_816.mp4,31,24,1.684190242,4,5,5,3.833333333,,0.577350269,4.666666667,0.333333333,,,
650_625.mp4,27.72,21,1.468835413,3,3,4,3.6,,0.577350269,3.333333333,0.333333333,,,
651_835.mp4,15.2,0,0,0,0,0,0,,0,0,0,,,
652_773.mp4,15.2,45,0.453818072,15,15,15,15,,0,15,0,,,
653_601.mp4,24.36666667,0,0,0,0,0,0,,0,0,0,,,
654_648.mp4,16.4,18,0.979596404,11,4,3,6,,4.358898944,6,19,,,
655_444.mp4,22.6,21,1.298554778,6,5,5,5.25,,0.577350269,5.333333333,0.333333333,,,
656_666.mp4,20.2,20,1.06846591,4,5,5,5,,0.577350269,4.666666667,0.333333333,,,
657_644.mp4,21.84,24,1.066407546,7,3,3,5,,2.309401077,4.333333333,5.333333333,,,
658_627.mp4,16.16,38,0.483893594,12,11,12,11.66666667,,0.577350269,11.66666667,0.333333333,,,
659_749.mp4,33.36666667,19,2.436165187,3,3,2,3,,0.577350269,2.666666667,0.333333333,,,
660_634.mp4,13.6,0,0,0,0,0,0,,0,0,0,,,
661_670.mp4,20.52,0,0,0,0,0,0,,0,0,0,,,
662_641.mp4,16.53333333,10,1.610792531,2,3,5,3.333333333,,1.527525232,3.333333333,2.333333333,,,
663_231.mp4,12.64,16,0.932813565,9,3,0,6,,4.582575695,4,21,,,
664_668.mp4,9.766666667,12,1.072128686,8,0,0,8,,4.618802154,2.666666667,21.33333333,,,
665_679.mp4,12.96,1,0,0,1,0,0.5,,0.577350269,0.333333333,0.333333333,,,
666_656.mp4,15.32,3,1.395607352,0,2,1,1,,1,1,1,,,
667_446.mp4,18.76,33,0.866131321,8,12,6,8.666666667,,3.055050463,8.666666667,9.333333333,,,
668_664.mp4,13.26666667,8,2.282864775,4,2,0,3,,2,2,4,,,
669_682.mp4,19.56,49,0.454623694,13,12,13,12.66666667,,0.577350269,12.66666667,0.333333333,,,
670_661.mp4,19.24,49,0.450007235,13,12,13,12.66666667,,0.577350269,12.66666667,0.333333333,,,
671_677.mp4,11.43333333,0,0,0,0,0,0,,0,0,0,,,
672_720.mp4,18.03333333,24,1.005085209,7,6,6,6.333333333,,0.577350269,6.333333333,0.333333333,,,
673_728.mp4,19.73333333,9,2.621474206,2,3,2,2.333333333,,0.577350269,2.333333333,0.333333333,,,
674_744.mp4,12.23333333,28,0.598492914,14,8,0,11,,7.023769169,7.333333333,49.33333333,,,
675_608.mp4,16.84,10,1.665524854,2,2,5,3,,1.732050808,3,3,,,
676_776.mp4,17.16666667,18,1.209243816,6,5,6,5.666666667,,0.577350269,5.666666667,0.333333333,,,
677_671.mp4,10.46666667,9,1.637380272,4,4,0,4,,2.309401077,2.666666667,5.333333333,,,
678_460.mp4,13.33333333,0,0,0,0,0,0,,0,0,0,,,
679_665.mp4,16.64,42,0.450944098,13,12,13,12.66666667,,0.577350269,12.66666667,0.333333333,,,
680_486.mp4,12,5,0.87758261,1,4,0,2.5,,2.081665999,1.666666667,4.333333333,,,
681_711.mp4,33.6,60,0.639660302,10,11,9,8.833333333,,1,10,1,,,
682_669.mp4,38.6,75,0.578431091,6,11,10,9.428571429,,2.645751311,9,7,,,
683_607.mp4,10.06666667,9,2.138960749,7,2,0,4.5,,3.605551275,3,13,,,
684_717.mp4,16.56666667,14,2.203926196,4,5,4,4.333333333,,0.577350269,4.333333333,0.333333333,,,
685_613.mp4,20.88,53,0.454612076,13,12,13,12.5,,0.577350269,12.66666667,0.333333333,,,
686_696.mp4,13.68,27,0.452843776,13,12,0,12.5,,7.234178138,8.333333333,52.33333333,,,
687_615.mp4,18.76,29,0.759615302,8,6,9,7.666666667,,1.527525232,7.666666667,2.333333333,,,
688_645.mp4,19.03333333,6,2.222025204,0,0,3,1,,1.732050808,1,3,,,
689_690.mp4,15.16666667,0,0,0,0,0,0,,0,0,0,,,
690_689.mp4,11.03333333,33,0.456410542,15,15,0,15,,8.660254038,10,75,,,
691_732.mp4,21.6,53,0.467514781,13,12,13,12.25,,0.577350269,12.66666667,0.333333333,,,
692_610.mp4,14.16,0,0,0,0,0,0,,0,0,0,,,
693_698.mp4,23.8,10,2.760059304,3,1,2,2,,1,2,1,,,
694_767.mp4,11.96,30,0.450984585,13,12,0,12.5,,7.234178138,8.333333333,52.33333333,,,
695_422.mp4,10.33333333,6,2.833948231,1,4,0,2.5,,2.081665999,1.666666667,4.333333333,,,
696_686.mp4,16.2,15,1.237709471,6,3,5,4.666666667,,1.527525232,4.666666667,2.333333333,,,
697_581.mp4,15.5,47,0.456006636,15,15,15,15,,0,15,0,,,
698_693.mp4,12.16,1,0,1,0,0,0.5,,0.577350269,0.333333333,0.333333333,,,
699_734.mp4,20.96,26,0.849702911,2,5,10,6,,4.041451884,5.666666667,16.33333333,,,
700_813.mp4,13.875,33,0.45845826,12,12,0,12,,6.92820323,8,48,,,
701_579.mp4,13.1,5,5.112430573,3,0,0,1.5,,1.732050808,1,3,,,
702_612.mp4,24.96666667,32,1.11724339,4,4,4,5.5,,0,4,0,,,
703_604.mp4,12.5,30,0.575714062,13,11,0,12,,7,8,49,,,
704_723.mp4,18,0,0,0,0,0,0,,0,0,0,,,
705_707.mp4,15.76666667,28,0.764471822,14,6,6,8.666666667,,4.618802154,8.666666667,21.33333333,,,
706_479.mp4,10.93333333,7,2.653236389,3,4,0,3.5,,2.081665999,2.333333333,4.333333333,,,
707_705.mp4,34.46666667,22,2.054746866,1,3,1,2.666666667,,1.154700538,1.666666667,1.333333333,,,
708_772.mp4,21.96,7,3.595005631,3,1,2,1.75,,1,2,1,,,
709_390.mp4,12.5,0,0,0,0,0,0,,0,0,0,,,
710_788.mp4,15.12,38,0.451523066,13,12,13,12.66666667,,0.577350269,12.66666667,0.333333333,,,
711_681.mp4,11.68,30,0.610659698,13,12,0,12.5,,7.234178138,8.333333333,52.33333333,,,
712_716.mp4,22,4,5.169363101,3,0,1,1,,1.527525232,1.333333333,2.333333333,,,
713_726.mp4,17.56666667,0,0,0,0,0,0,,0,0,0,,,
714_842.mp4,22.4,0,0,0,0,0,0,,0,0,0,,,
715_721.mp4,28.53333333,2,11.38805079,0,0,0,0.2,,0,0,0,,,
716_712.mp4,25.12,1,0,0,0,0,0.2,,0,0,0,,,
717_684.mp4,12.46666667,0,0,0,0,0,0,,0,0,0,,,
718_972.mp4,23.12,1,0,0,1,0,0.25,,0.577350269,0.333333333,0.333333333,,,
719_737.mp4,16.08,4,4.035553535,1,0,1,0.666666667,,0.577350269,0.666666667,0.333333333,,,
720_672.mp4,18.8,18,1.334269608,5,4,5,4.666666667,,0.577350269,4.666666667,0.333333333,,,
721_715.mp4,19.36666667,53,0.495342681,15,11,15,13.66666667,,2.309401077,13.66666667,5.333333333,,,
722_458.mp4,16.5,18,1.103476623,7,7,0,7,,4.041451884,4.666666667,16.33333333,,,
723_704.mp4,29.2,15,1.925306848,1,4,3,2.4,,1.527525232,2.666666667,2.333333333,,,
724_725.mp4,20,0,0,0,0,0,0,,0,0,0,,,
725_724.mp4,23.3,12,1.800155228,4,6,1,3,,2.516611478,3.666666667,6.333333333,,,
726_713.mp4,13.66666667,7,3.283645908,2,4,0,3,,2,2,4,,,
727_729.mp4,22.16,20,1.299025987,8,3,4,4.25,,2.645751311,5,7,,,
728_673.mp4,18.93333333,9,2.396868587,2,2,4,2.666666667,,1.154700538,2.666666667,1.333333333,,,
729_727.mp4,25.44,64,0.450777326,13,12,13,12.6,,0.577350269,12.66666667,0.333333333,,,
730_815.mp4,28.76,39,0.819210699,4,7,7,6.6,,1.732050808,6,3,,,
731_741.mp4,31.12,0,0,0,0,0,0,,0,0,0,,,
732_691.mp4,17.04,18,1.093476239,4,7,5,5.333333333,,1.527525232,5.333333333,2.333333333,,,
733_935.mp4,20.72,0,0,0,0,0,0,,0,0,0,,,
734_699.mp4,43.92,24,1.906298212,2,2,3,2.625,,0.577350269,2.333333333,0.333333333,,,
735_774.mp4,26.73333333,0,0,0,0,0,0,,0,0,0,,,
736_785.mp4,16.56,2,0.449177504,0,1,1,0.666666667,,0.577350269,0.666666667,0.333333333,,,
737_719.mp4,14.76,0,0,0,0,0,0,,0,0,0,,,
738_804.mp4,13.9,27,0.713294075,10,11,0,10.5,,6.08276253,7,37,,,
739_865.mp4,6.08,22,0.647628307,16,0,0,16,,9.237604307,5.333333333,85.33333333,,,
740_796.mp4,14.5,3,1.410309911,3,0,0,1.5,,1.732050808,1,3,,,
741_731.mp4,14.8,32,0.536644666,12,10,0,11,,6.429100507,7.333333333,41.33333333,,,
742_775.mp4,20.76666667,0,0,0,0,0,0,,0,0,0,,,
743_750.mp4,10.36666667,14,0.838176947,5,9,0,7,,4.509249753,4.666666667,20.33333333,,,
744_674.mp4,9.8,10,1.425289869,7,0,0,7,,4.041451884,2.333333333,16.33333333,,,
745_777.mp4,18.96666667,8,1.787654706,0,2,3,1.666666667,,1.527525232,1.666666667,2.333333333,,,
746_571.mp4,16.43333333,24,0.958876371,7,4,10,7,,3,7,9,,,
747_854.mp4,18.8,0,0,0,0,0,0,,0,0,0,,,
748_355.mp4,10.6,0,0,0,0,0,0,,0,0,0,,,
749_659.mp4,23.1,8,3.197676625,0,2,3,1.75,,1.527525232,1.666666667,2.333333333,,,
750_743.mp4,14.7,3,8.582160354,0,2,0,1,,1.154700538,0.666666667,1.333333333,,,
751_752.mp4,11.03333333,3,1.710124612,0,3,0,1.5,,1.732050808,1,3,,,
752_751.mp4,33.86666667,57,0.812886408,13,9,7,9,,3.055050463,9.666666667,9.333333333,,,
753_789.mp4,22.86666667,11,1.734216428,5,5,1,2.75,,2.309401077,3.666666667,5.333333333,,,
754_758.mp4,13.36666667,1,0,1,0,0,0.5,,0.577350269,0.333333333,0.333333333,,,
755_759.mp4,11.2,1,0,0,1,0,0.5,,0.577350269,0.333333333,0.333333333,,,
756_503.mp4,19,2,18.18619847,1,0,1,0.666666667,,0.577350269,0.666666667,0.333333333,,,
757_573.mp4,14.7,2,5.265479565,0,1,0,0.5,,0.577350269,0.333333333,0.333333333,,,
758_754.mp4,13.03333333,4,4.531536341,2,1,0,1.5,,1,1,1,,,
759_755.mp4,14.46666667,0,0,0,0,0,0,,0,0,0,,,
760_611.mp4,10.2,5,1.958635449,4,1,0,2.5,,2.081665999,1.666666667,4.333333333,,,
761_766.mp4,13.72,1,0,1,0,0,0.5,,0.577350269,0.333333333,0.333333333,,,
762_832.mp4,16.64,39,0.484127779,12,12,11,11.66666667,,0.577350269,11.66666667,0.333333333,,,
763_930.mp4,27.06666667,0,0,0,0,0,0,,0,0,0,,,
764_850.mp4,12.3,20,0.886018929,6,10,0,8,,5.033222957,5.333333333,25.33333333,,,
765_867.mp4,12.93333333,3,3.466295838,0,2,0,1,,1.154700538,0.666666667,1.333333333,,,
766_761.mp4,34.4,16,1.362517548,1,4,2,2.666666667,,1.527525232,2.333333333,2.333333333,,,
767_694.mp4,16.28,0,0,0,0,0,0,,0,0,0,,,
768_793.mp4,13.2,4,2.806253672,3,1,0,2,,1.527525232,1.333333333,2.333333333,,,
769_784.mp4,16.13333333,48,0.457605453,15,15,15,15,,0,15,0,,,
770_791.mp4,21.76666667,0,0,0,0,0,0,,0,0,0,,,
771_849.mp4,25.36,31,0.86172847,8,6,4,6.2,,2,6,4,,,
772_708.mp4,13.64,7,2.32988584,3,2,0,2.5,,1.527525232,1.666666667,2.333333333,,,
773_652.mp4,19.3,34,0.747067863,10,10,5,8.333333333,,2.886751346,8.333333333,8.333333333,,,
774_735.mp4,10.43333333,26,0.506003218,13,13,0,13,,7.505553499,8.666666667,56.33333333,,,
775_742.mp4,18.63333333,9,2.346954286,2,3,2,2.333333333,,0.577350269,2.333333333,0.333333333,,,
776_676.mp4,11.03333333,0,0,0,0,0,0,,0,0,0,,,
777_745.mp4,10.83333333,2,4.768059015,1,1,0,1,,0.577350269,0.666666667,0.333333333,,,
778_798.mp4,10.93333333,1,0,0,1,0,0.5,,0.577350269,0.333333333,0.333333333,,,
779_794.mp4,12.24,22,0.621441387,12,7,0,9.5,,6.027713773,6.333333333,36.33333333,,,
780_869.mp4,16.08,4,3.236758153,1,2,1,1.333333333,,0.577350269,1.333333333,0.333333333,,,
781_806.mp4,19,2,17.96381092,1,0,0,0.333333333,,0.577350269,0.333333333,0.333333333,,,
782_787.mp4,22.24,21,1.208709502,4,7,2,4,,2.516611478,4.333333333,6.333333333,,,
783_916.mp4,13.43333333,2,0.496970415,0,2,0,1,,1.154700538,0.666666667,1.333333333,,,
784_769.mp4,18.56666667,0,0,0,0,0,0,,0,0,0,,,
785_736.mp4,16.52,19,0.770133972,6,5,8,6.333333333,,1.527525232,6.333333333,2.333333333,,,
786_819.mp4,20.8,1,0,0,1,0,0.25,,0.577350269,0.333333333,0.333333333,,,
787_782.mp4,20.08,1,0,0,0,0,0,,0,0,0,,,
788_710.mp4,21.36,0,0,0,0,0,0,,0,0,0,,,
789_753.mp4,18.9,20,1.76382307,5,8,4,5.666666667,,2.081665999,5.666666667,4.333333333,,,
790_014.mp4,23,21,0.787755573,0,10,6,5.333333333,,5.033222957,5.333333333,25.33333333,,,
791_770.mp4,11.1,14,1.045702879,9,3,0,6,,4.582575695,4,21,,,
792_903.mp4,15.32,0,0,0,0,0,0,,0,0,0,,,
793_768.mp4,23.6,44,0.610607164,11,10,5,8.75,,3.214550254,8.666666667,10.33333333,,,
794_779.mp4,35.16,2,2.520283699,0,1,1,0.285714286,,0.577350269,0.666666667,0.333333333,,,
795_907.mp4,18.33333333,9,2.931913108,3,4,1,2.666666667,,1.527525232,2.666666667,2.333333333,,,
796_740.mp4,41.70833333,17,1.879275203,4,5,2,2.125,,1.527525232,3.666666667,2.333333333,,,
797_844.mp4,14.46666667,26,0.77139122,8,6,0,7,,4.163331999,4.666666667,17.33333333,,,
798_778.mp4,12.36666667,26,0.729245176,13,11,0,12,,7,8,49,,,
799_809.mp4,49.08,22,2.442344291,1,0,3,2.333333333,,1.527525232,1.333333333,2.333333333,,,
800_840.mp4,11.26666667,24,0.657546645,9,12,0,10.5,,6.244997998,7,39,,,
801_855.mp4,17.76,1,0,0,0,1,0.333333333,,0.577350269,0.333333333,0.333333333,,,
802_885.mp4,14.04,0,0,0,0,0,0,,0,0,0,,,
803_017.mp4,9.9,29,0.472872325,15,0,0,15,,8.660254038,5,75,,,
804_738.mp4,11.96666667,0,0,0,0,0,0,,0,0,0,,,
805_011.mp4,17.125,6,3.088430119,2,2,2,2,,0,2,0,,,
806_781.mp4,12.04,0,0,0,0,0,0,,0,0,0,,,
807_273.mp4,21.66666667,7,6.052163641,2,0,3,1.5,,1.527525232,1.666666667,2.333333333,,,
808_829.mp4,21.23333333,0,0,0,0,0,0,,0,0,0,,,
809_799.mp4,14.68,0,0,0,0,0,0,,0,0,0,,,
810_838.mp4,35.06666667,0,0,0,0,0,0,,0,0,0,,,
811_920.mp4,21.68,8,3.366113901,1,1,2,1.5,,0.577350269,1.333333333,0.333333333,,,
812_821.mp4,14.43333333,6,0.891237688,0,6,0,3,,3.464101615,2,12,,,
813_700.mp4,15,9,1.716990262,3,5,1,3,,2,3,4,,,
814_871.mp4,18.33333333,19,1.17417713,2,4,9,5,,3.605551275,5,13,,,
815_730.mp4,18.08,35,0.569406748,9,11,9,9.666666667,,1.154700538,9.666666667,1.333333333,,,
816_649.mp4,13.7,4,2.505518595,0,3,0,1.5,,1.732050808,1,3,,,
817_827.mp4,13.96666667,9,2.188189268,3,3,0,3,,1.732050808,2,3,,,
818_820.mp4,18.64,43,0.4847493,12,11,12,11.66666667,,0.577350269,11.66666667,0.333333333,,,
819_786.mp4,37.08,15,3.114844935,2,2,3,2.142857143,,0.577350269,2.333333333,0.333333333,,,
820_818.mp4,26.6,33,0.905093968,9,8,4,6.2,,2.645751311,7,7,,,
821_812.mp4,14.1,8,1.066411427,6,2,0,4,,3.055050463,2.666666667,9.333333333,,,
822_244.mp4,11.88,1,0,1,0,0,0.5,,0.577350269,0.333333333,0.333333333,,,
823_584.mp4,28,53,0.568990134,10,7,9,9.4,,1.527525232,8.666666667,2.333333333,,,
824_419.mp4,9.616666667,13,1.671032627,0,0,0,0,,0,0,0,,,
825_074.mp4,21.88,7,3.406898061,2,2,1,1.75,,0.577350269,1.666666667,0.333333333,,,
826_833.mp4,14.2,18,0.925003038,7,8,0,7.5,,4.358898944,5,19,,,
827_817.mp4,10.36666667,1,0,0,0,0,0,,0,0,0,,,
828_830.mp4,12.76,6,2.367005539,4,1,0,2.5,,2.081665999,1.666666667,4.333333333,,,
829_808.mp4,26.7,76,0.487893314,14,15,13,14.2,,1,14,1,,,
830_828.mp4,20.44,6,3.896200609,2,1,2,1.5,,0.577350269,1.666666667,0.333333333,,,
831_508.mp4,10.9,0,0,0,0,0,0,,0,0,0,,,
832_762.mp4,22.12,24,1.052826062,6,3,8,5.25,,2.516611478,5.666666667,6.333333333,,,
833_826.mp4,24,60,0.60462767,13,12,13,12.5,,0.577350269,12.66666667,0.333333333,,,
834_852.mp4,12.12,29,0.484928506,11,12,0,11.5,,6.658328118,7.666666667,44.33333333,,,
835_651.mp4,17.04,9,2.000503868,1,2,4,2.333333333,,1.527525232,2.333333333,2.333333333,,,
836_950.mp4,11.43333333,11,1.476600289,4,5,0,4.5,,2.645751311,3,7,,,
837_890.mp4,14.76666667,33,0.621562473,13,10,0,11.5,,6.806859286,7.666666667,46.33333333,,,
838_810.mp4,15.23333333,46,0.457622205,15,15,15,15,,0,15,0,,,
839_864.mp4,15.4,0,0,0,0,0,0,,0,0,0,,,
840_800.mp4,28,13,2.973749836,3,3,2,2.2,,0.577350269,2.666666667,0.333333333,,,
841_639.mp4,17.3,0,0,0,0,0,0,,0,0,0,,,
842_714.mp4,17.88,37,0.534999695,8,11,12,10.33333333,,2.081665999,10.33333333,4.333333333,,,
843_859.mp4,10.6,11,1.271900201,6,4,0,5,,3.055050463,3.333333333,9.333333333,,,
844_797.mp4,28.4,83,0.466134141,14,15,15,14.6,,0.577350269,14.66666667,0.333333333,,,
845_846.mp4,14.24,27,0.606883599,10,10,0,10,,5.773502692,6.666666667,33.33333333,,,
846_845.mp4,14.12,9,1.434375226,2,3,0,2.5,,1.527525232,1.666666667,2.333333333,,,
847_906.mp4,10.03333333,7,2.07700026,4,3,0,3.5,,2.081665999,2.333333333,4.333333333,,,
848_894.mp4,14.4,36,0.609056241,13,12,0,12.5,,7.234178138,8.333333333,52.33333333,,,
849_771.mp4,12.88,0,0,0,0,0,0,,0,0,0,,,
850_764.mp4,20.4,1,0,1,0,0,0.25,,0.577350269,0.333333333,0.333333333,,,
851_552.mp4,34.70833333,3,6.307500005,0,0,1,0.5,,0.577350269,0.333333333,0.333333333,,,
852_834.mp4,17.08,43,0.450023038,13,12,13,12.66666667,,0.577350269,12.66666667,0.333333333,,,
853_863.mp4,20.53333333,62,0.451409367,15,15,15,15,,0,15,0,,,
854_747.mp4,11.76,30,0.452205872,13,12,0,12.5,,7.234178138,8.333333333,52.33333333,,,
855_801.mp4,25.2,4,2.416010618,2,2,0,0.8,,1.154700538,1.333333333,1.333333333,,,
856_881.mp4,36.76666667,9,6.089371264,1,3,1,1.142857143,,1.154700538,1.666666667,1.333333333,,,
857_909.mp4,21.33333333,46,0.632755735,6,10,13,10.5,,3.511884584,9.666666667,12.33333333,,,
858_861.mp4,19.32,24,0.852956471,10,6,4,6.666666667,,3.055050463,6.666666667,9.333333333,,,
859_843.mp4,11.1,3,6.615999103,2,0,0,1,,1.154700538,0.666666667,1.333333333,,,
860_905.mp4,15.3,0,0,0,0,0,0,,0,0,0,,,
861_858.mp4,23.76,6,2.033393621,1,4,1,1.5,,1.732050808,2,3,,,
862_047.mp4,15.66666667,2,18.13299918,1,0,0,0.5,,0.577350269,0.333333333,0.333333333,,,
863_853.mp4,17.1,9,2.351500064,1,5,3,3,,2,3,4,,,
864_839.mp4,13.04,4,2.9229997,2,2,0,2,,1.154700538,1.333333333,1.333333333,,,
865_739.mp4,5.783333333,0,0,0,0,0,0,,0,0,0,,,
866_878.mp4,16.96666667,24,1.224846011,5,6,7,6,,1,6,1,,,
867_765.mp4,49.63333333,27,2.492538654,3,3,3,2.666666667,,0,3,0,,,
868_949.mp4,14.36666667,2,11.9743855,1,0,0,0.5,,0.577350269,0.333333333,0.333333333,,,
869_780.mp4,13.32,0,0,0,0,0,0,,0,0,0,,,
870_001.mp4,24.16,15,1.937323519,2,4,3,3,,1,3,1,,,
871_814.mp4,11.6,35,0.452830238,15,15,0,15,,8.660254038,10,75,,,
872_873.mp4,18.96,22,0.958267291,8,5,5,6,,1.732050808,6,3,,,
873_872.mp4,35.36,0,0,0,0,0,0,,0,0,0,,,
874_291.mp4,15.63333333,28,0.975787074,8,7,12,9,,2.645751311,9,7,,,
875_979.mp4,14.06666667,7,2.911479831,4,2,0,3,,2,2,4,,,
876_891.mp4,10.43333333,28,0.509489987,13,14,0,13.5,,7.810249676,9,61,,,
877_886.mp4,22.8,57,0.452401991,13,12,13,12.5,,0.577350269,12.66666667,0.333333333,,,
878_866.mp4,24.53333333,74,0.450882441,15,15,15,15,,0,15,0,,,
879_963.mp4,27.96666667,20,1.077973077,0,0,7,3.6,,4.041451884,2.333333333,16.33333333,,,
880_135.mp4,18.125,0,0,0,0,0,0,,0,0,0,,,
881_856.mp4,21.26666667,64,0.45169257,15,15,15,15,,0,15,0,,,
882_952.mp4,11.1,7,3.270815531,2,3,0,2.5,,1.527525232,1.666666667,2.333333333,,,
883_013.mp4,17.32,28,0.710375185,6,6,10,7.333333333,,2.309401077,7.333333333,5.333333333,,,
884_968.mp4,13.72,35,0.450263921,13,12,0,12.5,,7.234178138,8.333333333,52.33333333,,,
885_802.mp4,13.16,2,7.247503281,0,1,0,0.5,,0.577350269,0.333333333,0.333333333,,,
886_877.mp4,21,0,0,0,0,0,0,,0,0,0,,,
887_275.mp4,13.56,0,0,0,0,0,0,,0,0,0,,,
888_937.mp4,12.28,31,0.450160527,13,12,0,12.5,,7.234178138,8.333333333,52.33333333,,,
889_045.mp4,13.16,1,0,0,0,0,0,,0,0,0,,,
890_837.mp4,11.36666667,0,0,0,0,0,0,,0,0,0,,,
891_876.mp4,9.866666667,30,0.450447313,15,0,0,15,,8.660254038,5,75,,,
892_112.mp4,10.36666667,19,0.95999478,8,10,0,9,,5.291502622,6,28,,,
893_913.mp4,17.9,7,3.570500056,3,0,3,2,,1.732050808,2,3,,,
894_848.mp4,13.12,12,1.478363622,6,0,0,6,,3.464101615,2,12,,,
895_915.mp4,11.76,0,0,0,0,0,0,,0,0,0,,,
896_128.mp4,21.24,16,1.539000018,2,5,2,3.5,,1.732050808,3,3,,,
897_969.mp4,13.32,1,0,1,0,0,0.5,,0.577350269,0.333333333,0.333333333,,,
898_922.mp4,13.96,5,2.957999587,3,1,0,2,,1.527525232,1.333333333,2.333333333,,,
899_914.mp4,18.66666667,45,0.543090923,11,13,12,12,,1,12,1,,,
900_926.mp4,13.64,4,1.095333099,4,0,0,2,,2.309401077,1.333333333,5.333333333,,,
901_902.mp4,17.43333333,46,0.515422217,11,13,15,13,,2,13,4,,,
902_901.mp4,9.833333333,2,9.539999723,1,0,0,1,,0.577350269,0.333333333,0.333333333,,,
903_792.mp4,22.68,12,1.538272836,3,3,4,3,,0.577350269,3.333333333,0.333333333,,,
904_046.mp4,11.96666667,6,3.403200531,2,3,0,2.5,,1.527525232,1.666666667,2.333333333,,,
905_860.mp4,12.73333333,5,1.529999971,0,2,0,1,,1.154700538,0.666666667,1.333333333,,,
906_847.mp4,12.96666667,38,0.621756753,14,15,0,14.5,,8.386497084,9.666666667,70.33333333,,,
907_795.mp4,17.5,1,0,1,0,0,0.333333333,,0.577350269,0.333333333,0.333333333,,,
908_207.mp4,27.79166667,14,2.527843934,5,2,3,2.8,,1.527525232,3.333333333,2.333333333,,,
909_857.mp4,21.23333333,0,0,0,0,0,0,,0,0,0,,,
910_911.mp4,9.733333333,0,0,0,0,0,0,,0,0,0,,,
911_910.mp4,10.96666667,30,0.507586208,14,13,0,13.5,,7.810249676,9,61,,,
912_927.mp4,25.88,0,0,0,0,0,0,,0,0,0,,,
913_893.mp4,21.13333333,37,0.598861092,11,15,8,9.25,,3.511884584,11.33333333,12.33333333,,,
914_899.mp4,10.23333333,22,0.640857129,9,12,0,10.5,,6.244997998,7,39,,,
915_895.mp4,14.08,10,1.515222205,3,4,0,3.5,,2.081665999,2.333333333,4.333333333,,,
916_783.mp4,16.13333333,2,0.455999851,2,0,0,0.666666667,,1.154700538,0.666666667,1.333333333,,,
917_924.mp4,17.92,0,0,0,0,0,0,,0,0,0,,,
918_934.mp4,18.88,7,2.865000327,2,0,4,2,,2,2,4,,,
919_015.mp4,17.8,2,8.548993826,1,1,0,0.666666667,,0.577350269,0.666666667,0.333333333,,,
920_811.mp4,14.84,19,0.948388855,7,8,0,7.5,,4.358898944,5,19,,,
921_569.mp4,9.866666667,0,0,0,0,0,0,,0,0,0,,,
922_898.mp4,24.64,7,4.267502507,3,0,1,1.25,,1.527525232,1.333333333,2.333333333,,,
923_023.mp4,24.08,0,0,0,0,0,0,,0,0,0,,,
924_917.mp4,49.92,8,6.932428973,1,0,1,0.888888889,,0.577350269,0.666666667,0.333333333,,,
925_933.mp4,11.86666667,0,0,0,0,0,0,,0,0,0,,,
926_900.mp4,13.32,1,0,1,0,0,0.5,,0.577350269,0.333333333,0.333333333,,,
927_912.mp4,27.88,38,0.806377585,9,6,8,7.4,,1.527525232,7.666666667,2.333333333,,,
928_160.mp4,12.53333333,3,5.396996856,1,0,0,0.5,,0.577350269,0.333333333,0.333333333,,,
929_962.mp4,15.4,0,0,0,0,0,0,,0,0,0,,,
930_763.mp4,14.93333333,45,0.449886398,15,15,0,15,,8.660254038,10,75,,,
931_936.mp4,12.76,2,2.070997,2,0,0,1,,1.154700538,0.666666667,1.333333333,,,
932_384.mp4,19.36,26,0.866278753,7,8,6,7,,1,7,1,,,
933_925.mp4,16.46666667,24,0.752130508,8,10,6,8,,2,8,4,,,
934_918.mp4,15.08,0,0,0,0,0,0,,0,0,0,,,
935_733.mp4,21.6,4,7.900666873,1,1,1,0.75,,0,1,0,,,
936_931.mp4,11.88,7,1.635333419,3,4,0,3.5,,2.081665999,2.333333333,4.333333333,,,
937_888.mp4,18.2,0,0,0,0,0,0,,0,0,0,,,
938_987.mp4,14.76,0,0,0,0,0,0,,0,0,0,,,
939_115.mp4,17.03333333,26,0.86575881,6,8,9,7.666666667,,1.527525232,7.666666667,2.333333333,,,
940_941.mp4,12.36,7,2.137333234,2,3,0,2.5,,1.527525232,1.666666667,2.333333333,,,
941_940.mp4,19.76,33,0.686218753,10,6,8,8,,2,8,4,,,
942_943.mp4,19.8,29,0.788108059,10,6,8,8,,2,8,4,,,
943_942.mp4,18.8,0,0,0,0,0,0,,0,0,0,,,
944_032.mp4,11.4,5,0.44925642,5,0,0,2.5,,2.886751346,1.666666667,8.333333333,,,
945_044.mp4,25.36666667,20,1.759578692,6,3,3,3.8,,1.732050808,4,3,,,
946_049.mp4,15.4,25,0.870208532,9,9,5,7.666666667,,2.309401077,7.666666667,5.333333333,,,
947_951.mp4,21.36666667,39,0.735315812,12,9,9,9.25,,1.732050808,10,3,,,
948_965.mp4,14.46666667,2,18.44600034,1,0,0,0.5,,0.577350269,0.333333333,0.333333333,,,
949_868.mp4,22.86666667,0,0,0,0,0,0,,0,0,0,,,
950_836.mp4,25.43333333,51,0.873299975,10,7,13,10.2,,3,10,9,,,
951_947.mp4,39.2,2,31.69597125,1,0,0,0.285714286,,0.577350269,0.333333333,0.333333333,,,
952_882.mp4,23.33333333,0,0,0,0,0,0,,0,0,0,,,
953_974.mp4,14.04,33,0.486562543,12,12,0,12,,6.92820323,8,48,,,
954_976.mp4,15.04,5,3.217498183,1,1,3,1.666666667,,1.154700538,1.666666667,1.333333333,,,
955_078.mp4,21.24,10,2.384777546,2,4,1,2.5,,1.527525232,2.333333333,2.333333333,,,
956_958.mp4,21.68,18,1.408235634,8,1,1,3.5,,4.041451884,3.333333333,16.33333333,,,
957_959.mp4,13.93333333,20,1.307052675,8,3,0,5.5,,4.041451884,3.666666667,16.33333333,,,
958_956.mp4,15.68,3,8.505015016,1,1,0,0.666666667,,0.577350269,0.666666667,0.333333333,,,
959_957.mp4,16.06666667,21,1.421099973,7,6,7,6.666666667,,0.577350269,6.666666667,0.333333333,,,
960_999.mp4,11.5,35,0.450617643,15,15,0,15,,8.660254038,10,75,,,
961_069.mp4,10.76666667,6,1.070600557,6,0,0,3,,3.464101615,2,12,,,
962_929.mp4,15.33333333,8,2.160285813,3,4,1,2.666666667,,1.527525232,2.666666667,2.333333333,,,
963_879.mp4,23.06666667,69,0.451941147,15,15,15,15,,0,15,0,,,
964_174.mp4,7.516666667,0,0,0,0,0,0,,0,0,0,,,
965_948.mp4,11.6,4,5.272000074,2,1,0,1.5,,1,1,1,,,
966_988.mp4,14.56,0,0,0,0,0,0,,0,0,0,,,
967_984.mp4,16.48,11,1.69200294,3,3,4,3.333333333,,0.577350269,3.333333333,0.333333333,,,
968_884.mp4,12,10,0.720107953,8,2,0,5,,4.163331999,3.333333333,17.33333333,,,
969_897.mp4,14.24,1,0,1,0,0,0.5,,0.577350269,0.333333333,0.333333333,,,
970_973.mp4,19.04,1,0,1,0,0,0.333333333,,0.577350269,0.333333333,0.333333333,,,
971_564.mp4,11.8,31,0.693699876,15,13,0,14,,8.144527815,9.333333333,66.33333333,,,
972_718.mp4,12.44,1,0,0,1,0,0.5,,0.577350269,0.333333333,0.333333333,,,
973_970.mp4,21.32,22,1.112380845,5,5,3,5,,1.154700538,4.333333333,1.333333333,,,
974_953.mp4,12.72,32,0.451064471,13,12,0,12.5,,7.234178138,8.333333333,52.33333333,,,
975_978.mp4,10.13333333,0,0,0,0,0,0,,0,0,0,,,
976_954.mp4,13.12,0,0,0,0,0,0,,0,0,0,,,
977_075.mp4,21.7,5,5.175007582,2,2,0,1.25,,1.154700538,1.333333333,1.333333333,,,
978_975.mp4,25.23333333,30,1.102310345,7,6,5,6,,1,6,1,,,
979_875.mp4,11.16666667,5,3.308250189,1,3,0,2,,1.527525232,1.333333333,2.333333333,,,
980_992.mp4,15.32,0,0,0,0,0,0,,0,0,0,,,
981_985.mp4,14.88,21,0.785199964,5,8,0,6.5,,4.041451884,4.333333333,16.33333333,,,
982_004.mp4,33.8,19,1.99938884,2,3,4,2.833333333,,1,3,1,,,
983_113.mp4,16.24,14,1.332540695,5,5,2,4,,1.732050808,4,3,,,
984_967.mp4,13.56,0,0,0,0,0,0,,0,0,0,,,
985_981.mp4,13.72,5,2.610250115,3,2,0,2.5,,1.527525232,1.666666667,2.333333333,,,
986_994.mp4,33.12,23,1.536727255,3,5,2,3,,1.527525232,3.333333333,2.333333333,,,
987_938.mp4,23,58,0.449842064,13,12,13,12.5,,0.577350269,12.66666667,0.333333333,,,
988_966.mp4,18.2,46,0.449977748,13,12,13,12.66666667,,0.577350269,12.66666667,0.333333333,,,
989_993.mp4,38.4,27,1.654384631,3,1,4,3,,1.527525232,2.666666667,2.333333333,,,
990_008.mp4,12.2,6,1.647000217,4,2,0,3,,2,2,4,,,
991_064.mp4,16.08,9,2.008000344,3,3,3,3,,0,3,0,,,
992_980.mp4,28.72,3,3.0600003,0,2,1,0.6,,1,1,1,,,
993_989.mp4,16.36,7,2.655000011,3,3,1,2.333333333,,1.154700538,2.333333333,1.333333333,,,
994_986.mp4,12.64,7,1.934833328,3,3,0,3,,1.732050808,2,3,,,
995_233.mp4,18.26666667,8,0.764857497,0,3,5,2.666666667,,2.516611478,2.666666667,6.333333333,,,
996_056.mp4,12.48,32,0.449935398,13,12,0,12.5,,7.234178138,8.333333333,52.33333333,,,
997_040.mp4,17.52,3,0.517499804,1,2,0,1,,1,1,1,,,
998_561.mp4,11.46666667,10,1.571444485,5,4,0,4.5,,2.645751311,3,7,,,
999_960.mp4,11.16666667,6,1.574600172,2,4,0,3,,2,2,4,,,
