Video_ID,Video_Time,Blink_count,Ave_count,1st(5 sec),2st(5 sec),3st(5 sec),Avg Time varibale(5 sec),,,,,母體1-3(5 sec) 標準差,
000_003.mp4,12.12,8,1.729279859,3,4,0,3.5,,4.333333333,,,4.141779958,
001_870.mp4,24.16,6,2.970139551,0,2,1,1.5,,1,,,,
002_006.mp4,10.33333333,18,0.794373456,9,8,0,8.5,,24.33333333,,,,樣本1-3(5 sec)變異數
003_000.mp4,15.84,34,0.527917371,11,9,12,10.66666667,,2.333333333,,,,17.16006124
004_982.mp4,33.8,22,1.507442508,1,6,4,3,,6.333333333,,,,
005_010.mp4,18.96,3,0.991000295,0,3,0,1,,3,,,,樣本1-3(5 sec)平均數
006_002.mp4,23.1,1,0,0,0,0,0.25,,0,,,,3.307666667
007_132.mp4,16.52,10,1.867152241,2,4,4,3.333333333,,1.333333333,,,,
008_990.mp4,12.2,0,0,0,0,0,0,,0,,,,
009_027.mp4,10.5,5,2.431144536,2,3,0,2.5,,2.333333333,,,,
010_005.mp4,15.4,8,2.437003919,2,1,4,2.333333333,,2.333333333,,,,
011_805.mp4,17.125,14,1.38488102,2,1,6,3,,7,,,,
012_026.mp4,12.88,2,9.408030987,1,0,0,0.5,,0.333333333,,,,
013_883.mp4,17.32,0,0,0,0,0,0,,0,,,,
014_790.mp4,23,33,0.945210099,4,7,10,7.25,,9,,,,
015_919.mp4,17.8,17,1.3885068,10,5,1,5.333333333,,20.33333333,,,,
016_209.mp4,11.23333333,2,4.770347595,0,2,0,1,,1.333333333,,,,
017_803.mp4,11.88,2,0.454152584,0,2,0,1,,1.333333333,,,,
018_019.mp4,46.16666667,7,6.682671984,0,1,1,0.777777778,,0.333333333,,,,
019_018.mp4,14.4,4,2.225666285,2,2,0,2,,1.333333333,,,,
020_344.mp4,25.24,62,0.455450687,11,13,12,12.2,,1,,,,
021_312.mp4,14.26666667,22,0.826804377,8,10,0,9,,28,,,,
022_489.mp4,18.86666667,1,0,0,0,1,0.333333333,,0.333333333,,,,
023_923.mp4,24.08,0,0,0,0,0,0,,0,,,,
024_073.mp4,28.12,8,3.911025013,1,1,3,1.4,,1.333333333,,,,
025_067.mp4,17.93333333,0,0,0,0,0,0,,0,,,,
026_012.mp4,14.52,23,0.734181729,10,5,0,7.5,,25,,,,
027_009.mp4,19.6,10,2.500621292,1,3,4,2.666666667,,2.333333333,,,,
028_068.mp4,13.36666667,0,0,0,0,0,0,,0,,,,
029_048.mp4,19.4,0,0,0,0,0,0,,0,,,,
030_193.mp4,12.4,7,2.183601856,1,4,0,2.5,,4.333333333,,,,
031_163.mp4,10.13333333,18,0.784866319,7,10,0,8.5,,26.33333333,,,,
032_944.mp4,11.4,13,0.982707699,5,6,0,5.5,,10.33333333,,,,
033_097.mp4,19.12,23,0.691290682,10,7,0,8.5,,26.33333333,,,,
034_590.mp4,20,29,0.917901312,11,8,3,7.25,,16.33333333,,,,
035_036.mp4,13.48,0,0,0,0,0,0,,0,,,,
036_035.mp4,16.92,2,2.385396719,2,0,0,0.666666667,,1.333333333,,,,
037_072.mp4,12.44,1,0,1,0,0,0.5,,0.333333333,,,,
038_125.mp4,16.66666667,2,11.46699119,0,1,1,0.666666667,,0.333333333,,,,
039_058.mp4,22.3,10,3.311320278,5,1,2,2.25,,4.333333333,,,,
040_997.mp4,17.52,3,0.720014572,2,1,0,1,,1,,,,
041_063.mp4,37.2,31,1.294683663,5,1,4,4.142857143,,4.333333333,,,,
042_084.mp4,15.625,18,0.87575754,8,6,4,6,,4,,,,
043_110.mp4,18.83333333,31,0.84864401,8,6,10,8,,4,,,,
044_945.mp4,25.36666667,33,1.044739373,7,5,4,6.4,,2.333333333,,,,
045_889.mp4,13.16,1,0,0,0,0,0,,0,,,,
046_904.mp4,11.96666667,0,0,0,0,0,0,,0,,,,
047_862.mp4,15.66666667,14,1.596405359,1,5,7,4.333333333,,9.333333333,,,,
048_029.mp4,16.64,3,4.739265561,1,2,0,1,,1,,,,
049_946.mp4,15.4,8,2.780205352,1,2,4,2.333333333,,2.333333333,,,,
050_059.mp4,28.84,16,2.088595899,2,1,4,2.8,,2.333333333,,,,
051_332.mp4,27.8,32,0.980272216,7,5,4,5.6,,2.333333333,,,,
052_108.mp4,10,1,0,0,1,0,0.5,,0.333333333,,,,
053_095.mp4,40.24,1,0,1,0,0,0.125,,0.333333333,,,,
054_071.mp4,15.1,4,5.477946361,1,1,2,1.333333333,,0.333333333,,,,
055_147.mp4,22.23333333,5,5.661365688,1,2,0,1.25,,1,,,,
056_996.mp4,12.48,15,0.929036226,6,7,0,6.5,,14.33333333,,,,
057_070.mp4,14.68,8,2.147744281,2,3,0,2.5,,2.333333333,,,,
058_039.mp4,20.3,53,0.520958318,14,13,12,13,,1,,,,
059_050.mp4,21.2,32,0.765016548,10,8,8,7.75,,1.333333333,,,,
060_088.mp4,26.6,45,0.646396545,9,10,5,8.2,,7,,,,
061_080.mp4,19.32,16,1.389298614,5,3,3,3.666666667,,1.333333333,,,,
062_066.mp4,14.5,4,4.471241236,1,2,0,1.5,,1,,,,
063_041.mp4,13.96,10,1.695407311,4,3,0,3.5,,4.333333333,,,,
064_991.mp4,16.08,19,0.878693673,7,9,3,6.333333333,,9.333333333,,,,
065_089.mp4,30.04,41,0.849563134,9,7,6,6.833333333,,2.333333333,,,,
066_062.mp4,14.1,34,0.573116526,14,9,0,11.5,,50.33333333,,,,
067_025.mp4,24.9,9,4.169553787,1,2,2,1.75,,0.333333333,,,,
068_028.mp4,14.46666667,0,0,0,0,0,0,,0,,,,
069_961.mp4,10.76666667,10,1.533319129,4,5,0,4.5,,7,,,,
070_057.mp4,17.24,29,0.676653615,5,11,9,8.333333333,,9.333333333,,,,
071_054.mp4,12.26666667,0,0,0,0,0,0,,0,,,,
072_037.mp4,18.16,5,3.892703652,1,2,1,1.333333333,,0.333333333,,,,
073_024.mp4,12.24,0,0,0,0,0,0,,0,,,,
074_825.mp4,21.88,1,0,1,0,0,0.25,,0.333333333,,,,
075_977.mp4,21.7,0,0,0,0,0,0,,0,,,,
076_079.mp4,14.13333333,20,0.955973638,8,5,0,6.5,,16.33333333,,,,
077_100.mp4,16.92,0,0,0,0,0,0,,0,,,,
078_955.mp4,21.24,9,2.801750243,3,3,1,2.25,,1.333333333,,,,
079_076.mp4,10.96666667,2,0.760999918,2,0,0,1,,1.333333333,,,,
080_061.mp4,13.48,7,1.822499673,2,3,0,2.5,,2.333333333,,,,
081_087.mp4,12.36,13,1.084999919,4,6,0,5,,9.333333333,,,,
082_103.mp4,23.8,1,0,1,0,0,0.25,,0.333333333,,,,
083_213.mp4,12.6,15,1.441285661,6,6,0,6,,12,,,,
084_042.mp4,22.53333333,15,1.435571449,3,1,1,3,,1.333333333,,,,
085_124.mp4,12.72,6,2.447199631,2,3,0,2.5,,2.333333333,,,,
086_090.mp4,22.9,2,19.27600169,1,0,0,0.5,,0.333333333,,,,
087_081.mp4,46.8,2,2.207002163,0,0,0,0.222222222,,0,,,,
088_060.mp4,33.76,7,5.108253678,1,0,1,1,,0.333333333,,,,
089_065.mp4,17.68,22,0.911333232,7,6,7,6.666666667,,0.333333333,,,,
090_086.mp4,31.16666667,7,3.819999695,0,0,1,0.833333333,,0.333333333,,,,
091_116.mp4,10.9,0,0,0,0,0,0,,0,,,,
092_098.mp4,11.96,28,0.496814798,12,11,0,11.5,,44.33333333,,,,
093_121.mp4,23.04166667,0,0,0,0,0,0,,0,,,,
094_111.mp4,17.32,3,5.109500051,1,2,0,1,,1,,,,
095_053.mp4,16.68,3,3.621500254,1,2,0,1,,1,,,,
096_101.mp4,38.26666667,0,0,0,0,0,0,,0,,,,
097_033.mp4,32.36,55,0.664963016,6,8,7,8.5,,1,,,,
098_092.mp4,18.4,22,0.944142989,5,7,5,5.666666667,,1.333333333,,,,
099_295.mp4,16.44,7,4.004499753,3,2,0,1.666666667,,2.333333333,,,,
100_077.mp4,24.44,9,2.79000017,1,2,2,1.75,,0.333333333,,,,
101_096.mp4,16.8,3,9.891999602,1,1,0,0.666666667,,0.333333333,,,,
102_114.mp4,50.76,127,0.450023797,13,12,13,12.5,,0.333333333,,,,
103_082.mp4,12.64,0,0,0,0,0,0,,0,,,,
104_126.mp4,10.93333333,13,1.135666788,5,7,0,6,,13,,,,
105_180.mp4,18.96666667,7,2.53516682,2,2,3,2.333333333,,0.333333333,,,,
106_198.mp4,13.06666667,6,2.015199995,4,2,0,3,,4,,,,
107_109.mp4,11.92,5,2.890999794,4,0,0,2,,5.333333333,,,,
108_052.mp4,10.76666667,6,1.914599514,1,5,0,3,,7,,,,
109_107.mp4,22.24,8,3.310285466,3,1,2,1.75,,1,,,,
110_043.mp4,16.5,25,0.900083294,8,5,9,7.333333333,,4.333333333,,,,
111_094.mp4,22.36,50,0.505224491,13,10,12,11,,2.333333333,,,,
112_892.mp4,10.36666667,6,2.862600279,3,3,0,3,,3,,,,
113_983.mp4,16.24,3,0.449999213,0,0,3,1,,3,,,,
114_102.mp4,15.56,5,3.701506495,3,0,2,1.666666667,,2.333333333,,,,
115_939.mp4,17.03333333,47,0.499108646,14,13,15,14,,1,,,,
116_091.mp4,21.3,7,3.037666996,0,1,4,1.75,,4.333333333,,,,
117_217.mp4,28.08,19,1.539222214,3,3,5,3.6,,1.333333333,,,,
118_120.mp4,16.2,39,0.475552659,12,12,12,12,,0,,,,
119_123.mp4,17.72413793,1,0,1,0,0,0.333333333,,0.333333333,,,,
120_118.mp4,14.08,1,0,1,0,0,0.5,,0.333333333,,,,
121_093.mp4,12.83333333,1,0,1,0,0,0.5,,0.333333333,,,,
122_144.mp4,11.86206897,12,1.248906396,5,5,0,5,,8.333333333,,,,
123_119.mp4,16.73333333,10,2.361110316,5,3,1,3,,4,,,,
124_085.mp4,13.16,0,0,0,0,0,0,,0,,,,
125_038.mp4,10.16666667,2,3.137999296,0,2,0,1,,1.333333333,,,,
126_104.mp4,15.4,19,0.917499966,4,6,8,6,,4,,,,
127_129.mp4,11,4,3.308998982,1,3,0,2,,2.333333333,,,,
128_896.mp4,21.24,27,0.917306579,2,7,4,6.25,,6.333333333,,,,
129_127.mp4,28.8,86,0.458470575,15,15,15,15,,0,,,,
130_139.mp4,15.12,3,5.760000825,1,1,1,1,,0,,,,
131_518.mp4,16.38888889,0,0,0,0,0,0,,0,,,,
132_007.mp4,20.2,0,0,0,0,0,0,,0,,,,
133_148.mp4,15.83333333,0,0,0,0,0,0,,0,,,,
134_192.mp4,9.566666667,2,5.970000029,1,0,0,1,,0.333333333,,,,
135_880.mp4,18.125,42,0.483512111,11,12,12,11.66666667,,0.333333333,,,,
136_285.mp4,12.76666667,16,1.029933516,3,11,0,7,,32.33333333,,,,
137_165.mp4,15.48,20,0.845684277,4,8,7,6.333333333,,4.333333333,,,,
138_142.mp4,38.48,0,0,0,0,0,0,,0,,,,
139_130.mp4,26.48,1,0,0,0,1,0.2,,0.333333333,,,,
140_143.mp4,16.56,36,0.529742827,10,11,12,11,,1,,,,
141_161.mp4,12.3,5,2.579750299,2,2,0,2,,1.333333333,,,,
142_138.mp4,16.4,14,1.170153801,10,2,2,4.666666667,,21.33333333,,,,
143_140.mp4,19.4,45,0.489749946,12,12,13,12.33333333,,0.333333333,,,,
144_122.mp4,10.3,3,3.720998645,2,1,0,1.5,,1,,,,
145_299.mp4,20.93333333,0,0,0,0,0,0,,0,,,,
146_256.mp4,22.75,17,1.40606235,2,4,2,3,,1.333333333,,,,
147_055.mp4,13.13333333,27,0.62642324,10,12,0,11,,41.33333333,,,,
148_133.mp4,25.56666667,6,5.117800283,2,3,0,1.2,,2.333333333,,,,
149_152.mp4,12.52,0,0,0,0,0,0,,0,,,,
150_153.mp4,29.28,6,5.141799307,3,1,0,1.2,,2.333333333,,,,
151_225.mp4,10.13333333,0,0,0,0,0,0,,0,,,,
152_149.mp4,14.52,0,0,0,0,0,0,,0,,,,
153_150.mp4,18.24,13,1.458999932,5,2,3,3.333333333,,2.333333333,,,,
154_386.mp4,14.96666667,1,0,0,0,0,0,,0,,,,
155_576.mp4,18.44,0,0,0,0,0,0,,0,,,,
156_243.mp4,15.48,2,0.44799757,0,0,0,0,,0,,,,
157_245.mp4,13.36,4,3.001667182,2,2,0,2,,1.333333333,,,,
158_379.mp4,11.36666667,8,2.063999789,5,2,0,3.5,,6.333333333,,,,
159_175.mp4,20.16,48,0.481425559,13,11,11,11.75,,1.333333333,,,,
160_928.mp4,12.53333333,1,0,1,0,0,0.5,,0.333333333,,,,
161_141.mp4,16.93333333,0,0,0,0,0,0,,0,,,,
162_330.mp4,13.56666667,17,1.108062387,10,5,0,7.5,,25,,,,
163_031.mp4,16.06666667,25,0.900708208,10,6,7,7.666666667,,4.333333333,,,,
164_216.mp4,19.04,6,1.869001245,2,4,0,2,,4,,,,
165_137.mp4,24.24,11,2.168800688,3,3,2,2,,0.333333333,,,,
166_167.mp4,13.64,1,0,1,0,0,0.5,,0.333333333,,,,
167_166.mp4,30.24,0,0,0,0,0,0,,0,,,,
168_222.mp4,13.56666667,0,0,0,0,0,0,,0,,,,
169_227.mp4,14.7,1,0,0,1,0,0.5,,0.333333333,,,,
170_186.mp4,11.13333333,8,2.680714539,2,4,0,3,,4,,,,
171_173.mp4,24.03333333,32,1.071548462,5,9,7,6.75,,4,,,,
172_582.mp4,14.36666667,41,0.480324942,14,15,0,14.5,,70.33333333,,,,
173_171.mp4,18.03333333,14,1.580768989,3,1,9,4.333333333,,17.33333333,,,,
174_964.mp4,15.03333333,1,0,1,0,0,0.333333333,,0.333333333,,,,
175_159.mp4,13,28,0.529814826,12,9,0,10.5,,39,,,,
176_190.mp4,11.03333333,1,0,0,1,0,0.5,,0.333333333,,,,
177_211.mp4,21.08,23,1.031819192,5,4,6,5.25,,1,,,,
178_598.mp4,27.44,8,2.519999777,0,2,0,1.6,,1.333333333,,,,
179_212.mp4,13.83333333,42,0.449756111,15,15,0,15,,75,,,,
180_105.mp4,10,4,3.961332083,1,3,0,2,,2.333333333,,,,
181_199.mp4,12.26666667,21,0.758149886,10,8,0,9,,28,,,,
182_242.mp4,11.03333333,0,0,0,0,0,0,,0,,,,
183_253.mp4,16.7,0,0,0,0,0,0,,0,,,,
184_205.mp4,12.28,4,1.836990992,1,3,0,2,,2.333333333,,,,
185_276.mp4,13.24,0,0,0,0,0,0,,0,,,,
186_170.mp4,16.8,23,1.302909147,8,7,5,6.666666667,,2.333333333,,,,
187_234.mp4,17.6,36,0.654400076,10,8,11,9.666666667,,2.333333333,,,,
188_191.mp4,12.4,7,2.647166848,3,3,0,3,,3,,,,
189_200.mp4,28.76,22,1.53190346,5,4,3,3.8,,1,,,,
190_176.mp4,12.53333333,17,1.279750168,7,7,0,7,,16.33333333,,,,
191_188.mp4,10.33333333,0,0,0,0,0,0,,0,,,,
192_134.mp4,11.53333333,8,1.703428643,4,3,0,3.5,,4.333333333,,,,
193_030.mp4,9.9,7,2.349666715,4,0,0,4,,5.333333333,,,,
194_235.mp4,12.48,7,2.273166458,3,1,0,2,,2.333333333,,,,
195_442.mp4,14.2,7,2.052832921,3,0,0,1.5,,3,,,,
196_310.mp4,15,18,0.910529389,7,4,7,6,,3,,,,
197_224.mp4,19.52,6,3.058399153,2,3,1,2,,1,,,,
198_106.mp4,11.86666667,28,0.561630726,11,13,0,12,,49,,,,
199_181.mp4,15.93333333,7,3.380166411,2,2,3,2.333333333,,0.333333333,,,,
200_189.mp4,20.48,18,1.324470815,5,4,4,4.25,,0.333333333,,,,
201_203.mp4,17.84,3,4.941500545,1,2,0,1,,1,,,,
202_348.mp4,16.56,4,4.428667307,1,1,0,0.666666667,,0.333333333,,,,
203_201.mp4,34.52,25,1.589916726,4,4,3,3.5,,0.333333333,,,,
204_230.mp4,12.4,6,2.766399813,1,4,0,2.5,,4.333333333,,,,
205_184.mp4,50.16,0,0,0,0,0,0,,0,,,,
206_221.mp4,28.72,0,0,0,0,0,0,,0,,,,
207_908.mp4,27.79166667,2,5.249006033,0,0,0,0.4,,0,,,,
208_215.mp4,23.52,2,0.673994064,2,0,0,0.5,,1.333333333,,,,
209_016.mp4,22.6,63,0.489257974,15,15,11,13.75,,5.333333333,,,,
210_241.mp4,9.733333333,23,0.580045451,12,0,0,12,,48,,,,
211_177.mp4,16.4,40,0.482641141,13,12,11,12,,1,,,,
212_179.mp4,42,8,5.864714691,4,1,0,1,,4.333333333,,,,
213_083.mp4,18.16666667,4,2.064673821,4,0,0,1.333333333,,5.333333333,,,,
214_255.mp4,15.66666667,17,1.262312591,6,2,9,5.666666667,,12.33333333,,,,
215_208.mp4,18.6,1,0,0,1,0,0.333333333,,0.333333333,,,,
216_164.mp4,40.84,17,2.818187296,4,2,0,2,,4,,,,
217_117.mp4,21.92,34,0.959787889,6,6,10,7.25,,5.333333333,,,,
218_239.mp4,23.52,52,0.509156858,11,9,13,11.25,,4,,,,
219_220.mp4,14.28,4,3.140666723,3,1,0,2,,2.333333333,,,,
220_219.mp4,14,0,0,0,0,0,0,,0,,,,
221_206.mp4,28.56,0,0,0,0,0,0,,0,,,,
222_168.mp4,40.93333333,0,0,0,0,0,0,,0,,,,
223_586.mp4,6.316666667,3,1.590997458,3,0,0,3,,3,,,,
224_197.mp4,35.2,6,7.226201296,2,0,1,0.857142857,,1,,,,
225_151.mp4,11.56666667,0,0,0,0,0,0,,0,,,,
226_491.mp4,14.23333333,13,1.527500014,5,5,0,5,,8.333333333,,,,
227_169.mp4,21.63333333,33,0.903718725,10,5,8,7.5,,6.333333333,,,,
228_289.mp4,23.88,1,0,0,0,1,0.25,,0.333333333,,,,
229_247.mp4,15.96,0,0,0,0,0,0,,0,,,,
230_204.mp4,17.16666667,0,0,0,0,0,0,,0,,,,
231_663.mp4,12.64,2,0.621999741,2,0,0,1,,1.333333333,,,,
232_248.mp4,16.53333333,2,2.564092159,0,0,2,0.666666667,,1.333333333,,,,
233_995.mp4,18.26666667,21,1.18834796,10,5,3,6,,13,,,,
234_187.mp4,32.86666667,9,5.349449754,2,2,1,1.333333333,,0.333333333,,,,
235_194.mp4,22.68,13,1.87011385,5,1,5,3,,5.333333333,,,,
236_237.mp4,30.28,11,2.286364603,2,3,2,1.833333333,,0.333333333,,,,
237_236.mp4,26.04,12,2.631510626,5,2,2,2.2,,3,,,,
238_282.mp4,23.76,8,2.964186498,3,3,1,1.75,,1.333333333,,,,
239_218.mp4,14.12,7,2.54298532,4,2,0,3,,4,,,,
240_290.mp4,14.06666667,19,1.048693975,7,4,0,5.5,,12.33333333,,,,
241_210.mp4,27.96666667,14,2.191870946,3,2,1,2.8,,1,,,,
242_182.mp4,20.66666667,0,0,0,0,0,0,,0,,,,
243_156.mp4,20.72,4,4.375454267,2,1,1,1.333333333,,0.333333333,,,,
244_822.mp4,11.88,2,1.676102877,2,0,0,1,,1.333333333,,,,
245_157.mp4,19.44,6,3.924521208,2,0,3,1.666666667,,2.333333333,,,,
246_258.mp4,16.6,3,6.653789997,2,0,1,1,,1,,,,
247_229.mp4,15.68,3,4.838740826,0,2,1,1,,1,,,,
248_232.mp4,19.13333333,5,4.853038669,1,0,3,1.333333333,,2.333333333,,,,
249_280.mp4,20.2,23,1.231135596,4,5,7,5.5,,2.333333333,,,,
250_461.mp4,24.48,17,1.381292313,6,3,3,4,,3,,,,
251_375.mp4,14.12,4,3.870667617,1,2,0,1.5,,1,,,,
252_266.mp4,18.6,41,0.520478451,12,10,10,10.66666667,,1.333333333,,,,
253_183.mp4,13,9,2.01630646,4,3,0,3.5,,4.333333333,,,,
254_261.mp4,27.08,11,2.283406377,3,2,4,2.25,,1,,,,
255_214.mp4,15.4,8,2.654358796,5,2,1,2.666666667,,4.333333333,,,,
256_146.mp4,41.79166667,2,5.65639329,0,0,0,0.25,,0,,,,
257_420.mp4,45.04,28,1.855768937,5,2,2,3.111111111,,3,,,,
258_246.mp4,16.53333333,13,1.857565045,6,3,2,3.666666667,,4.333333333,,,,
259_345.mp4,16.92,23,0.630729198,2,9,8,6.333333333,,14.33333333,,,,
260_331.mp4,18.76,11,1.754496121,4,5,1,3.333333333,,4.333333333,,,,
261_254.mp4,17.08,0,0,0,0,0,0,,0,,,,
262_301.mp4,30.52,9,3.178383589,1,0,4,1.5,,4.333333333,,,,
263_284.mp4,16.1,23,0.719336152,1,11,11,7.666666667,,33.33333333,,,,
264_271.mp4,16.33333333,17,1.339072078,6,6,4,5.333333333,,1.333333333,,,,
265_475.mp4,13.48,7,2.259861946,3,3,0,3,,3,,,,
266_252.mp4,22.88,49,0.534060359,13,10,10,10.75,,3,,,,
267_286.mp4,22.26666667,53,0.570670903,14,10,9,11.5,,7,,,,
268_269.mp4,12.9,12,1.374959165,2,8,0,5,,17.33333333,,,,
269_268.mp4,48.83333333,37,1.793853747,8,2,0,3.666666667,,17.33333333,,,,
270_297.mp4,15.6,36,0.491264221,11,11,12,11.33333333,,0.333333333,,,,
271_264.mp4,15.16666667,0,0,0,0,0,0,,0,,,,
272_396.mp4,17.5,36,0.639929669,9,11,12,10.66666667,,2.333333333,,,,
273_807.mp4,21.66666667,3,10.65177143,1,0,0,0.75,,0.333333333,,,,
274_412.mp4,19.06666667,0,0,0,0,0,0,,0,,,,
275_887.mp4,13.56,0,0,0,0,0,0,,0,,,,
276_185.mp4,35,33,1.177884676,4,5,6,4.714285714,,1,,,,
277_335.mp4,12.8,39,0.450879894,15,15,0,15,,75,,,,
278_306.mp4,29.12,5,4.73638314,1,1,2,1,,0.333333333,,,,
279_298.mp4,18.96666667,1,0,0,1,0,0.333333333,,0.333333333,,,,
280_249.mp4,21.06666667,6,5.628174639,1,0,2,1.25,,1,,,,
281_474.mp4,9.866666667,14,0.646648535,12,0,0,12,,48,,,,
282_238.mp4,24.88,4,8.473846118,1,1,1,0.75,,0,,,,
283_313.mp4,16.03333333,11,1.930667424,3,3,5,3.666666667,,1.333333333,,,,
284_263.mp4,10,6,2.54824338,4,2,0,3,,4,,,,
285_136.mp4,20.36666667,13,1.845398585,3,3,5,3.25,,1.333333333,,,,
286_267.mp4,10.2,14,1.030514772,6,8,0,7,,17.33333333,,,,
287_426.mp4,11.16666667,7,1.53860573,4,3,0,3.5,,4.333333333,,,,
288_321.mp4,22.68,4,8.326724609,1,0,0,0.5,,0.333333333,,,,
289_228.mp4,22.24,17,1.549185172,3,3,3,3.5,,0,,,,
290_240.mp4,42.46666667,13,4.584770779,1,2,2,1.375,,0.333333333,,,,
291_874.mp4,15.63333333,10,2.645555576,3,3,3,3,,0,,,,
292_294.mp4,20.13333333,7,3.175638596,0,3,2,1.75,,2.333333333,,,,
293_296.mp4,13.44,12,1.247898774,4,4,0,4,,5.333333333,,,,
294_292.mp4,14.16666667,10,1.820199331,4,4,0,4,,5.333333333,,,,
295_099.mp4,24.52,3,2.578294992,0,0,1,0.75,,0.333333333,,,,
296_293.mp4,30.32,1,0,1,0,0,0.166666667,,0.333333333,,,,
297_270.mp4,12.44,6,2.394698858,3,1,0,2,,2.333333333,,,,
298_279.mp4,30.2,16,2.34338727,2,3,3,2.666666667,,0.333333333,,,,
299_145.mp4,31.66666667,0,0,0,0,0,0,,0,,,,
300_304.mp4,24.4,16,1.533433755,4,3,5,3.75,,1,,,,
301_262.mp4,15.88,10,1.500341389,5,3,2,3.333333333,,2.333333333,,,,
302_323.mp4,18.24,0,0,0,0,0,0,,0,,,,
303_309.mp4,34,35,1.086358687,9,7,3,5,,9.333333333,,,,
304_300.mp4,23.92,4,3.152786811,0,0,0,0.25,,0,,,,
305_513.mp4,19.76,50,0.452833779,13,12,13,12.66666667,,0.333333333,,,,
306_278.mp4,17.96,23,0.756961714,5,6,7,6,,1,,,,
307_365.mp4,14.76,5,2.779295504,4,0,0,2,,5.333333333,,,,
308_388.mp4,21.2,42,0.708405832,8,9,14,9.75,,10.33333333,,,,
309_303.mp4,22.84,6,3.655422974,1,2,1,1.25,,0.333333333,,,,
310_196.mp4,17.04,37,0.522998505,13,10,10,11,,3,,,,
311_387.mp4,17.6,48,0.492683801,14,13,15,14,,1,,,,
312_021.mp4,14.36666667,5,4.489723563,2,2,0,2,,1.333333333,,,,
313_283.mp4,32.2,16,2.350558488,4,3,1,2.666666667,,2.333333333,,,,
314_347.mp4,15.26666667,36,0.589756979,11,11,13,11.66666667,,1.333333333,,,,
315_322.mp4,10.43333333,0,0,0,0,0,0,,0,,,,
316_369.mp4,10.66666667,2,2.205301285,2,0,0,1,,1.333333333,,,,
317_359.mp4,15.2,10,2.128776709,4,2,4,3.333333333,,1.333333333,,,,
318_334.mp4,53.56,1,0,0,0,0,0.1,,0,,,,
319_352.mp4,16.84,6,3.385371304,1,3,1,1.666666667,,1.333333333,,,,
320_328.mp4,10.63333333,4,3.81982708,3,0,0,1.5,,3,,,,
321_288.mp4,21.72,0,0,0,0,0,0,,0,,,,
322_315.mp4,10.13333333,1,0,1,0,0,0.5,,0.333333333,,,,
323_302.mp4,35,13,3.073617597,3,1,2,1.857142857,,1,,,,
324_356.mp4,22.32,4,7.654191415,1,1,0,0.75,,0.333333333,,,,
325_492.mp4,11.56666667,29,0.532095517,13,13,0,13,,56.33333333,,,,
326_501.mp4,20.88,6,4.421067905,2,0,2,1.25,,1.333333333,,,,
327_329.mp4,13.83333333,0,0,0,0,0,0,,0,,,,
328_320.mp4,16.8,22,0.991650479,5,7,7,6.333333333,,1.333333333,,,,
329_327.mp4,16.5,0,0,0,0,0,0,,0,,,,
330_162.mp4,22.83333333,1,0,1,0,0,0.25,,0.333333333,,,,
331_260.mp4,12.08,7,1.166999896,1,4,0,2.5,,4.333333333,,,,
332_051.mp4,28.68,57,0.562517856,10,7,12,9.4,,6.333333333,,,,
333_377.mp4,13.26666667,35,0.514734415,13,13,0,13,,56.33333333,,,,
334_318.mp4,19,1,0,1,0,0,0.333333333,,0.333333333,,,,
335_277.mp4,32.2,76,0.578146699,11,14,15,12.16666667,,4.333333333,,,,
336_338.mp4,35.56,1,0,1,0,0,0.142857143,,0.333333333,,,,
337_522.mp4,28.52,30,1.089103395,3,6,5,5.4,,2.333333333,,,,
338_336.mp4,20.28,13,1.874916275,6,1,1,3,,8.333333333,,,,
339_392.mp4,49.86666667,94,0.709827923,10,6,10,9.444444444,,5.333333333,,,,
340_341.mp4,27.56666667,8,5.676713569,2,1,2,1.6,,0.333333333,,,,
341_340.mp4,9.766666667,3,3.33750093,1,0,0,1,,0.333333333,,,,
342_416.mp4,12.52,4,3.649990718,3,0,0,1.5,,3,,,,
343_363.mp4,18.92,2,9.361998796,0,1,0,0.333333333,,0.333333333,,,,
344_020.mp4,15.6,33,0.511406288,11,10,12,11,,1,,,,
345_259.mp4,17.76,5,2.407999814,3,2,0,1.666666667,,2.333333333,,,,
346_351.mp4,22.8,0,0,0,0,0,0,,0,,,,
347_314.mp4,13.76666667,7,2.489666661,1,2,0,1.5,,1,,,,
348_202.mp4,12.92,0,0,0,0,0,0,,0,,,,
349_350.mp4,16.2,13,1.289835751,2,8,3,4.333333333,,10.33333333,,,,
350_349.mp4,18.84,0,0,0,0,0,0,,0,,,,
351_346.mp4,20.5,52,0.53384312,11,14,12,12.75,,2.333333333,,,,
352_319.mp4,28.68,29,1.083178418,6,5,4,5.2,,1,,,,
353_383.mp4,15.5,12,1.464636391,4,3,5,4,,1,,,,
354_362.mp4,15.16666667,11,1.935399318,4,2,5,3.666666667,,2.333333333,,,,
355_748.mp4,10.6,3,6.698000431,1,1,0,1,,0.333333333,,,,
356_324.mp4,49.96,125,0.457475822,13,12,13,12.55555556,,0.333333333,,,,
357_432.mp4,12,33,0.497656263,15,13,0,14,,66.33333333,,,,
358_380.mp4,15.16666667,0,0,0,0,0,0,,0,,,,
359_317.mp4,22.73333333,4,7.379333019,1,1,1,1,,0,,,,
360_437.mp4,23.72,39,0.709868462,8,9,8,7.75,,0.333333333,,,,
361_448.mp4,17.6,23,0.999999881,8,8,5,7,,3,,,,
362_354.mp4,15.33333333,4,3.231323878,0,3,1,1.333333333,,2.333333333,,,,
363_343.mp4,11.96,30,0.449999974,13,12,0,12.5,,52.33333333,,,,
364_440.mp4,16.76,42,0.450707994,13,12,13,12.66666667,,0.333333333,,,,
365_307.mp4,15.12,38,0.451108121,13,12,13,12.66666667,,0.333333333,,,,
366_473.mp4,22.96,0,0,0,0,0,0,,0,,,,
367_371.mp4,28.72,0,0,0,0,0,0,,0,,,,
368_378.mp4,25.36666667,51,0.682159982,15,12,8,10,,12.33333333,,,,
369_316.mp4,18.86666667,3,3.802499771,0,2,1,1,,1,,,,
370_483.mp4,12.5,5,4.321249664,2,3,0,2.5,,2.333333333,,,,
371_367.mp4,25.96,4,6.42100215,1,0,2,0.8,,1,,,,
372_413.mp4,15.16,3,3.128013134,0,2,1,1,,1,,,,
373_394.mp4,16.8,19,0.941777759,5,6,6,5.666666667,,0.333333333,,,,
374_407.mp4,20.16,16,1.437466637,3,4,3,4,,0.333333333,,,,
375_251.mp4,13.84,0,0,0,0,0,0,,0,,,,
376_381.mp4,23.12,5,3.074998796,2,0,3,1.666666667,,2.333333333,,,,
377_333.mp4,14.3,7,2.557499687,4,2,0,3,,4,,,,
378_368.mp4,25.36666667,0,0,0,0,0,0,,0,,,,
379_158.mp4,14.8,13,1.398916622,5,4,0,4.5,,7,,,,
380_358.mp4,17.8,1,0,1,0,0,0.333333333,,0.333333333,,,,
381_376.mp4,20.6,4,1.72467645,4,0,0,1,,5.333333333,,,,
382_409.mp4,14.44,5,2.250249505,0,1,0,0.5,,0.333333333,,,,
383_353.mp4,11.93333333,6,3.312799931,3,3,0,3,,3,,,,
384_932.mp4,19.36,2,13.13300204,0,1,1,0.666666667,,0.333333333,,,,
385_414.mp4,19.56666667,13,1.746500313,2,5,3,3.333333333,,2.333333333,,,,
386_154.mp4,19.8,31,1.163533282,7,3,11,7,,16,,,,
387_311.mp4,12.26666667,1,0,0,1,0,0.5,,0.333333333,,,,
388_308.mp4,16.73333333,0,0,0,0,0,0,,0,,,,
389_480.mp4,19.4,4,1.758343379,4,0,0,1.333333333,,5.333333333,,,,
390_709.mp4,12.5,3,3.000501871,0,2,0,1,,1.333333333,,,,
391_406.mp4,20.48,4,4.560675701,0,2,1,1,,1,,,,
392_339.mp4,15.23333333,15,1.381928546,4,7,4,5,,3,,,,
393_405.mp4,21.24,9,2.884375066,3,3,1,2,,1.333333333,,,,
394_373.mp4,24.08,4,4.72900033,0,0,2,0.75,,1.333333333,,,,
395_401.mp4,16.4,43,0.534214423,11,15,13,13,,4,,,,
396_272.mp4,10.76666667,7,2.305000583,4,2,0,3,,4,,,,
397_602.mp4,22.23333333,41,0.965274334,11,9,7,9,,4,,,,
398_457.mp4,21.12,26,0.91495883,9,6,4,6,,6.333333333,,,,
399_488.mp4,17.26666667,0,0,0,0,0,0,,0,,,,
400_476.mp4,12.4,8,1.349718026,3,4,0,3.5,,4.333333333,,,,
401_395.mp4,14.93333333,35,0.568322736,15,10,0,12.5,,58.33333333,,,,
402_453.mp4,21.5,37,1.071499858,8,10,7,8.5,,2.333333333,,,,
403_497.mp4,20.7,62,0.452901633,15,15,15,15,,0,,,,
404_429.mp4,18.28,16,1.368800036,3,1,7,3.666666667,,9.333333333,,,,
405_393.mp4,23.16,2,18.90204597,1,0,0,0.5,,0.333333333,,,,
406_391.mp4,21.88,4,2.923663139,2,2,0,1,,1.333333333,,,,
407_374.mp4,23.44,35,0.623382519,2,10,9,6.75,,19,,,,
408_424.mp4,12.44,12,1.107909029,7,4,0,5.5,,12.33333333,,,,
409_382.mp4,12.52,6,2.63719759,2,2,0,2,,1.333333333,,,,
410_411.mp4,17.63333333,18,1.565529543,3,5,5,4.333333333,,1.333333333,,,,
411_410.mp4,15.3,15,1.780928748,9,2,4,5,,13,,,,
412_274.mp4,15.8,11,1.781800222,2,3,4,3,,1,,,,
413_372.mp4,19.44,5,4.556249321,1,1,1,1,,0,,,,
414_385.mp4,11.63333333,15,1.389142786,4,7,0,5.5,,12.33333333,,,,
415_484.mp4,10.63333333,30,0.48724251,15,13,0,14,,66.33333333,,,,
416_342.mp4,12.08,29,0.492214211,13,12,0,12.5,,52.33333333,,,,
417_496.mp4,49.86666667,3,1.689014912,0,0,0,0.333333333,,0,,,,
418_507.mp4,19.54166667,0,0,0,0,0,0,,0,,,,
419_824.mp4,9.616666667,53,0.500153881,25,0,0,25,,208.3333333,,,,
420_257.mp4,30.52,60,0.575830557,12,10,10,9.833333333,,1.333333333,,,,
421_423.mp4,72.56,37,2.191222184,3,3,4,2.5,,0.333333333,,,,
422_695.mp4,10.33333333,9,2.227999806,4,5,0,4.5,,7,,,,
423_421.mp4,41.52,13,3.000000079,1,4,1,1.625,,3,,,,
424_408.mp4,12.24,3,2.204999685,0,3,0,1.5,,3,,,,
425_485.mp4,26.76666667,40,0.911974302,6,9,10,7.8,,4.333333333,,,,
426_287.mp4,15.83333333,0,0,0,0,0,0,,0,,,,
427_637.mp4,8.5,0,0,0,0,0,0,,0,,,,
428_466.mp4,11.13333333,8,1.578853096,2,4,0,3,,4,,,,
429_404.mp4,31.92,55,0.658019503,9,8,9,8.333333333,,0.333333333,,,,
430_459.mp4,17.53333333,2,15.79100299,1,0,1,0.666666667,,0.333333333,,,,
431_447.mp4,10.86666667,23,0.639136672,13,9,0,11,,44.33333333,,,,
432_357.mp4,11.53333333,0,0,0,0,0,0,,0,,,,
433_498.mp4,12.68,7,1.732166688,3,3,0,3,,3,,,,
434_438.mp4,18.06666667,27,0.91215384,8,7,7,7.333333333,,0.333333333,,,,
435_456.mp4,24.32,10,2.424777428,4,2,1,2.25,,2.333333333,,,,
436_526.mp4,27.93333333,4,11.48366666,2,0,0,0.6,,1.333333333,,,,
437_360.mp4,15.4,17,1.100470364,5,4,7,5.333333333,,2.333333333,,,,
438_434.mp4,11.23333333,0,0,0,0,0,0,,0,,,,
439_441.mp4,10.16666667,2,9.377001286,1,1,0,1,,0.333333333,,,,
440_364.mp4,25.92,53,0.556499885,11,9,10,10.2,,1,,,,
441_439.mp4,15.4,16,1.275133514,3,7,6,5.333333333,,4.333333333,,,,
442_195.mp4,13.32,23,0.841908975,9,8,0,8.5,,24.33333333,,,,
443_514.mp4,14.44,4,0.510001818,0,0,0,0,,0,,,,
444_655.mp4,22.6,10,2.907000171,4,4,1,2.5,,3,,,,
445_494.mp4,32.08,78,0.471181479,13,12,12,12,,0.333333333,,,,
446_667.mp4,18.76,33,0.85631261,10,6,9,8.333333333,,4.333333333,,,,
447_431.mp4,20.53333333,20,1.335947413,5,6,4,4.75,,1,,,,
448_361.mp4,15.16666667,7,1.945332925,6,1,0,2.333333333,,10.33333333,,,,
449_451.mp4,12.76666667,5,2.624000132,3,2,0,2.5,,2.333333333,,,,
450_533.mp4,18.6,9,4.026753604,4,1,2,2.333333333,,2.333333333,,,,
451_449.mp4,10.2,31,0.463699921,15,15,0,15,,75,,,,
452_550.mp4,14.8,2,15.38602757,1,0,0,0.5,,0.333333333,,,,
453_402.mp4,14.1,7,1.287333647,5,2,0,3.5,,6.333333333,,,,
454_527.mp4,11.4,4,2.808660428,1,1,0,1,,0.333333333,,,,
455_471.mp4,21.6,8,2.635714497,3,1,2,2,,1,,,,
456_435.mp4,19.04,0,0,0,0,0,0,,0,,,,
457_398.mp4,23.28,9,2.413253993,0,3,2,1.75,,2.333333333,,,,
458_722.mp4,16.5,15,1.105714168,3,7,4,4.666666667,,4.333333333,,,,
459_430.mp4,11.9,8,1.06800328,5,3,0,4,,6.333333333,,,,
460_678.mp4,13.33333333,6,2.664199734,1,3,0,2,,2.333333333,,,,
461_250.mp4,22.56,0,0,0,0,0,0,,0,,,,
462_467.mp4,14.1,7,3.1431669,3,2,0,2.5,,2.333333333,,,,
463_464.mp4,16.16,16,1.157799959,4,7,4,5,,3,,,,
464_463.mp4,12.6,14,0.926999899,8,4,0,6,,16,,,,
465_482.mp4,11.8,0,0,0,0,0,0,,0,,,,
466_428.mp4,18,0,0,0,0,0,0,,0,,,,
467_462.mp4,19.5,10,2.390111923,1,2,2,1.666666667,,0.333333333,,,,
468_470.mp4,36.2,25,1.584375322,4,4,5,3.285714286,,0.333333333,,,,
469_481.mp4,13.8,29,0.579571732,14,10,0,12,,52,,,,
470_468.mp4,23.88,3,7.042498589,0,1,0,0.75,,0.333333333,,,,
471_455.mp4,14.8,9,1.95724985,3,3,0,3,,3,,,,
472_511.mp4,32.36,1,0,0,0,1,0.166666667,,0.333333333,,,,
473_366.mp4,16.16,18,1.043242931,4,8,5,5.666666667,,4.333333333,,,,
474_281.mp4,10.3,1,0,1,0,0,0.5,,0.333333333,,,,
475_265.mp4,22.08,17,1.411071211,5,4,2,3.75,,2.333333333,,,,
476_400.mp4,14.28,21,0.704317033,7,9,0,8,,22.33333333,,,,
477_487.mp4,10.63333333,2,1.305302143,0,2,0,1,,1.333333333,,,,
478_506.mp4,22.26666667,20,1.57021052,7,2,5,4,,6.333333333,,,,
479_706.mp4,10.93333333,0,0,0,0,0,0,,0,,,,
480_389.mp4,12.56,0,0,0,0,0,0,,0,,,,
481_469.mp4,13.8,6,2.202594137,1,2,0,1.5,,1,,,,
482_465.mp4,10.96666667,2,1.663516998,0,2,0,1,,1.333333333,,,,
483_370.mp4,13.2,1,0,0,1,0,0.5,,0.333333333,,,,
484_415.mp4,18.76666667,43,0.594515511,10,14,13,12.33333333,,4.333333333,,,,
485_425.mp4,11.2,24,0.63920613,12,9,0,10.5,,39,,,,
486_680.mp4,12,0,0,0,0,0,0,,0,,,,
487_477.mp4,12.16666667,17,0.900326163,6,8,0,7,,17.33333333,,,,
488_399.mp4,28.73333333,82,0.477807351,15,15,14,14.4,,0.333333333,,,,
489_022.mp4,10.83333333,1,0,1,0,0,1,,0.333333333,,,,
490_534.mp4,15.36,15,1.438107797,5,5,5,5,,0,,,,
491_226.mp4,10.93333333,2,4.734466553,1,0,0,1,,0.333333333,,,,
492_325.mp4,47.36666667,136,0.476526773,15,14,15,14.44444444,,0.333333333,,,,
493_538.mp4,23.84,19,1.435263157,7,3,2,4.25,,7,,,,
494_445.mp4,42.12,20,2.382968488,2,2,3,2.5,,0.333333333,,,,
495_512.mp4,30,69,0.491059531,12,12,11,11.5,,0.333333333,,,,
496_417.mp4,28.7,13,3.075720827,2,2,2,2,,0,,,,
497_403.mp4,23.56666667,66,0.487632792,14,14,12,13.75,,1.333333333,,,,
498_433.mp4,21.28,45,0.538023965,13,7,12,10.5,,10.33333333,,,,
499_539.mp4,10.43333333,17,0.811277509,9,8,0,8.5,,24.33333333,,,,
500_592.mp4,12.76666667,3,5.191782713,1,2,0,1.5,,1,,,,
501_326.mp4,36.56,44,0.935825076,8,11,4,6,,12.33333333,,,,
502_504.mp4,10.56666667,31,0.473417672,15,14,0,14.5,,70.33333333,,,,
503_756.mp4,19,0,0,0,0,0,0,,0,,,,
504_502.mp4,10.56666667,3,3.17300272,1,2,0,1.5,,1,,,,
505_600.mp4,12.93333333,0,0,0,0,0,0,,0,,,,
506_478.mp4,24.96666667,36,0.960280813,9,6,7,7.75,,2.333333333,,,,
507_418.mp4,13.29166667,13,1.561581691,6,4,0,5,,9.333333333,,,,
508_831.mp4,10.9,0,0,0,0,0,0,,0,,,,
509_525.mp4,17.23333333,6,3.212859535,3,2,0,2.5,,2.333333333,,,,
510_528.mp4,15.08,12,1.499441732,4,3,5,4,,1,,,,
511_472.mp4,19.16,12,1.85485001,3,4,4,3.666666667,,0.333333333,,,,
512_495.mp4,22.92,6,3.033275366,1,3,0,1.5,,2.333333333,,,,
513_305.mp4,33.72,74,0.511544832,12,11,10,11.16666667,,1,,,,
514_443.mp4,45.84,42,1.217389258,5,5,4,4.555555556,,0.333333333,,,,
515_519.mp4,30.04,52,0.644234863,7,8,11,8.666666667,,4.333333333,,,,
516_555.mp4,19.06666667,6,3.635655594,2,0,4,2,,4,,,,
517_521.mp4,10.13333333,0,0,0,0,0,0,,0,,,,
518_131.mp4,20.4,20,0.626193486,6,4,7,5,,2.333333333,,,,
519_515.mp4,30.64,57,0.609963455,12,11,11,9.333333333,,0.333333333,,,,
520_542.mp4,12.8,4,4.295122385,2,0,0,1,,1.333333333,,,,
521_517.mp4,12.43333333,3,2.273288131,1,2,0,1.5,,1,,,,
522_337.mp4,13.24,17,0.844028056,7,6,0,6.5,,14.33333333,,,,
523_541.mp4,15.6,3,2.724358559,0,3,0,1,,3,,,,
524_580.mp4,9.733333333,2,5.177275419,1,0,0,1,,0.333333333,,,,
525_509.mp4,18.76666667,57,0.450458373,15,15,15,15,,0,,,,
526_436.mp4,17.26666667,5,4.223052323,1,1,2,1.333333333,,0.333333333,,,,
527_454.mp4,12.8,0,0,0,0,0,0,,0,,,,
528_510.mp4,13.6,21,0.720135045,10,7,0,8.5,,26.33333333,,,,
529_633.mp4,17.06666667,2,15.27452755,1,0,1,0.666666667,,0.333333333,,,,
530_594.mp4,11.76,1,0,0,1,0,0.5,,0.333333333,,,,
531_549.mp4,24.96,16,1.862791999,5,1,3,2.75,,4,,,,
532_544.mp4,11.83333333,1,0,1,0,0,0.5,,0.333333333,,,,
533_450.mp4,25.8,19,2.529063053,6,1,3,3.6,,6.333333333,,,,
534_490.mp4,25.4,40,0.717953804,6,9,7,8,,2.333333333,,,,
535_587.mp4,20.86666667,0,0,0,0,0,0,,0,,,,
536_540.mp4,38.28,0,0,0,0,0,0,,0,,,,
537_563.mp4,13,39,0.452698946,15,15,0,15,,75,,,,
538_493.mp4,15.8,2,4.31944418,0,2,0,0.666666667,,1.333333333,,,,
539_499.mp4,17.13333333,52,0.449965,15,15,15,15,,0,,,,
540_536.mp4,24.12,1,0,1,0,0,0.25,,0.333333333,,,,
541_523.mp4,15,12,0.985867045,2,5,5,4,,3,,,,
542_520.mp4,14,4,2.371332328,2,2,0,2,,1.333333333,,,,
543_559.mp4,13.36,32,0.478897725,11,12,0,11.5,,44.33333333,,,,
544_532.mp4,13.03333333,7,2.902949691,3,2,0,2.5,,2.333333333,,,,
545_553.mp4,12.13333333,11,1.349532652,8,2,0,5,,17.33333333,,,,
546_621.mp4,12.33333333,3,4.99481678,2,1,0,1.5,,1,,,,
547_574.mp4,20.28,0,0,0,0,0,0,,0,,,,
548_632.mp4,17.08,3,6.702991366,2,0,0,0.666666667,,1.333333333,,,,
549_531.mp4,12.76,3,1.755595565,0,1,0,0.5,,0.333333333,,,,
550_452.mp4,20.2,6,4.357649374,3,0,1,1.5,,2.333333333,,,,
551_631.mp4,16.96,1,0,1,0,0,0.5,,0.333333333,,,,
552_851.mp4,34.70833333,1,0,0,0,0,0.166666667,,0,,,,
553_545.mp4,14.53333333,17,1.215125427,4,7,0,5.5,,12.33333333,,,,
554_572.mp4,11.56666667,22,0.711553903,10,9,0,9.5,,30.33333333,,,,
555_516.mp4,11.8,16,1.273305782,8,7,0,7.5,,19,,,,
556_588.mp4,21.76,14,1.824725023,4,5,1,2.75,,4.333333333,,,,
557_560.mp4,11.63333333,20,0.819484711,9,6,0,7.5,,21,,,,
558_583.mp4,15.83333333,7,1.739779512,3,4,0,2.333333333,,4.333333333,,,,
559_543.mp4,28.72,26,1.271818113,6,2,3,4.4,,4.333333333,,,,
560_557.mp4,16.96666667,1,0,0,0,1,0.333333333,,0.333333333,,,,
561_998.mp4,11.46666667,1,0,0,1,0,0.5,,0.333333333,,,,
562_626.mp4,32.5,5,7.150897622,1,1,0,0.833333333,,0.333333333,,,,
563_537.mp4,12.83333333,2,0.450000763,2,0,0,1,,1.333333333,,,,
564_971.mp4,11.8,12,1.840045387,4,6,0,5,,9.333333333,,,,
565_589.mp4,27.44,64,0.482178578,12,11,12,11.6,,0.333333333,,,,
566_617.mp4,12.48,3,5.144884348,1,2,0,1.5,,1,,,,
567_606.mp4,15.48,22,0.679206791,8,9,0,8.5,,24.33333333,,,,
568_628.mp4,35.8,63,0.640232332,10,7,9,8.714285714,,2.333333333,,,,
569_921.mp4,9.866666667,3,7.154366851,2,0,0,2,,1.333333333,,,,
570_624.mp4,14,1,0,0,0,0,0,,0,,,,
571_746.mp4,16.43333333,19,1.204779519,7,6,4,5.666666667,,2.333333333,,,,
572_554.mp4,27.6,15,2.240680848,2,3,3,2.8,,0.333333333,,,,
573_757.mp4,14.7,7,3.120217323,1,2,0,1.5,,1,,,,
574_547.mp4,19.84,36,0.635183464,9,8,9,8.666666667,,0.333333333,,,,
575_603.mp4,11.84,2,4.650255203,1,1,0,1,,0.333333333,,,,
576_155.mp4,33.16,67,0.568324779,13,6,13,10.16666667,,16.33333333,,,,
577_593.mp4,17.83333333,0,0,0,0,0,0,,0,,,,
578_636.mp4,11.16666667,2,1.667031527,2,0,0,1,,1.333333333,,,,
579_701.mp4,13.1,22,1.06850665,8,9,0,8.5,,24.33333333,,,,
580_524.mp4,17.56666667,6,4.113553858,3,1,2,2,,1,,,,
581_697.mp4,15.5,38,0.748180918,14,12,10,12,,4,,,,
582_172.mp4,25.06666667,1,0,1,0,0,0.2,,0.333333333,,,,
583_558.mp4,17.83333333,0,0,0,0,0,0,,0,,,,
584_823.mp4,28,0,0,0,0,0,0,,0,,,,
585_599.mp4,13.26666667,20,0.873519069,9,8,0,8.5,,24.33333333,,,,
586_223.mp4,5.6,0,0,0,0,0,0,,0,,,,
587_535.mp4,22.23333333,0,0,0,0,0,0,,0,,,,
588_556.mp4,14.88,0,0,0,0,0,0,,0,,,,
589_565.mp4,17.2,1,0,1,0,0,0.333333333,,0.333333333,,,,
590_034.mp4,13.56666667,7,3.921649178,4,0,0,2,,5.333333333,,,,
591_605.mp4,26.56,22,1.248678162,5,9,1,4.4,,16,,,,
592_500.mp4,9.733333333,5,2.01028043,4,0,0,4,,5.333333333,,,,
593_577.mp4,11.46666667,12,1.739300771,6,4,0,5,,9.333333333,,,,
594_530.mp4,28.64,7,4.416189313,1,2,0,1.2,,1,,,,
595_597.mp4,9.9,5,1.868493736,4,0,0,4,,5.333333333,,,,
596_609.mp4,19.56,1,0,0,0,0,0,,0,,,,
597_595.mp4,18.83333333,10,2.665239281,3,2,2,2.333333333,,0.333333333,,,,
598_178.mp4,20.84,0,0,0,0,0,0,,0,,,,
599_585.mp4,11.96666667,23,0.676353671,8,11,0,9.5,,32.33333333,,,,
600_505.mp4,18.1,18,1.426778569,3,3,8,4.666666667,,8.333333333,,,,
601_653.mp4,24.36666667,0,0,0,0,0,0,,0,,,,
602_397.mp4,11.83333333,7,3.151004513,4,2,0,3,,4,,,,
603_575.mp4,22.28,36,0.722030864,8,8,9,8.25,,0.333333333,,,,
604_703.mp4,12.5,6,2.897571802,3,2,0,2.5,,2.333333333,,,,
605_591.mp4,21.64,20,1.236591414,5,8,4,4.75,,4.333333333,,,,
606_567.mp4,13.6,1,0,1,0,0,0.5,,0.333333333,,,,
607_683.mp4,10.06666667,6,2.431088543,3,3,0,3,,3,,,,
608_675.mp4,16.84,8,2.557157755,4,1,2,2.333333333,,2.333333333,,,,
609_596.mp4,22.28,25,1.025644273,6,5,6,5.5,,0.333333333,,,,
610_692.mp4,14.16,8,1.77659733,4,1,0,2.5,,4.333333333,,,,
611_760.mp4,10.2,2,1.575387001,1,1,0,1,,0.333333333,,,,
612_702.mp4,24.96666667,9,3.978820473,2,3,0,1.75,,2.333333333,,,,
613_685.mp4,20.88,41,0.564801061,11,9,11,10,,1.333333333,,,,
614_616.mp4,26.52,16,1.692238013,3,3,3,3.2,,0,,,,
615_687.mp4,18.76,9,2.381914228,3,1,4,2.666666667,,2.333333333,,,,
616_614.mp4,20.28,50,0.458662408,12,13,12,12.5,,0.333333333,,,,
617_566.mp4,28.92,0,0,0,0,0,0,,0,,,,
618_629.mp4,39.6,8,4.961387328,1,2,2,1.142857143,,0.333333333,,,,
619_620.mp4,25.12,12,1.88946362,4,2,0,2.4,,4,,,,
620_619.mp4,12.2,4,4.296703021,3,1,0,2,,2.333333333,,,,
621_546.mp4,23.8,6,6.190274096,2,1,1,1,,0.333333333,,,,
622_647.mp4,23.3,29,1.12081004,11,6,1,5.75,,25,,,,
623_630.mp4,16.92,0,0,0,0,0,0,,0,,,,
624_570.mp4,17.2,3,1.155125976,0,3,0,1,,3,,,,
625_650.mp4,27.72,0,0,0,0,0,0,,0,,,,
626_562.mp4,15.56666667,6,2.012886763,4,2,0,2,,4,,,,
627_658.mp4,16.16,24,0.723543209,8,10,6,8,,4,,,,
628_568.mp4,22.8,34,0.750257897,5,7,5,6.75,,1.333333333,,,,
629_618.mp4,15.28,3,4.269568563,0,2,1,1,,1,,,,
630_623.mp4,14.08,17,0.89469853,5,7,0,6,,13,,,,
631_551.mp4,29.08,6,4.761270142,1,1,2,1.2,,0.333333333,,,,
632_548.mp4,22.92,41,0.832244051,12,8,9,9.25,,4.333333333,,,,
633_529.mp4,11.16666667,4,1.485332727,0,3,0,1.5,,3,,,,
634_660.mp4,13.6,0,0,0,0,0,0,,0,,,,
635_642.mp4,22.92,5,2.02124989,0,0,2,1,,1.333333333,,,,
636_578.mp4,18.8,2,19.30344009,1,0,0,0.333333333,,0.333333333,,,,
637_427.mp4,9.36,1,0,1,0,0,1,,0.333333333,,,,
638_640.mp4,10.2,2,10.4424665,1,1,0,1,,0.333333333,,,,
639_841.mp4,17.3,11,1.77683363,1,7,3,3.666666667,,9.333333333,,,,
640_638.mp4,23.26666667,49,0.640062104,14,8,10,10.75,,9.333333333,,,,
641_662.mp4,16.53333333,30,0.770873308,8,7,14,9.666666667,,14.33333333,,,,
642_635.mp4,30.56,0,0,0,0,0,0,,0,,,,
643_646.mp4,14.66666667,8,2.346719435,2,2,0,2,,1.333333333,,,,
644_657.mp4,21.84,6,4.24511714,1,2,2,1.25,,0.333333333,,,,
645_688.mp4,19.03333333,5,2.809734046,2,3,0,1.666666667,,2.333333333,,,,
646_643.mp4,12.13333333,5,3.218384802,4,1,0,2.5,,4.333333333,,,,
647_622.mp4,12.36666667,0,0,0,0,0,0,,0,,,,
648_654.mp4,16.4,6,3.093707275,3,1,2,2,,1,,,,
649_816.mp4,13.7,13,1.278043985,5,5,0,5,,8.333333333,,,,
650_625.mp4,13.28,8,1.934749024,3,3,0,3,,3,,,,
651_835.mp4,17.04,7,2.789766709,2,0,3,1.666666667,,2.333333333,,,,
652_773.mp4,19.3,18,1.399950224,6,3,5,4.666666667,,2.333333333,,,,
653_601.mp4,12.13333333,37,0.452659388,15,15,0,15,,75,,,,
654_648.mp4,18.84,2,4.273123264,1,1,0,0.666666667,,0.333333333,,,,
655_444.mp4,14.56666667,25,0.761271119,8,8,0,8,,21.33333333,,,,
656_666.mp4,15.32,9,1.670744866,3,2,4,3,,1,,,,
657_644.mp4,16.52,2,13.83944631,1,0,1,0.666666667,,0.333333333,,,,
658_627.mp4,14.96,13,1.290241679,5,3,0,4,,6.333333333,,,,
659_749.mp4,23.1,6,4.113180971,0,2,0,0.75,,1.333333333,,,,
660_634.mp4,13.52,3,3.706283569,1,1,0,1,,0.333333333,,,,
661_670.mp4,19.24,16,1.249395116,4,5,4,4.333333333,,0.333333333,,,,
662_641.mp4,11.66666667,0,0,0,0,0,0,,0,,,,
663_231.mp4,22.92,8,3.305110046,3,0,3,1.5,,3,,,,
664_668.mp4,13.26666667,14,1.322883899,6,5,0,5.5,,10.33333333,,,,
665_679.mp4,16.64,18,1.040466856,5,6,5,5.333333333,,0.333333333,,,,
666_656.mp4,20.2,8,2.233789989,0,4,2,2,,4,,,,
667_446.mp4,16.92,6,3.993266296,1,3,1,1.666666667,,1.333333333,,,,
668_664.mp4,9.766666667,6,1.836699629,3,0,0,3,,3,,,,
669_682.mp4,38.6,0,0,0,0,0,0,,0,,,,
670_661.mp4,20.52,5,2.294964254,0,0,1,1,,0.333333333,,,,
671_677.mp4,10.46666667,0,0,0,0,0,0,,0,,,,
672_720.mp4,18.8,23,1.106240717,7,6,6,6.333333333,,0.333333333,,,,
673_728.mp4,18.93333333,0,0,0,0,0,0,,0,,,,
674_744.mp4,9.8,14,0.951796623,11,0,0,11,,40.33333333,,,,
675_608.mp4,48.2,120,0.452707737,13,12,12,12.44444444,,0.333333333,,,,
676_776.mp4,11.03333333,7,2.121534069,3,4,0,3.5,,4.333333333,,,,
677_671.mp4,11.43333333,6,1.948152542,5,1,0,3,,7,,,,
678_460.mp4,21.33333333,16,2.406475131,4,4,3,3.75,,0.333333333,,,,
679_665.mp4,12.96,8,1.381850719,1,4,0,2.5,,4.333333333,,,,
680_486.mp4,22.56,2,1.618125439,0,0,0,0.5,,0,,,,
681_711.mp4,11.68,16,0.698135519,3,13,0,8,,46.33333333,,,,
682_669.mp4,19.56,49,0.457581694,12,13,12,12.33333333,,0.333333333,,,,
683_607.mp4,15.13333333,0,0,0,0,0,0,,0,,,,
684_717.mp4,12.46666667,0,0,0,0,0,0,,0,,,,
685_613.mp4,16.6,22,0.863068887,6,8,5,6.333333333,,2.333333333,,,,
686_696.mp4,16.2,10,1.342124409,3,5,0,4,,6.333333333,,,,
687_615.mp4,18.08,0,0,0,0,0,0,,0,,,,
688_645.mp4,18.46666667,35,0.72202991,9,8,13,10,,7,,,,
689_690.mp4,11.03333333,33,0.459828846,15,15,0,15,,75,,,,
690_689.mp4,15.16666667,0,0,0,0,0,0,,0,,,,
691_732.mp4,17.04,22,0.852822043,8,5,7,6.666666667,,2.333333333,,,,
692_610.mp4,15.76,10,1.744655212,4,4,2,3.333333333,,1.333333333,,,,
693_698.mp4,12.16,2,11.50552845,1,0,0,0.5,,0.333333333,,,,
694_767.mp4,16.28,15,1.163770148,3,5,7,5,,4,,,,
695_422.mp4,10.53333333,0,0,0,0,0,0,,0,,,,
696_686.mp4,13.68,19,0.837649306,7,6,0,6.5,,14.33333333,,,,
697_581.mp4,12.73333333,25,0.663446854,10,10,0,10,,33.33333333,,,,
698_693.mp4,23.8,6,4.914568996,3,0,0,0.75,,3,,,,
699_734.mp4,43.92,43,1.164135615,4,5,5,4.875,,0.333333333,,,,
700_813.mp4,15,12,1.358242273,3,5,4,4,,1,,,,
701_579.mp4,15.86666667,13,1.877813439,6,2,5,4.333333333,,4.333333333,,,,
702_612.mp4,14,39,0.507716612,13,15,0,14,,66.33333333,,,,
703_604.mp4,27.5,12,3.405669451,2,3,2,2.2,,0.333333333,,,,
704_723.mp4,29.2,1,0,0,1,0,0.2,,0.333333333,,,,
705_707.mp4,34.46666667,0,0,0,0,0,0,,0,,,,
706_479.mp4,16.26666667,6,3.945436954,1,3,2,2,,1,,,,
707_705.mp4,15.76666667,36,0.589410196,15,11,9,11.66666667,,9.333333333,,,,
708_772.mp4,13.64,8,2.250344924,3,3,0,3,,3,,,,
709_390.mp4,33.70833333,0,0,0,0,0,0,,0,,,,
710_788.mp4,21.36,15,1.276607411,6,3,3,3.75,,3,,,,
711_681.mp4,33.6,81,0.629127494,13,12,12,12.16666667,,0.333333333,,,,
712_716.mp4,25.12,1,0,1,0,0,0.25,,0.333333333,,,,
713_726.mp4,13.66666667,16,1.515878884,5,5,0,5,,8.333333333,,,,
714_842.mp4,17.88,12,1.593024492,3,3,5,3.666666667,,1.333333333,,,,
715_721.mp4,19.36666667,36,0.722529636,10,9,8,9,,1,,,,
716_712.mp4,22,8,1.787435089,0,1,2,1.5,,1,,,,
717_684.mp4,16.56666667,5,3.893443704,3,0,2,1.666666667,,2.333333333,,,,
718_972.mp4,12.44,16,1.230423641,7,7,0,7,,16.33333333,,,,
719_737.mp4,14.76,3,5.131262541,1,0,0,0.5,,0.333333333,,,,
720_672.mp4,18.03333333,13,1.875194927,4,3,3,3.333333333,,0.333333333,,,,
721_715.mp4,28.53333333,12,2.892708648,3,4,2,2.4,,1,,,,
722_458.mp4,14.625,8,2.339702334,4,1,0,2.5,,4.333333333,,,,
723_704.mp4,18,0,0,0,0,0,0,,0,,,,
724_725.mp4,23.3,11,2.986865044,0,1,6,2.25,,10.33333333,,,,
725_724.mp4,20,0,0,0,0,0,0,,0,,,,
726_713.mp4,17.56666667,0,0,0,0,0,0,,0,,,,
727_729.mp4,25.44,20,1.075556002,9,6,3,4,,9,,,,
728_673.mp4,19.73333333,29,0.847147567,13,4,9,8.666666667,,20.33333333,,,,
729_727.mp4,22.16,55,0.454261625,13,12,13,12.5,,0.333333333,,,,
730_815.mp4,18.08,45,0.460388162,12,13,12,12.33333333,,0.333333333,,,,
731_741.mp4,14.8,19,0.864925663,11,6,0,8.5,,30.33333333,,,,
732_691.mp4,21.6,49,0.503323322,12,11,11,11.25,,0.333333333,,,,
733_935.mp4,21.6,0,0,0,0,0,0,,0,,,,
734_699.mp4,20.96,20,1.163454834,7,6,2,4.75,,7,,,,
735_774.mp4,10.43333333,0,0,0,0,0,0,,0,,,,
736_785.mp4,16.52,13,1.207686583,3,7,2,4,,7,,,,
737_719.mp4,16.08,25,0.722072005,8,7,9,8,,1,,,,
738_804.mp4,11.96666667,2,2.519120693,0,1,0,0.5,,0.333333333,,,,
739_865.mp4,6.94,0,0,0,0,0,0,,0,,,,
740_796.mp4,41.70833333,14,3.273116515,6,0,1,1.75,,10.33333333,,,,
741_731.mp4,31.12,0,0,0,0,0,0,,0,,,,
742_775.mp4,18.63333333,5,5.692724824,1,0,1,0.666666667,,0.333333333,,,,
743_750.mp4,14.7,21,0.932337666,4,10,0,7,,25.33333333,,,,
744_674.mp4,12.23333333,21,0.760564804,10,7,0,8.5,,26.33333333,,,,
745_777.mp4,10.83333333,7,2.145737092,3,1,0,2,,2.333333333,,,,
746_571.mp4,19.2,3,3.758624911,0,0,2,0.666666667,,1.333333333,,,,
747_854.mp4,11.76,21,0.573835921,8,10,0,9,,28,,,,
748_355.mp4,16.63333333,2,6.798475742,0,1,1,0.666666667,,0.333333333,,,,
749_659.mp4,33.36666667,42,1.08970388,8,4,8,6,,5.333333333,,,,
750_743.mp4,10.36666667,3,8.925814748,2,1,0,1.5,,1,,,,
751_752.mp4,33.86666667,53,0.845191506,9,8,7,7.666666667,,1,,,,
752_751.mp4,11.03333333,4,2.431678534,3,1,0,2,,2.333333333,,,,
753_789.mp4,18.9,10,1.98633088,4,6,0,3.333333333,,9.333333333,,,,
754_758.mp4,13.03333333,0,0,0,0,0,0,,0,,,,
755_759.mp4,14.46666667,3,5.55846858,1,0,0,0.5,,0.333333333,,,,
756_503.mp4,22.46666667,0,0,0,0,0,0,,0,,,,
757_573.mp4,20.43333333,8,3.324840035,1,4,2,2,,2.333333333,,,,
758_754.mp4,13.36666667,0,0,0,0,0,0,,0,,,,
759_755.mp4,11.2,0,0,0,0,0,0,,0,,,,
760_611.mp4,21.5,44,0.66088336,10,12,9,10,,2.333333333,,,,
761_766.mp4,34.4,11,3.726172066,2,2,0,1.5,,1.333333333,,,,
762_832.mp4,22.12,27,0.935047333,7,5,7,6,,1.333333333,,,,
763_930.mp4,14.93333333,12,1.829617912,3,4,0,3.5,,4.333333333,,,,
764_850.mp4,20.4,0,0,0,0,0,0,,0,,,,
765_867.mp4,49.63333333,0,0,0,0,0,0,,0,,,,
766_761.mp4,13.72,0,0,0,0,0,0,,0,,,,
767_694.mp4,11.96,11,1.183739972,6,2,0,4,,9.333333333,,,,
768_793.mp4,23.6,40,0.67120947,10,9,4,8,,10.33333333,,,,
769_784.mp4,18.56666667,3,8.889224052,2,0,1,1,,1,,,,
770_791.mp4,11.1,5,1.391336381,2,3,0,2.5,,2.333333333,,,,
771_849.mp4,12.88,4,3.705622832,1,2,0,1.5,,1,,,,
772_708.mp4,21.96,16,1.550187778,4,5,3,3.75,,1,,,,
773_652.mp4,15.2,39,0.513459061,14,15,10,13,,7,,,,
774_735.mp4,26.73333333,5,6.767186284,0,2,2,0.8,,1.333333333,,,,
775_742.mp4,20.76666667,0,0,0,0,0,0,,0,,,,
776_676.mp4,17.16666667,0,0,0,0,0,0,,0,,,,
777_745.mp4,18.96666667,20,1.243718034,4,5,7,5.333333333,,2.333333333,,,,
778_798.mp4,12.36666667,13,1.310676575,7,4,0,5.5,,12.33333333,,,,
779_794.mp4,35.16,65,0.609095637,10,12,12,9.285714286,,1.333333333,,,,
780_869.mp4,13.32,0,0,0,0,0,0,,0,,,,
781_806.mp4,12.04,3,3.014775157,2,1,0,1.5,,1,,,,
782_787.mp4,20.08,30,0.737228583,9,9,8,7.5,,0.333333333,,,,
783_916.mp4,16.13333333,0,0,0,0,0,0,,0,,,,
784_769.mp4,16.13333333,30,0.745027271,8,11,8,9,,3,,,,
785_736.mp4,16.56,8,2.35567723,2,2,3,2.333333333,,0.333333333,,,,
786_819.mp4,37.08,0,0,0,0,0,0,,0,,,,
787_782.mp4,22.24,25,1.014377664,5,3,6,5.25,,2.333333333,,,,
788_710.mp4,15.12,23,0.753017274,9,8,6,7.666666667,,2.333333333,,,,
789_753.mp4,22.86666667,2,15.37203455,0,0,1,0.25,,0.333333333,,,,
790_014.mp4,22.53333333,33,0.589857951,9,13,0,11,,44.33333333,,,,
791_770.mp4,21.76666667,0,0,0,0,0,0,,0,,,,
792_903.mp4,22.68,24,1.09009411,10,6,3,5.25,,12.33333333,,,,
793_768.mp4,13.2,8,1.858423608,3,4,0,3.5,,4.333333333,,,,
794_779.mp4,12.24,15,0.922862751,4,8,0,6,,16,,,,
795_907.mp4,17.5,0,0,0,0,0,0,,0,,,,
796_740.mp4,14.5,6,2.772699547,2,3,0,2.5,,2.333333333,,,,
797_844.mp4,28.4,56,0.669044889,9,10,13,10,,4.333333333,,,,
798_778.mp4,10.93333333,0,0,0,0,0,0,,0,,,,
799_809.mp4,14.68,1,0,1,0,0,0.5,,0.333333333,,,,
800_840.mp4,28,35,1.089662342,6,9,7,6.6,,2.333333333,,,,
801_855.mp4,25.2,4,4.30666097,0,0,2,0.8,,1.333333333,,,,
802_885.mp4,13.16,0,0,0,0,0,0,,0,,,,
803_017.mp4,13.26666667,1,0,0,1,0,0.5,,0.333333333,,,,
804_738.mp4,13.9,13,1.544594586,7,3,0,5,,12.33333333,,,,
805_011.mp4,26.33333333,60,0.481513322,12,12,12,11.2,,0,,,,
806_781.mp4,19,0,0,0,0,0,0,,0,,,,
807_273.mp4,10.73333333,0,0,0,0,0,0,,0,,,,
808_829.mp4,26.7,18,2.060916859,4,3,4,3.4,,0.333333333,,,,
809_799.mp4,49.08,42,1.327697457,3,3,7,4.222222222,,5.333333333,,,,
810_838.mp4,15.23333333,5,4.738192439,2,1,2,1.666666667,,0.333333333,,,,
811_920.mp4,14.84,15,1.171732477,3,5,0,4,,6.333333333,,,,
812_821.mp4,14.1,5,1.767096877,1,4,0,2.5,,4.333333333,,,,
813_700.mp4,13.875,19,0.770086381,6,9,0,7.5,,21,,,,
814_871.mp4,11.6,10,1.415246831,3,5,0,4,,6.333333333,,,,
815_730.mp4,28.76,25,1.286874384,4,5,5,4.4,,0.333333333,,,,
816_649.mp4,31,10,4.223766062,1,1,1,1.5,,0,,,,
817_827.mp4,10.36666667,11,1.355379963,5,5,0,5,,8.333333333,,,,
818_820.mp4,26.6,49,0.619542678,13,10,9,9,,4.333333333,,,,
819_786.mp4,20.8,2,5.895910501,0,0,0,0.5,,0,,,,
820_818.mp4,18.64,0,0,0,0,0,0,,0,,,,
821_812.mp4,14.43333333,12,0.66484991,11,1,0,6,,37,,,,
822_244.mp4,22.28,7,4.488469879,2,2,1,1.75,,0.333333333,,,,
823_584.mp4,19.79166667,44,0.487225505,12,11,11,11.33333333,,0.333333333,,,,
824_419.mp4,8.116666667,3,9.792919397,0,0,0,0,,0,,,,
825_074.mp4,13.8,1,0,0,1,0,0.5,,0.333333333,,,,
826_833.mp4,24,33,0.780000001,7,10,4,6.75,,9,,,,
827_817.mp4,13.96666667,0,0,0,0,0,0,,0,,,,
828_830.mp4,20.44,7,3.075166146,5,0,1,1.75,,7,,,,
829_808.mp4,21.23333333,15,1.762497817,3,7,1,3.5,,9.333333333,,,,
830_828.mp4,12.76,4,2.749999523,1,2,0,1.5,,1,,,,
831_508.mp4,20.1,17,2.227125078,5,5,3,4.25,,1.333333333,,,,
832_762.mp4,16.64,34,0.560333274,10,9,11,10,,1,,,,
833_826.mp4,14.2,15,1.462499959,5,5,0,5,,8.333333333,,,,
834_852.mp4,17.08,43,0.449952347,13,12,13,12.66666667,,0.333333333,,,,
835_651.mp4,15.2,0,0,0,0,0,0,,0,,,,
836_950.mp4,25.43333333,16,1.810066652,1,2,5,3.2,,4.333333333,,,,
837_890.mp4,11.36666667,8,1.983286074,6,1,0,3.5,,10.33333333,,,,
838_810.mp4,35.06666667,59,0.766361537,3,14,10,8.285714286,,31,,,,
839_864.mp4,13.04,1,0,1,0,0,0.5,,0.333333333,,,,
840_800.mp4,11.26666667,7,2.490000923,3,3,0,3,,3,,,,
841_639.mp4,22.06666667,0,0,0,0,0,0,,0,,,,
842_714.mp4,22.4,29,0.895178573,6,8,6,6.75,,1.333333333,,,,
843_859.mp4,11.1,1,0,1,0,0,0.5,,0.333333333,,,,
844_797.mp4,14.46666667,35,0.546382329,14,11,0,12.5,,54.33333333,,,,
845_846.mp4,14.12,5,0.990251064,1,4,0,2.5,,4.333333333,,,,
846_845.mp4,14.24,24,0.674999994,7,8,0,7.5,,19,,,,
847_906.mp4,12.96666667,20,0.852577649,8,7,0,7.5,,19,,,,
848_894.mp4,13.12,32,0.630516106,12,12,0,12,,48,,,,
849_771.mp4,25.36,10,2.529777712,1,0,5,2,,7,,,,
850_764.mp4,12.3,13,1.283416192,5,4,0,4.5,,7,,,,
851_552.mp4,12.625,2,0.449970007,0,0,0,0,,0,,,,
852_834.mp4,12.12,17,0.694875062,7,7,0,7,,16.33333333,,,,
853_863.mp4,17.1,29,0.787392821,8,8,10,8.666666667,,1.333333333,,,,
854_747.mp4,18.8,47,0.451652112,13,12,13,12.66666667,,0.333333333,,,,
855_801.mp4,17.76,0,0,0,0,0,0,,0,,,,
856_881.mp4,21.26666667,33,0.894312531,10,9,1,7.25,,24.33333333,,,,
857_909.mp4,21.23333333,49,0.595311925,10,14,9,11.25,,7,,,,
858_861.mp4,23.76,22,1.161477554,5,5,3,4.75,,1.333333333,,,,
859_843.mp4,10.6,2,11.69999719,1,1,0,1,,0.333333333,,,,
860_905.mp4,12.73333333,0,0,0,0,0,0,,0,,,,
861_858.mp4,19.32,22,0.96219048,6,8,4,6,,4,,,,
862_047.mp4,10.63333333,2,4.225002289,2,0,0,1,,1.333333333,,,,
863_853.mp4,20.53333333,13,2.203750014,3,5,4,3.25,,1,,,,
864_839.mp4,15.4,0,0,0,0,0,0,,0,,,,
865_739.mp4,5.066666667,7,2.97050492,7,0,0,7,,16.33333333,,,,
866_878.mp4,24.53333333,67,0.665699095,14,9,15,13.25,,10.33333333,,,,
867_765.mp4,12.93333333,25,0.709848305,8,11,0,9.5,,32.33333333,,,,
868_949.mp4,22.86666667,0,0,0,0,0,0,,0,,,,
869_780.mp4,16.08,0,0,0,0,0,0,,0,,,,
870_001.mp4,18.4,45,0.459505704,13,12,12,12.33333333,,0.333333333,,,,
871_814.mp4,18.33333333,23,1.000541026,4,6,8,6,,4,,,,
872_873.mp4,35.36,10,3.843388134,1,3,1,1.428571429,,1.333333333,,,,
873_872.mp4,18.96,0,0,0,0,0,0,,0,,,,
874_291.mp4,11,13,1.32429256,6,6,0,6,,12,,,,
875_979.mp4,11.16666667,0,0,0,0,0,0,,0,,,,
876_891.mp4,9.866666667,13,1.045432051,7,0,0,7,,16.33333333,,,,
877_886.mp4,21,25,0.98539262,6,6,6,5.5,,0,,,,
878_866.mp4,16.96666667,25,0.9339148,6,8,6,6.666666667,,1.333333333,,,,
879_963.mp4,23.06666667,31,0.88364044,2,5,9,6.25,,12.33333333,,,,
880_135.mp4,13.625,0,0,0,0,0,0,,0,,,,
881_856.mp4,36.76666667,94,0.530046032,15,11,13,12.71428571,,4,,,,
882_952.mp4,23.33333333,5,9.892422438,2,1,1,1,,0.333333333,,,,
883_013.mp4,13.28,4,3.466546933,1,2,0,1.5,,1,,,,
884_968.mp4,12,30,0.456254959,13,12,0,12.5,,52.33333333,,,,
885_802.mp4,14.04,0,0,0,0,0,0,,0,,,,
886_877.mp4,22.8,57,0.450344626,13,12,13,12.5,,0.333333333,,,,
887_275.mp4,16.96,0,0,0,0,0,0,,0,,,,
888_937.mp4,18.2,21,0.976454091,6,7,3,5.333333333,,4.333333333,,,,
889_045.mp4,14,0,0,0,0,0,0,,0,,,,
890_837.mp4,14.76666667,4,3.842228413,1,1,0,1,,0.333333333,,,,
891_876.mp4,10.43333333,32,0.454447308,15,15,0,15,,75,,,,
892_112.mp4,13.93333333,4,7.066000462,3,0,0,1.5,,3,,,,
893_913.mp4,21.13333333,14,1.994076949,4,4,4,3.5,,0,,,,
894_848.mp4,14.4,36,0.588685703,13,12,0,12.5,,52.33333333,,,,
895_915.mp4,14.08,12,0.449906328,6,6,0,6,,12,,,,
896_128.mp4,29.4,50,0.666714289,9,9,9,8.4,,0,,,,
897_969.mp4,14.24,0,0,0,0,0,0,,0,,,,
898_922.mp4,24.64,1,0,1,0,0,0.25,,0.333333333,,,,
899_914.mp4,10.23333333,20,0.700684372,10,10,0,10,,33.33333333,,,,
900_926.mp4,13.32,7,0.577833454,7,0,0,3.5,,16.33333333,,,,
901_902.mp4,9.833333333,10,1.081888941,2,0,0,2,,1.333333333,,,,
902_901.mp4,17.43333333,12,2.044181975,5,2,2,3,,3,,,,
903_792.mp4,15.32,2,1.712000608,0,0,2,0.666666667,,1.333333333,,,,
904_046.mp4,16.8,0,0,0,0,0,0,,0,,,,
905_860.mp4,15.3,18,1.168645396,4,6,8,6,,4,,,,
906_847.mp4,10.03333333,2,0.599973202,2,0,0,1,,1.333333333,,,,
907_795.mp4,18.33333333,1,0,1,0,0,0.333333333,,0.333333333,,,,
908_207.mp4,14.41666667,4,4.679666599,1,1,0,1,,0.333333333,,,,
909_857.mp4,21.33333333,1,0,0,1,0,0.25,,0.333333333,,,,
910_911.mp4,10.96666667,15,1.045071295,8,5,0,6.5,,16.33333333,,,,
911_910.mp4,9.733333333,0,0,0,0,0,0,,0,,,,
912_927.mp4,27.88,13,2.476249536,2,2,3,2.4,,0.333333333,,,,
913_893.mp4,17.9,36,0.614514296,11,14,8,11,,9,,,,
914_899.mp4,18.66666667,51,0.500400028,13,14,13,13.33333333,,0.333333333,,,,
915_895.mp4,11.76,1,0,0,1,0,0.5,,0.333333333,,,,
916_783.mp4,13.43333333,3,3.802000046,1,2,0,1.5,,1,,,,
917_924.mp4,49.92,9,5.563000113,0,1,2,0.888888889,,1,,,,
918_934.mp4,15.08,1,0,1,0,0,0.333333333,,0.333333333,,,,
919_015.mp4,14.56666667,22,0.861476172,9,9,0,9,,27,,,,
920_811.mp4,21.68,7,4.337166746,2,2,1,1.75,,0.333333333,,,,
921_569.mp4,11.16666667,1,0,1,0,0,0.5,,0.333333333,,,,
922_898.mp4,13.96,14,1.076692141,6,4,0,5,,9.333333333,,,,
923_023.mp4,22.12,40,0.630205857,11,10,10,9.25,,0.333333333,,,,
924_917.mp4,17.92,2,4.635000706,0,0,1,0.333333333,,0.333333333,,,,
925_933.mp4,16.46666667,10,2.205000083,3,3,3,3,,0,,,,
926_900.mp4,13.64,1,0,1,0,0,0.5,,0.333333333,,,,
927_912.mp4,25.88,1,0,1,0,0,0.2,,0.333333333,,,,
928_160.mp4,17.8,33,0.721624993,12,10,5,9,,13,,,,
929_962.mp4,15.33333333,2,5.75799942,0,0,1,0.333333333,,0.333333333,,,,
930_763.mp4,27.06666667,2,0.449000597,0,0,0,0.4,,0,,,,
931_936.mp4,11.88,1,0,1,0,0,0.5,,0.333333333,,,,
932_384.mp4,18.48,26,0.762920008,6,11,6,7.666666667,,8.333333333,,,,
933_925.mp4,11.86666667,3,5.101999998,1,2,0,1.5,,1,,,,
934_918.mp4,18.88,13,1.477499863,2,3,5,3.333333333,,2.333333333,,,,
935_733.mp4,20.72,0,0,0,0,0,0,,0,,,,
936_931.mp4,12.76,8,1.697142771,4,3,0,3.5,,4.333333333,,,,
937_888.mp4,12.28,19,0.732333422,7,8,0,7.5,,19,,,,
938_987.mp4,23,41,0.645750064,6,7,13,9.25,,14.33333333,,,,
939_115.mp4,10.66666667,3,2.205000043,3,0,0,1.5,,3,,,,
940_941.mp4,19.76,12,1.959545396,2,3,3,2.666666667,,0.333333333,,,,
941_940.mp4,12.36,4,0.885667006,4,0,0,2,,5.333333333,,,,
942_943.mp4,18.8,0,0,0,0,0,0,,0,,,,
943_942.mp4,19.8,19,1.201555557,5,5,4,4.666666667,,0.333333333,,,,
944_032.mp4,10.33333333,0,0,0,0,0,0,,0,,,,
945_044.mp4,11.16666667,5,2.31799984,4,1,0,2.5,,4.333333333,,,,
946_049.mp4,12,17,0.805312216,6,10,0,8,,25.33333333,,,,
947_951.mp4,39.2,6,9.948200226,2,0,1,0.714285714,,1,,,,
948_965.mp4,11.6,8,2.135147163,3,4,0,3.5,,4.333333333,,,,
949_868.mp4,14.36666667,2,0.5400002,1,1,0,1,,0.333333333,,,,
950_836.mp4,11.43333333,9,2.279624939,2,4,0,3,,4,,,,
951_947.mp4,21.36666667,12,2.454636335,5,0,5,2.75,,8.333333333,,,,
952_882.mp4,11.1,11,1.317100096,4,6,0,5,,9.333333333,,,,
953_974.mp4,12.72,28,0.510297307,13,11,0,12,,49,,,,
954_976.mp4,13.12,0,0,0,0,0,0,,0,,,,
955_078.mp4,20.92,2,6.975000143,1,1,0,0.5,,0.333333333,,,,
956_958.mp4,15.68,7,2.137833158,4,1,2,2.333333333,,2.333333333,,,,
957_959.mp4,16.06666667,30,0.988206872,11,4,12,9,,19,,,,
958_956.mp4,21.68,3,9.086495519,1,0,0,0.75,,0.333333333,,,,
959_957.mp4,13.93333333,13,1.969083349,5,4,0,4.5,,7,,,,
960_999.mp4,11.16666667,23,0.668772806,14,8,0,11,,49.33333333,,,,
961_069.mp4,25.8,0,0,0,0,0,0,,0,,,,
962_929.mp4,15.4,0,0,0,0,0,0,,0,,,,
963_879.mp4,27.96666667,27,1.261729497,4,6,6,4.8,,1.333333333,,,,
964_174.mp4,6.9,6,2.3848001,6,0,0,6,,12,,,,
965_948.mp4,14.46666667,0,0,0,0,0,0,,0,,,,
966_988.mp4,18.2,34,0.613545468,13,8,8,9.666666667,,8.333333333,,,,
967_984.mp4,13.56,6,2.421400023,3,2,0,2.5,,2.333333333,,,,
968_884.mp4,13.72,15,1.062357238,11,2,0,6.5,,34.33333333,,,,
969_897.mp4,13.32,2,10.79996586,1,0,0,0.5,,0.333333333,,,,
970_973.mp4,21.32,1,0,0,0,1,0.25,,0.333333333,,,,
971_564.mp4,21.6,36,1.055172437,7,11,3,8,,16,,,,
972_718.mp4,23.12,4,6.609667142,0,2,0,1,,1.333333333,,,,
973_970.mp4,19.04,1,0,0,0,0,0,,0,,,,
974_953.mp4,14.04,35,0.455117639,13,12,0,12.5,,52.33333333,,,,
975_978.mp4,25.23333333,0,0,0,0,0,0,,0,,,,
976_954.mp4,15.04,1,0,1,0,0,0.333333333,,0.333333333,,,,
977_075.mp4,20.43333333,4,4.424666802,1,2,1,1,,0.333333333,,,,
978_975.mp4,10.13333333,7,1.304161628,6,1,0,3.5,,10.33333333,,,,
979_875.mp4,14.06666667,26,0.7296,7,11,0,9,,31,,,,
980_992.mp4,28.72,0,0,0,0,0,0,,0,,,,
981_985.mp4,13.72,11,1.358900118,3,5,0,4,,6.333333333,,,,
982_004.mp4,12.36,31,0.450167473,13,12,0,12.5,,52.33333333,,,,
983_113.mp4,33.64,17,2.276187018,3,1,3,2.333333333,,1.333333333,,,,
984_967.mp4,16.48,13,1.226083358,2,5,4,3.666666667,,2.333333333,,,,
985_981.mp4,14.88,0,0,0,0,0,0,,0,,,,
986_994.mp4,12.64,15,0.817499876,5,8,0,6.5,,16.33333333,,,,
987_938.mp4,14.76,4,3.225000064,0,2,0,1,,1.333333333,,,,
988_966.mp4,14.56,0,0,0,0,0,0,,0,,,,
989_993.mp4,16.36,1,0,1,0,0,0.333333333,,0.333333333,,,,
990_008.mp4,25.48,7,4.087499102,2,1,0,1.4,,1,,,,
991_064.mp4,16.08,2,8.505001783,0,1,1,0.666666667,,0.333333333,,,,
992_980.mp4,15.32,0,0,0,0,0,0,,0,,,,
993_989.mp4,38.4,3,9.449499846,0,1,0,0.428571429,,0.333333333,,,,
994_986.mp4,33.12,6,7.173000097,2,0,0,0.833333333,,1.333333333,,,,
995_233.mp4,22.5,4,1.504666726,0,2,2,1,,1.333333333,,,,
996_056.mp4,14.92,38,0.450054169,13,12,0,12.5,,52.33333333,,,,
997_040.mp4,21.92,4,7.169666767,2,1,0,0.75,,1,,,,
998_561.mp4,13.86666667,10,1.570666154,6,3,0,4.5,,9,,,,
999_960.mp4,11.5,32,0.489193555,14,14,0,14,,65.33333333,,,,
