Video_ID,Video_Time,Blink_count,Ave_count,1st(5 sec),2st(5 sec),3st(5 sec),Avg Time varibale(5 sec),,母體1-3(5 sec) 標準差,
000_003.mp4,12.12,19,0.70256975,7,9,0,8,,3.958719434,
001_870.mp4,18.4,12,1.546517849,2,4,4,3.333333333,,,樣本1-3(5 sec)變異數
002_006.mp4,10.33333333,19,0.498372118,5,13,0,9,,,15.67668512
003_000.mp4,12.12,7,1.928101103,3,3,0,3,,,樣本1-3(5 sec)平均數
004_982.mp4,12.36,16,0.555005662,2,9,0,5.5,,,3.102666667
005_010.mp4,15.4,8,2.37703245,1,2,5,2.666666667,,,
006_002.mp4,10.33333333,4,1.860064745,0,3,0,1.5,,,
007_132.mp4,16.52,1,0,0,0,1,0.333333333,,,
008_990.mp4,12.2,8,1.5903915,3,4,0,3.5,,,
009_027.mp4,10.5,11,1.284594226,4,6,0,5,,,
010_005.mp4,15.4,8,2.162737744,2,4,2,2.666666667,,,
011_805.mp4,17.125,38,0.490577079,12,11,12,11.66666667,,,
012_026.mp4,12.88,3,3.578888535,2,1,0,1.5,,,
013_883.mp4,13.28,0,0,0,0,0,0,,,
014_790.mp4,22.53333333,65,0.473897904,13,14,15,14.25,,,
015_919.mp4,14.56666667,23,0.845578172,13,7,0,10,,,
016_209.mp4,11.23333333,7,2.416087151,3,2,0,2.5,,,
017_803.mp4,11.88,4,3.086603721,2,1,0,1.5,,,
018_019.mp4,14.4,0,0,0,0,0,0,,,
019_018.mp4,14.4,5,2.027393103,2,3,0,2.5,,,
020_344.mp4,15.6,39,0.449966261,13,12,13,12.66666667,,,
021_312.mp4,14.26666667,16,1.184572426,7,6,0,6.5,,,
022_489.mp4,10.83333333,0,0,0,0,0,0,,,
023_923.mp4,22.12,5,4.522500515,1,1,0,1.25,,,
024_073.mp4,12.24,2,12.66335487,1,0,0,0.5,,,
025_067.mp4,17.93333333,2,5.800624609,0,1,1,0.666666667,,,
026_012.mp4,12.88,24,0.61831776,12,8,0,10,,,
027_009.mp4,10.5,7,1.33516252,1,5,0,3,,,
028_068.mp4,13.36666667,1,0,0,0,0,0,,,
029_048.mp4,16.64,1,0,1,0,0,0.333333333,,,
030_193.mp4,9.9,5,0.945079863,0,0,0,0,,,
031_163.mp4,10.13333333,7,2.267281771,5,1,0,3,,,
032_944.mp4,10.33333333,6,2.094297123,5,1,0,3,,,
033_097.mp4,19.12,37,0.584215403,10,9,10,9.666666667,,,
034_590.mp4,13.56666667,10,1.970331404,4,3,0,3.5,,,
035_036.mp4,13.48,0,0,0,0,0,0,,,
036_035.mp4,13.48,10,1.420590719,5,2,0,3.5,,,
037_072.mp4,12.44,6,1.836742163,2,3,0,2.5,,,
038_125.mp4,10.16666667,2,0.765177488,0,2,0,1,,,
039_058.mp4,20.3,34,0.777867324,10,9,7,8.5,,,
040_997.mp4,17.52,3,5.184555173,1,1,1,1,,,
041_063.mp4,13.96,15,1.077013356,5,4,0,4.5,,,
042_084.mp4,14.08333333,19,0.839893182,6,4,0,5,,,
043_110.mp4,16.5,24,0.935327177,7,5,9,7,,,
044_945.mp4,11.16666667,10,1.506652647,7,2,0,4.5,,,
045_889.mp4,13.16,0,0,0,0,0,0,,,
046_904.mp4,11.96666667,1,0,1,0,0,0.5,,,
047_862.mp4,10.63333333,9,1.530450463,2,7,0,4.5,,,
048_029.mp4,16.64,0,0,0,0,0,0,,,
049_946.mp4,12,7,2.440981348,1,2,0,1.5,,,
050_059.mp4,21.2,9,2.763106436,2,1,3,2,,,
051_332.mp4,27.8,50,0.629063845,11,9,6,9,,,
052_108.mp4,10,4,3.358788252,1,3,0,2,,,
053_095.mp4,16.68,2,6.930858612,1,1,0,0.666666667,,,
054_071.mp4,12.26666667,1,0,0,1,0,0.5,,,
055_147.mp4,13.13333333,2,3.059120893,0,2,0,1,,,
056_996.mp4,12.48,29,0.479676238,12,12,0,12,,,
057_070.mp4,14.68,28,0.615235982,8,10,0,9,,,
058_039.mp4,20.3,22,1.174959887,7,8,4,5.5,,,
059_050.mp4,21.2,53,0.450065737,13,12,13,12.5,,,
060_088.mp4,26.6,23,1.268570542,5,5,3,4,,,
061_080.mp4,13.48,14,1.102038072,5,5,0,5,,,
062_066.mp4,14.1,22,0.900075674,9,5,0,7,,,
063_041.mp4,13.96,10,1.240862105,4,3,0,3.5,,,
064_991.mp4,16.08,6,1.929832125,2,3,1,2,,,
065_089.mp4,17.68,18,1.112576835,7,4,6,5.666666667,,,
066_062.mp4,14.1,24,0.759394345,9,6,0,7.5,,,
067_025.mp4,17.93333333,0,0,0,0,0,0,,,
068_028.mp4,13.36666667,2,9.227229357,1,0,0,0.5,,,
069_961.mp4,10.76666667,1,0,0,1,0,0.5,,,
070_057.mp4,14.68,5,2.768115401,1,2,0,1.5,,,
071_054.mp4,12.26666667,14,1.215384465,7,3,0,5,,,
072_037.mp4,12.44,4,2.956609805,2,2,0,2,,,
073_024.mp4,12.24,0,0,0,0,0,0,,,
074_825.mp4,13.8,0,0,0,0,0,0,,,
075_977.mp4,20.43333333,2,1.529314995,2,0,0,0.5,,,
076_079.mp4,10.96666667,2,0.759042263,2,0,0,1,,,
077_100.mp4,16.92,1,0,0,1,0,0.333333333,,,
078_955.mp4,20.92,20,1.226902159,6,5,3,4.5,,,
079_076.mp4,10.96666667,20,0.767441348,13,4,0,8.5,,,
080_061.mp4,13.48,15,0.977042965,5,5,0,5,,,
081_087.mp4,12.36,8,1.196066073,3,5,0,4,,,
082_103.mp4,12.64,5,2.96698314,2,2,0,2,,,
083_213.mp4,12.6,4,3.305374066,1,2,0,1.5,,,
084_042.mp4,22.53333333,17,1.173209071,4,4,4,3.75,,,
085_124.mp4,12.72,1,0,0,1,0,0.5,,,
086_090.mp4,22.9,0,0,0,0,0,0,,,
087_081.mp4,12.36,10,1.449983703,5,3,0,4,,,
088_060.mp4,26.6,40,0.740867132,10,7,5,7.6,,,
089_065.mp4,17.68,24,0.837271732,7,8,6,7,,,
090_086.mp4,22.9,10,1.969033612,0,1,4,2,,,
091_116.mp4,10.9,0,0,0,0,0,0,,,
092_098.mp4,11.96,20,0.679533883,10,9,0,9.5,,,
093_121.mp4,12.83333333,1,0,1,0,0,0.5,,,
094_111.mp4,17.32,39,0.484497252,12,11,12,11.66666667,,,
095_053.mp4,16.68,1,0,1,0,0,0.333333333,,,
096_101.mp4,16.8,0,0,0,0,0,0,,,
097_033.mp4,19.12,36,0.607999986,10,9,8,9,,,
098_092.mp4,11.96,25,0.522791733,12,11,0,11.5,,,
099_295.mp4,16.44,13,2.166833321,3,5,2,3.333333333,,,
100_077.mp4,16.92,7,2.692833265,1,4,1,2,,,
101_096.mp4,16.8,18,1.209531139,4,3,7,4.666666667,,,
102_114.mp4,15.56,39,0.44994732,13,12,13,12.66666667,,,
103_082.mp4,12.64,0,0,0,0,0,0,,,
104_126.mp4,10.93333333,18,0.606117725,5,11,0,8,,,
105_180.mp4,10,5,2.93599999,2,3,0,2.5,,,
106_198.mp4,11.86666667,20,0.810894502,9,7,0,8,,,
107_109.mp4,11.92,9,1.501750052,4,3,0,3.5,,,
108_052.mp4,10,4,1.530667464,4,0,0,2,,,
109_107.mp4,11.92,6,1.647199249,3,2,0,2.5,,,
110_043.mp4,16.5,33,0.679937452,10,8,11,9.666666667,,,
111_094.mp4,17.32,6,3.105104971,2,2,2,2,,,
112_892.mp4,10.36666667,11,1.620199704,6,5,0,5.5,,,
113_983.mp4,16.24,1,0,0,0,1,0.333333333,,,
114_102.mp4,15.56,7,2.579666336,2,2,3,2.333333333,,,
115_939.mp4,10.66666667,9,1.725375205,4,4,0,4,,,
116_091.mp4,10.9,2,0.452998877,0,0,0,0,,,
117_217.mp4,21.92,36,0.677599975,6,6,11,8.25,,,
118_120.mp4,14.08,4,4.770000935,1,2,0,1.5,,,
119_123.mp4,17.31034483,5,5.308749914,2,1,1,1.333333333,,,
120_118.mp4,14.08,18,0.881470624,8,5,0,6.5,,,
121_093.mp4,12.83333333,0,0,0,0,0,0,,,
122_144.mp4,10.65517241,3,3.246498585,2,1,0,1.5,,,
123_119.mp4,16.73333333,3,10.57549977,1,1,0,0.666666667,,,
124_085.mp4,12.72,0,0,0,0,0,0,,,
125_038.mp4,10.16666667,2,3.828027487,1,1,0,1,,,
126_104.mp4,10.93333333,16,0.68693347,5,9,0,7,,,
127_129.mp4,11,5,3.230750799,4,0,0,2,,,
128_896.mp4,21.24,17,0.840812504,0,4,3,4.25,,,
129_127.mp4,11,30,0.504517309,13,14,0,13.5,,,
130_139.mp4,15.12,1,0,1,0,0,0.333333333,,,
131_518.mp4,16.38888889,0,0,0,0,0,0,,,
132_007.mp4,16.52,16,1.226466608,3,6,5,4.666666667,,,
133_148.mp4,15.83333333,0,0,0,0,0,0,,,
134_192.mp4,9.566666667,5,2.292001128,3,0,0,3,,,
135_880.mp4,13.625,30,0.503137983,11,11,0,11,,,
136_285.mp4,12.76666667,1,0,0,1,0,0.5,,,
137_165.mp4,15.48,28,0.563148198,8,12,8,9.333333333,,,
138_142.mp4,16.4,2,3.961999893,0,2,0,0.666666667,,,
139_130.mp4,15.12,1,0,1,0,0,0.333333333,,,
140_143.mp4,16.56,38,0.499756774,11,11,13,11.66666667,,,
141_161.mp4,12.3,0,0,0,0,0,0,,,
142_138.mp4,16.4,2,5.789999962,1,1,0,0.666666667,,,
143_140.mp4,16.56,35,0.546323552,9,11,12,10.66666667,,,
144_122.mp4,10.3,1,0,0,1,0,0.5,,,
145_299.mp4,20.93333333,2,1.978999615,0,1,1,0.5,,,
146_256.mp4,22.75,7,3.989333471,3,0,0,1,,,
147_055.mp4,13.13333333,32,0.567645119,9,14,0,11.5,,,
148_133.mp4,15.83333333,0,0,0,0,0,0,,,
149_152.mp4,12.52,1,0,0,1,0,0.5,,,
150_153.mp4,18.24,9,2.572500736,5,1,0,2,,,
151_225.mp4,10.13333333,1,0,1,0,0,0.5,,,
152_149.mp4,12.52,0,0,0,0,0,0,,,
153_150.mp4,18.24,18,1.16470588,8,3,3,4.666666667,,,
154_386.mp4,14.96666667,12,1.724727609,3,0,0,1.5,,,
155_576.mp4,18.44,0,0,0,0,0,0,,,
156_243.mp4,15.48,3,0.449495673,0,0,0,0,,,
157_245.mp4,13.36,8,1.898856878,6,1,0,3.5,,,
158_379.mp4,11.36666667,23,0.64659071,12,9,0,10.5,,,
159_175.mp4,13,31,0.463234361,13,12,0,12.5,,,
160_928.mp4,12.53333333,0,0,0,0,0,0,,,
161_141.mp4,12.3,1,0,0,1,0,0.5,,,
162_330.mp4,13.56666667,6,1.862400246,2,4,0,3,,,
163_031.mp4,10.13333333,30,0.475724434,15,14,0,14.5,,,
164_216.mp4,19.04,12,1.688272303,3,3,4,3.333333333,,,
165_137.mp4,15.48,5,2.406999946,0,2,3,1.666666667,,,
166_167.mp4,13.64,2,7.961999416,1,1,0,1,,,
167_166.mp4,13.64,0,0,0,0,0,0,,,
168_222.mp4,13.56666667,0,0,0,0,0,0,,,
169_227.mp4,14.7,3,6.502512813,2,0,0,1,,,
170_186.mp4,11.13333333,9,2.492749602,2,5,0,3.5,,,
171_173.mp4,18.03333333,23,0.954454563,5,7,9,7,,,
172_582.mp4,14.36666667,13,1.216166635,5,6,0,5.5,,,
173_171.mp4,18.03333333,14,1.830846273,4,4,4,4,,,
174_964.mp4,13.8,11,1.411499929,6,4,0,5,,,
175_159.mp4,13,18,0.836411574,7,7,0,7,,,
176_190.mp4,11.03333333,3,5.062509775,1,1,0,1,,,
177_211.mp4,16.4,25,0.691875041,8,7,9,8,,,
178_598.mp4,20.84,5,3.409000874,0,3,0,1,,,
179_212.mp4,13.83333333,21,0.913550043,11,5,0,8,,,
180_105.mp4,10,6,2.616801262,1,5,0,3,,,
181_199.mp4,12.26666667,28,0.556740699,11,14,0,12.5,,,
182_242.mp4,11.03333333,0,0,0,0,0,0,,,
183_253.mp4,13,4,3.92999951,2,1,0,1.5,,,
184_205.mp4,12.28,1,0,1,0,0,0.5,,,
185_276.mp4,13.24,4,3.509666999,1,1,0,1,,,
186_170.mp4,11.13333333,5,2.367500126,0,3,0,1.5,,,
187_234.mp4,17.6,35,0.708383189,12,10,9,10.33333333,,,
188_191.mp4,10.33333333,2,4.216970205,2,0,0,1,,,
189_200.mp4,20.48,24,0.991869626,7,7,6,5.75,,,
190_176.mp4,11.03333333,4,3.1329995,2,2,0,2,,,
191_188.mp4,10.33333333,2,5.179002523,2,0,0,1,,,
192_134.mp4,9.566666667,2,7.061000824,1,0,0,1,,,
193_030.mp4,9.9,4,1.914000114,1,0,0,1,,,
194_235.mp4,12.48,12,1.157545306,6,4,0,5,,,
195_442.mp4,13.32,14,0.974079334,6,3,0,4.5,,,
196_310.mp4,15,33,0.52021867,12,8,13,11,,,
197_224.mp4,19.52,13,1.821666797,3,4,2,3,,,
198_106.mp4,11.86666667,22,0.681380919,8,11,0,9.5,,,
199_181.mp4,12.26666667,4,3.501333078,3,1,0,2,,,
200_189.mp4,20.48,10,2.166219234,2,3,1,2.5,,,
201_203.mp4,17.84,5,1.800249159,0,4,1,1.666666667,,,
202_348.mp4,12.92,0,0,0,0,0,0,,,
203_201.mp4,17.84,11,1.741800046,4,4,2,3.333333333,,,
204_230.mp4,12.4,1,0,0,1,0,0.5,,,
205_184.mp4,12.28,1,0,0,1,0,0.5,,,
206_221.mp4,28.56,9,3.700999916,5,0,1,1.6,,,
207_908.mp4,14.41666667,1,0,1,0,0,0.5,,,
208_215.mp4,18.6,0,0,0,0,0,0,,,
209_016.mp4,11.23333333,25,0.559458494,12,13,0,12.5,,,
210_241.mp4,9.733333333,8,1.202000141,7,0,0,7,,,
211_177.mp4,16.4,22,0.808522406,7,7,6,6.666666667,,,
212_179.mp4,13.83333333,16,0.994733143,9,5,0,7,,,
213_083.mp4,12.6,19,0.821500036,13,4,0,8.5,,,
214_255.mp4,15.4,9,2.02274996,4,2,3,3,,,
215_208.mp4,18.6,14,1.367153516,5,5,1,3.666666667,,,
216_164.mp4,19.04,6,1.864000607,2,4,0,2,,,
217_117.mp4,21.92,18,1.831000076,3,4,6,4,,,
218_239.mp4,14.12,23,0.70936358,9,6,0,7.5,,,
219_220.mp4,14,2,6.266002655,1,1,0,1,,,
220_219.mp4,14,2,7.648998737,1,0,0,0.5,,,
221_206.mp4,28.56,0,0,0,0,0,0,,,
222_168.mp4,13.56666667,1,0,1,0,0,0.5,,,
223_586.mp4,5.6,0,0,0,0,0,0,,,
224_197.mp4,19.52,1,0,1,0,0,0.333333333,,,
225_151.mp4,10.13333333,0,0,0,0,0,0,,,
226_491.mp4,10.93333333,11,1.489799953,5,5,0,5,,,
227_169.mp4,14.7,19,1.103388786,6,8,0,7,,,
228_289.mp4,22.24,10,2.343333668,1,2,3,2,,,
229_247.mp4,15.68,0,0,0,0,0,0,,,
230_204.mp4,12.4,7,1.185500224,3,4,0,3.5,,,
231_663.mp4,12.64,15,0.973428471,7,4,0,5.5,,,
232_248.mp4,16.53333333,7,1.695171595,0,3,4,2.333333333,,,
233_995.mp4,18.26666667,24,0.894130354,8,11,4,7.666666667,,,
234_187.mp4,17.6,26,0.907879877,7,7,9,7.666666667,,,
235_194.mp4,12.48,9,1.666749984,4,3,0,3.5,,,
236_237.mp4,26.04,16,1.566066806,4,5,3,3.2,,,
237_236.mp4,26.04,15,1.710071734,7,3,1,3,,,
238_282.mp4,23.76,5,5.422499537,1,1,0,0.75,,,
239_218.mp4,14.12,12,1.373636571,5,5,0,5,,,
240_290.mp4,14.06666667,24,0.796347774,10,6,0,8,,,
241_210.mp4,9.733333333,22,0.583523796,13,0,0,13,,,
242_182.mp4,11.03333333,0,0,0,0,0,0,,,
243_156.mp4,15.48,12,1.212090731,5,3,0,4,,,
244_822.mp4,11.88,4,3.741332531,3,1,0,2,,,
245_157.mp4,13.36,4,4.805666685,1,1,0,1,,,
246_258.mp4,16.53333333,0,0,0,0,0,0,,,
247_229.mp4,15.68,8,1.991855962,2,4,2,2.666666667,,,
248_232.mp4,16.53333333,4,6.971666733,2,0,2,1.333333333,,,
249_280.mp4,20.2,46,0.596688742,3,13,14,11.25,,,
250_461.mp4,22.56,1,0,0,0,1,0.25,,,
251_375.mp4,13.84,3,1.197499514,1,2,0,1.5,,,
252_266.mp4,18.6,43,0.489428594,13,12,12,12.33333333,,,
253_183.mp4,13,21,0.806949973,11,8,0,9.5,,,
254_261.mp4,17.08,7,2.104828517,0,5,1,2,,,
255_214.mp4,15.4,19,1.042722397,8,5,6,6.333333333,,,
256_146.mp4,22.75,10,2.493333207,2,2,0,1.25,,,
257_420.mp4,30.52,39,0.9018945,9,7,8,6.333333333,,,
258_246.mp4,16.53333333,7,3.546828588,3,1,2,2,,,
259_345.mp4,16.92,11,1.691800117,5,3,2,3.333333333,,,
260_331.mp4,12.08,1,0,0,0,0,0,,,
261_254.mp4,17.08,1,0,1,0,0,0.333333333,,,
262_301.mp4,15.88,6,2.718000126,3,1,2,2,,,
263_284.mp4,10,6,1.941399527,4,2,0,3,,,
264_271.mp4,15.16666667,17,1.101062447,7,6,4,5.666666667,,,
265_475.mp4,13.48,11,1.611399794,5,4,0,4.5,,,
266_252.mp4,18.6,32,0.661580993,12,8,6,8.666666667,,,
267_286.mp4,10.2,12,1.142636538,6,6,0,6,,,
268_269.mp4,12.9,28,0.631629917,13,9,0,11,,,
269_268.mp4,12.9,0,0,0,0,0,0,,,
270_297.mp4,12.44,28,0.503222139,11,11,0,11,,,
271_264.mp4,15.16666667,12,1.655727126,4,5,3,4,,,
272_396.mp4,10.76666667,12,1.302181786,6,4,0,5,,,
273_807.mp4,10.73333333,1,0,1,0,0,0.5,,,
274_412.mp4,15.8,4,3.26399978,1,1,2,1.333333333,,,
275_887.mp4,13.56,0,0,0,0,0,0,,,
276_185.mp4,13.24,8,1.709996189,3,3,0,3,,,
277_335.mp4,12.8,39,0.465052623,15,15,0,15,,,
278_306.mp4,17.96,19,0.957444363,3,4,9,5.333333333,,,
279_298.mp4,18.96666667,4,2.16033419,1,3,0,1.333333333,,,
280_249.mp4,20.2,8,3.608856985,3,1,2,1.75,,,
281_474.mp4,9.866666667,19,0.654777792,11,0,0,11,,,
282_238.mp4,23.76,11,2.28159976,4,1,5,2.5,,,
283_313.mp4,16.03333333,7,2.505166968,3,1,3,2.333333333,,,
284_263.mp4,10,25,0.745583415,10,15,0,12.5,,,
285_136.mp4,12.76666667,31,0.537766774,15,12,0,13.5,,,
286_267.mp4,10.2,24,0.544999952,12,12,0,12,,,
287_426.mp4,11.16666667,0,0,0,0,0,0,,,
288_321.mp4,21.72,1,0,0,0,0,0.25,,,
289_228.mp4,22.24,15,1.783348918,2,2,2,2.5,,,
290_240.mp4,14.06666667,10,1.920316431,4,1,0,2.5,,,
291_874.mp4,11,13,1.496794959,8,4,0,6,,,
292_294.mp4,14.16666667,5,2.935973108,1,3,0,2,,,
293_296.mp4,13.44,16,0.960117165,9,3,0,6,,,
294_292.mp4,14.16666667,3,2.940720558,0,1,0,0.5,,,
295_099.mp4,16.44,2,7.269968748,0,1,1,0.666666667,,,
296_293.mp4,13.44,3,6.323488355,2,0,0,1,,,
297_270.mp4,12.44,1,0,0,1,0,0.5,,,
298_279.mp4,18.96666667,16,1.449164931,4,4,3,3.666666667,,,
299_145.mp4,20.93333333,0,0,0,0,0,0,,,
300_304.mp4,23.92,10,2.575467534,4,1,2,2.25,,,
301_262.mp4,15.88,10,1.810546663,3,1,4,2.666666667,,,
302_323.mp4,18.24,0,0,0,0,0,0,,,
303_309.mp4,22.84,9,2.729684919,1,2,1,1.75,,,
304_300.mp4,23.92,13,1.931340237,4,3,2,3,,,
305_513.mp4,19.76,42,0.535510226,11,10,11,10.66666667,,,
306_278.mp4,17.96,7,2.565301418,2,2,2,2,,,
307_365.mp4,14.76,25,0.660118808,7,7,0,7,,,
308_388.mp4,16.73333333,2,10.80292034,0,1,1,0.666666667,,,
309_303.mp4,22.84,12,1.83699558,4,5,1,3,,,
310_196.mp4,15,34,0.479154637,11,11,12,11.33333333,,,
311_387.mp4,12.26666667,29,0.592891872,12,13,0,12.5,,,
312_021.mp4,14.26666667,8,2.245062113,4,3,0,3.5,,,
313_283.mp4,16.03333333,7,3.576408108,3,1,2,2,,,
314_347.mp4,13.76666667,26,0.694576149,11,7,0,9,,,
315_322.mp4,10.13333333,2,4.323868752,2,0,0,1,,,
316_369.mp4,10.66666667,10,1.320229636,5,5,0,5,,,
317_359.mp4,15.2,4,5.805545092,2,1,1,1.333333333,,,
318_334.mp4,19,0,0,0,0,0,0,,,
319_352.mp4,16.84,10,1.698008855,5,3,2,3.333333333,,,
320_328.mp4,10.63333333,12,1.05442758,3,8,0,5.5,,,
321_288.mp4,21.72,3,1.463472962,0,0,0,0.5,,,
322_315.mp4,10.13333333,0,0,0,0,0,0,,,
323_302.mp4,18.24,27,0.740949576,10,6,6,7.333333333,,,
324_356.mp4,22.32,44,0.581701744,10,9,8,9.5,,,
325_492.mp4,11.56666667,30,0.528997257,15,12,0,13.5,,,
326_501.mp4,20.88,14,1.675630093,5,3,3,3.25,,,
327_329.mp4,13.83333333,5,3.858265042,3,1,0,2,,,
328_320.mp4,10.63333333,12,1.262766383,6,5,0,5.5,,,
329_327.mp4,13.83333333,1,0,0,1,0,0.5,,,
330_162.mp4,13.56666667,6,2.554304075,3,3,0,3,,,
331_260.mp4,12.08,16,0.514016072,1,11,0,6,,,
332_051.mp4,27.8,28,1.102983766,6,3,6,5,,,
333_377.mp4,13.26666667,18,0.912854363,9,6,0,7.5,,,
334_318.mp4,19,0,0,0,0,0,0,,,
335_277.mp4,12.8,21,0.860907841,6,9,0,7.5,,,
336_338.mp4,20.28,12,2.000691652,7,1,1,3,,,
337_522.mp4,13.24,8,1.558427095,3,3,0,3,,,
338_336.mp4,20.28,23,0.88611515,4,7,7,5.75,,,
339_392.mp4,15.23333333,4,2.731367429,0,2,2,1.333333333,,,
340_341.mp4,9.766666667,3,3.212659955,0,0,0,0,,,
341_340.mp4,9.766666667,0,0,0,0,0,0,,,
342_416.mp4,12.08,1,0,0,0,0,0,,,
343_363.mp4,11.96,4,2.810052951,1,2,0,1.5,,,
344_020.mp4,15.6,8,2.348066432,2,3,3,2.666666667,,,
345_259.mp4,16.92,7,1.982584198,3,3,1,2.333333333,,,
346_351.mp4,20.5,0,0,0,0,0,0,,,
347_314.mp4,13.76666667,15,1.154494899,4,7,0,5.5,,,
348_202.mp4,12.92,0,0,0,0,0,0,,,
349_350.mp4,16.2,6,3.009633017,2,3,1,2,,,
350_349.mp4,16.2,1,0,0,1,0,0.333333333,,,
351_346.mp4,20.5,46,0.610074324,12,12,11,11.25,,,
352_319.mp4,16.84,27,0.717358204,7,11,7,8.333333333,,,
353_383.mp4,11.93333333,11,1.396724772,5,4,0,4.5,,,
354_362.mp4,15.16666667,7,2.029975653,1,3,3,2.333333333,,,
355_748.mp4,10.6,4,5.745091915,1,2,0,1.5,,,
356_324.mp4,22.32,0,0,0,0,0,0,,,
357_432.mp4,11.53333333,8,1.680206639,6,2,0,4,,,
358_380.mp4,15.16666667,0,0,0,0,0,0,,,
359_317.mp4,15.2,8,2.738727467,4,1,3,2.666666667,,,
360_437.mp4,15.4,17,1.036611453,4,8,4,5.333333333,,,
361_448.mp4,15.16666667,19,0.830040892,8,7,4,6.333333333,,,
362_354.mp4,15.16666667,5,3.525115967,1,2,2,1.666666667,,,
363_343.mp4,11.96,29,0.469360982,13,11,0,12,,,
364_440.mp4,16.76,37,0.515414642,11,9,13,11,,,
365_307.mp4,14.76,6,2.33176403,2,3,0,2.5,,,
366_473.mp4,16.16,4,5.370398601,2,1,1,1.333333333,,,
367_371.mp4,25.96,0,0,0,0,0,0,,,
368_378.mp4,25.36666667,36,0.914320367,7,10,6,6.8,,,
369_316.mp4,10.66666667,0,0,0,0,0,0,,,
370_483.mp4,12.5,14,1.583031856,5,7,0,6,,,
371_367.mp4,25.96,0,0,0,0,0,0,,,
372_413.mp4,15.16,0,0,0,0,0,0,,,
373_394.mp4,16.8,3,1.995042801,0,0,3,1,,,
374_407.mp4,20.16,8,2.207284416,0,3,1,2,,,
375_251.mp4,13.84,0,0,0,0,0,0,,,
376_381.mp4,20.6,1,0,1,0,0,0.333333333,,,
377_333.mp4,13.26666667,39,0.470694278,15,14,0,14.5,,,
378_368.mp4,25.36666667,7,5.326080044,2,0,0,1.2,,,
379_158.mp4,11.36666667,12,1.347834262,6,4,0,5,,,
380_358.mp4,15.16666667,0,0,0,0,0,0,,,
381_376.mp4,20.6,17,1.290617406,5,3,4,4.25,,,
382_409.mp4,12.52,9,1.711829811,4,2,0,3,,,
383_353.mp4,11.93333333,9,2.43673709,5,3,0,4,,,
384_932.mp4,18.48,6,5.043983889,2,1,2,1.666666667,,,
385_414.mp4,11.63333333,10,1.181939708,3,5,0,4,,,
386_154.mp4,14.96666667,8,3.305559226,3,1,0,2,,,
387_311.mp4,12.26666667,7,1.845768015,4,2,0,3,,,
388_308.mp4,16.73333333,6,3.241664839,1,2,3,2,,,
389_480.mp4,12.56,2,4.2770257,2,0,0,1,,,
390_709.mp4,12.5,2,11.95471215,1,0,0,0.5,,,
391_406.mp4,20.48,4,5.009382963,1,1,1,1,,,
392_339.mp4,15.23333333,30,0.701169918,12,8,9,9.666666667,,,
393_405.mp4,21.24,3,10.15658677,1,0,0,0.75,,,
394_373.mp4,16.8,14,1.286510688,3,6,4,4.333333333,,,
395_401.mp4,14.93333333,41,0.500633472,15,14,0,14.5,,,
396_272.mp4,10.76666667,22,0.670339198,10,10,0,10,,,
397_602.mp4,11.83333333,12,1.836925983,7,4,0,5.5,,,
398_457.mp4,21.12,13,1.901904484,4,4,2,3,,,
399_488.mp4,17.26666667,5,3.319052219,1,1,3,1.666666667,,,
400_476.mp4,12.4,6,1.800440836,2,4,0,3,,,
401_395.mp4,14.93333333,24,0.838111452,6,9,0,7.5,,,
402_453.mp4,14.1,13,1.850159148,7,4,0,5.5,,,
403_497.mp4,20.7,44,0.647804155,11,10,9,10.5,,,
404_429.mp4,18.28,28,0.713011653,7,6,9,7.333333333,,,
405_393.mp4,21.24,8,3.289079564,2,2,1,1.75,,,
406_391.mp4,20.48,5,5.221226037,1,1,1,1.25,,,
407_374.mp4,20.16,28,0.658550916,3,11,9,7,,,
408_424.mp4,12.24,15,0.940261023,6,6,0,6,,,
409_382.mp4,12.52,1,0,1,0,0,0.5,,,
410_411.mp4,15.3,12,1.579091029,5,4,3,4,,,
411_410.mp4,15.3,8,3.34042808,3,1,4,2.666666667,,,
412_274.mp4,15.8,4,5.064676762,1,2,0,1,,,
413_372.mp4,15.16,14,0.959230771,4,5,5,4.666666667,,,
414_385.mp4,11.63333333,6,3.984206104,1,3,0,2,,,
415_484.mp4,10.63333333,15,0.903140732,10,5,0,7.5,,,
416_342.mp4,12.08,31,0.452933351,13,12,0,12.5,,,
417_496.mp4,28.7,10,2.190000137,0,5,4,2,,,
418_507.mp4,13.29166667,0,0,0,0,0,0,,,
419_824.mp4,8.116666667,44,0.49532556,26,0,0,26,,,
420_257.mp4,30.52,52,0.669529382,9,9,10,8.5,,,
421_423.mp4,41.52,74,0.628164402,7,10,8,8.875,,,
422_695.mp4,10.33333333,14,1.406076871,3,10,0,6.5,,,
423_421.mp4,41.52,10,3.690000004,0,1,3,1.25,,,
424_408.mp4,12.24,3,4.612999916,1,2,0,1.5,,,
425_485.mp4,11.2,16,0.984068616,6,8,0,7,,,
426_287.mp4,11.16666667,6,2.424394178,3,3,0,3,,,
427_637.mp4,7.8,0,0,0,0,0,0,,,
428_466.mp4,11.13333333,9,1.642000049,4,5,0,4.5,,,
429_404.mp4,18.28,23,0.918954297,5,5,7,5.666666667,,,
430_459.mp4,11.9,4,1.823324045,2,2,0,2,,,
431_447.mp4,10.86666667,33,0.451374039,15,15,0,15,,,
432_357.mp4,11.53333333,0,0,0,0,0,0,,,
433_498.mp4,12.68,1,0,0,1,0,0.5,,,
434_438.mp4,11.23333333,10,1.554999855,3,5,0,4,,,
435_456.mp4,19.04,11,1.791000175,3,3,2,2.666666667,,,
436_526.mp4,17.26666667,8,2.509710244,3,2,2,2.333333333,,,
437_360.mp4,15.4,26,0.685759993,8,9,8,8.333333333,,,
438_434.mp4,11.23333333,2,13.41300058,1,0,0,0.5,,,
439_441.mp4,10.16666667,6,2.475400162,1,5,0,3,,,
440_364.mp4,16.76,37,0.495000011,12,12,10,11.33333333,,,
441_439.mp4,10.16666667,8,1.735718625,4,4,0,4,,,
442_195.mp4,13.32,18,1.051527654,8,5,0,6.5,,,
443_514.mp4,14.44,13,1.252333065,5,4,0,4.5,,,
444_655.mp4,14.56666667,20,0.984263144,7,6,0,6.5,,,
445_494.mp4,32.08,15,2.514859268,4,2,3,1.833333333,,,
446_667.mp4,16.92,8,3.093285867,2,2,1,1.666666667,,,
447_431.mp4,10.86666667,5,2.37425077,2,2,0,2,,,
448_361.mp4,15.16666667,25,0.798166662,10,7,8,8.333333333,,,
449_451.mp4,10.2,20,0.717787893,11,8,0,9.5,,,
450_533.mp4,18.6,18,1.935294179,6,4,5,5,,,
451_449.mp4,10.2,29,0.474643026,14,15,0,14.5,,,
452_550.mp4,14.8,1,0,0,0,0,0,,,
453_402.mp4,14.1,5,2.19925034,2,3,0,2.5,,,
454_527.mp4,11.4,1,0,1,0,0,0.5,,,
455_471.mp4,14.8,1,0,1,0,0,0.5,,,
456_435.mp4,19.04,0,0,0,0,0,0,,,
457_398.mp4,21.12,33,0.714375071,9,10,6,8,,,
458_722.mp4,14.625,11,1.282702994,4,2,0,3,,,
459_430.mp4,11.9,3,5.76900053,1,1,0,1,,,
460_678.mp4,13.33333333,3,6.797499299,2,0,0,1,,,
461_250.mp4,22.56,15,1.316928523,2,6,3,3.5,,,
462_467.mp4,14.1,8,2.153428623,4,3,0,3.5,,,
463_464.mp4,12.6,22,0.625571421,11,8,0,9.5,,,
464_463.mp4,12.6,17,0.835500166,6,8,0,7,,,
465_482.mp4,10.96666667,10,0.65533336,4,6,0,5,,,
466_428.mp4,11.13333333,1,0,0,1,0,0.5,,,
467_462.mp4,14.1,16,1.164000034,7,4,0,5.5,,,
468_470.mp4,23.88,11,1.953000021,2,3,1,2.75,,,
469_481.mp4,13.8,27,0.574692295,11,10,0,10.5,,,
470_468.mp4,23.88,25,1.04241547,2,6,6,5.5,,,
471_455.mp4,14.8,19,0.871833444,8,7,0,7.5,,,
472_511.mp4,19.16,10,1.418222242,3,4,3,3.333333333,,,
473_366.mp4,16.16,2,2.744998455,0,1,1,0.666666667,,,
474_281.mp4,9.866666667,26,0.523639908,15,0,0,15,,,
475_265.mp4,13.48,14,0.916305652,7,4,0,5.5,,,
476_400.mp4,12.4,13,0.851417085,6,6,0,6,,,
477_487.mp4,10.63333333,12,1.05881821,6,6,0,6,,,
478_506.mp4,22.26666667,35,0.87864697,10,7,7,8.25,,,
479_706.mp4,10.93333333,1,0,1,0,0,0.5,,,
480_389.mp4,12.56,1,0,1,0,0,0.5,,,
481_469.mp4,13.8,12,1.247818167,8,4,0,6,,,
482_465.mp4,10.96666667,2,1.395999908,0,2,0,1,,,
483_370.mp4,12.5,0,0,0,0,0,0,,,
484_415.mp4,10.63333333,29,0.496286001,14,14,0,14,,,
485_425.mp4,11.2,29,0.537964233,13,13,0,13,,,
486_680.mp4,12,1,0,0,1,0,0.5,,,
487_477.mp4,10.63333333,3,1.291494608,1,2,0,1.5,,,
488_399.mp4,17.26666667,23,0.903408744,11,8,4,7.666666667,,,
489_022.mp4,10.83333333,5,1.599992573,5,0,0,5,,,
490_534.mp4,15.36,33,0.719218671,9,12,11,10.66666667,,,
491_226.mp4,10.93333333,5,1.228750467,0,0,0,0,,,
492_325.mp4,11.56666667,29,0.55396413,14,11,0,12.5,,,
493_538.mp4,15.8,13,1.267747581,6,4,2,4,,,
494_445.mp4,32.08,52,0.706823003,8,6,11,7.833333333,,,
495_512.mp4,22.92,10,1.850111114,0,4,3,2.25,,,
496_417.mp4,28.7,2,4.589999437,0,0,0,0.4,,,
497_403.mp4,20.7,62,0.45173774,15,15,15,15,,,
498_433.mp4,12.68,20,0.679842008,7,7,0,7,,,
499_539.mp4,10.43333333,24,0.577043564,11,13,0,12,,,
500_592.mp4,9.733333333,12,1.557909337,6,0,0,6,,,
501_326.mp4,20.88,40,0.600923037,12,10,7,9.5,,,
502_504.mp4,10.56666667,7,2.101994952,3,4,0,3.5,,,
503_756.mp4,19,2,13.18399954,1,0,1,0.666666667,,,
504_502.mp4,10.56666667,24,0.618912987,11,11,0,11,,,
505_600.mp4,12.93333333,9,2.007626951,3,4,0,3.5,,,
506_478.mp4,22.26666667,3,8.558501005,1,1,1,0.75,,,
507_418.mp4,13.29166667,4,0.72933197,2,2,0,2,,,
508_831.mp4,10.9,0,0,0,0,0,0,,,
509_525.mp4,17.23333333,3,7.748016119,2,1,0,1.5,,,
510_528.mp4,13.6,23,0.671954469,11,5,0,8,,,
511_472.mp4,19.16,7,3.508666595,3,1,2,2,,,
512_495.mp4,22.92,17,1.124937549,5,6,3,4.25,,,
513_305.mp4,19.76,49,0.482624953,13,12,12,12.33333333,,,
514_443.mp4,14.44,22,0.726523808,5,7,0,6,,,
515_519.mp4,30.04,45,0.767090971,7,9,9,7.333333333,,,
516_555.mp4,11.8,13,1.629999797,7,4,0,5.5,,,
517_521.mp4,10.13333333,1,0,0,1,0,0.5,,,
518_131.mp4,19.66666667,0,0,0,0,0,0,,,
519_515.mp4,30.04,39,0.798105259,6,7,10,6.5,,,
520_542.mp4,12.8,2,1.712970018,1,1,0,1,,,
521_517.mp4,10.13333333,4,4.140332619,2,2,0,2,,,
522_337.mp4,13.24,30,0.493172522,12,12,0,12,,,
523_541.mp4,15,16,0.751000023,1,7,8,5.333333333,,,
524_580.mp4,9.733333333,2,4.75499773,2,0,0,2,,,
525_509.mp4,17.23333333,48,0.485425508,15,15,14,14.66666667,,,
526_436.mp4,17.26666667,7,1.966832956,4,2,1,2.333333333,,,
527_454.mp4,11.4,7,2.54583319,2,3,0,2.5,,,
528_510.mp4,13.6,17,0.832374975,5,8,0,6.5,,,
529_633.mp4,11.16666667,11,1.999896884,6,3,0,4.5,,,
530_594.mp4,11.76,6,2.225394106,4,1,0,2.5,,,
531_549.mp4,12.76,4,1.649657567,0,2,0,1,,,
532_544.mp4,11.83333333,2,0.85199976,2,0,0,1,,,
533_450.mp4,18.6,17,2.056877002,8,4,2,4.666666667,,,
534_490.mp4,15.36,10,1.436669641,4,4,2,3.333333333,,,
535_587.mp4,20.86666667,0,0,0,0,0,0,,,
536_540.mp4,24.12,0,0,0,0,0,0,,,
537_563.mp4,12.83333333,35,0.527588346,12,15,0,13.5,,,
538_493.mp4,15.8,12,1.577914346,5,3,2,3.333333333,,,
539_499.mp4,10.43333333,16,0.863933325,8,8,0,8,,,
540_536.mp4,24.12,2,5.212000608,0,0,1,0.5,,,
541_523.mp4,15,4,3.21033144,1,2,1,1.333333333,,,
542_520.mp4,12.8,2,8.010968924,0,1,0,0.5,,,
543_559.mp4,13.36,18,0.809882585,5,9,0,7,,,
544_532.mp4,11.83333333,12,1.438360864,5,4,0,4.5,,,
545_553.mp4,12.13333333,8,1.824289901,5,3,0,4,,,
546_621.mp4,12.33333333,7,2.736667792,3,1,0,2,,,
547_574.mp4,19.84,0,0,0,0,0,0,,,
548_632.mp4,17.08,9,2.265625417,3,3,2,2.666666667,,,
549_531.mp4,12.76,13,1.224626382,6,4,0,5,,,
550_452.mp4,14.8,3,3.330997229,0,1,0,0.5,,,
551_631.mp4,16.96,4,4.107998371,3,1,0,1.333333333,,,
552_851.mp4,12.625,0,0,0,0,0,0,,,
553_545.mp4,12.13333333,8,1.927000046,6,1,0,3.5,,,
554_572.mp4,11.56666667,8,2.003714119,2,5,0,3.5,,,
555_516.mp4,11.8,19,1.080777725,7,8,0,7.5,,,
556_588.mp4,14.88,2,3.643998146,0,2,0,1,,,
557_560.mp4,11.63333333,6,2.70579977,2,3,0,2.5,,,
558_583.mp4,15.83333333,0,0,0,0,0,0,,,
559_543.mp4,13.36,34,0.453545448,13,12,0,12.5,,,
560_557.mp4,11.63333333,6,2.277193165,2,2,0,2,,,
561_998.mp4,11.46666667,7,3.128999233,3,3,0,3,,,
562_626.mp4,15.56666667,19,1.12738861,6,8,5,6.333333333,,,
563_537.mp4,12.83333333,15,1.176357082,5,6,0,5.5,,,
564_971.mp4,11.8,7,2.158166885,3,4,0,3.5,,,
565_589.mp4,17.2,3,4.883999586,1,1,1,1,,,
566_617.mp4,12.48,3,3.759017467,0,2,0,1,,,
567_606.mp4,13.6,1,0,0,0,0,0,,,
568_628.mp4,22.8,30,0.847275882,5,9,4,6.5,,,
569_921.mp4,9.866666667,2,12.36502981,1,0,0,1,,,
570_624.mp4,14,6,2.060401106,1,5,0,3,,,
571_746.mp4,16.43333333,1,0,0,0,1,0.333333333,,,
572_554.mp4,11.56666667,18,0.711354859,9,7,0,8,,,
573_757.mp4,14.7,7,2.600001017,2,4,0,3,,,
574_547.mp4,19.84,22,1.058047556,6,5,7,6,,,
575_603.mp4,11.84,11,1.20879693,7,3,0,5,,,
576_155.mp4,18.44,24,0.818000306,4,7,11,7.333333333,,,
577_593.mp4,11.46666667,0,0,0,0,0,0,,,
578_636.mp4,11.16666667,9,1.031624794,6,3,0,4.5,,,
579_701.mp4,13.1,5,5.088493347,2,1,0,1.5,,,
580_524.mp4,9.733333333,8,1.375424623,4,0,0,4,,,
581_697.mp4,12.73333333,14,1.443076941,5,5,0,5,,,
582_172.mp4,14.36666667,13,1.278583209,6,5,0,5.5,,,
583_558.mp4,15.83333333,0,0,0,0,0,0,,,
584_823.mp4,19.79166667,4,7.024999301,1,0,1,0.666666667,,,
585_599.mp4,11.96666667,14,1.161926013,5,5,0,5,,,
586_223.mp4,5.6,1,0,1,0,0,1,,,
587_535.mp4,20.86666667,3,2.092500091,0,0,0,0.75,,,
588_556.mp4,14.88,0,0,0,0,0,0,,,
589_565.mp4,17.2,27,0.731884626,9,8,7,8,,,
590_034.mp4,13.56666667,21,1.185242009,8,6,0,7,,,
591_605.mp4,21.64,10,1.598404646,3,6,0,2.5,,,
592_500.mp4,9.733333333,2,8.549871206,1,0,0,1,,,
593_577.mp4,11.46666667,15,1.219640255,5,9,0,7,,,
594_530.mp4,11.76,0,0,0,0,0,0,,,
595_597.mp4,9.9,7,1.43504409,4,0,0,4,,,
596_609.mp4,19.56,14,1.623579924,5,3,3,3.666666667,,,
597_595.mp4,9.9,5,1.732749701,2,0,0,2,,,
598_178.mp4,20.84,2,11.97600102,0,1,0,0.5,,,
599_585.mp4,11.96666667,28,0.599143046,12,11,0,11.5,,,
600_505.mp4,12.93333333,0,0,0,0,0,0,,,
601_653.mp4,12.13333333,1,0,0,1,0,0.5,,,
602_397.mp4,11.83333333,13,1.17079403,7,6,0,6.5,,,
603_575.mp4,11.84,7,1.913594604,3,2,0,2.5,,,
604_703.mp4,12.5,12,1.364824252,7,3,0,5,,,
605_591.mp4,21.64,27,0.912829784,8,9,4,6.25,,,
606_567.mp4,13.6,6,2.221268272,2,3,0,2.5,,,
607_683.mp4,10.06666667,2,6.598577976,0,2,0,1,,,
608_675.mp4,16.84,43,0.449936503,13,12,13,12.66666667,,,
609_596.mp4,19.56,4,3.856026252,0,2,0,0.666666667,,,
610_692.mp4,14.16,14,1.130054309,6,6,0,6,,,
611_760.mp4,10.2,14,1.038242615,9,4,0,6.5,,,
612_702.mp4,14,6,2.980223799,4,1,0,2.5,,,
613_685.mp4,16.6,21,0.802472937,9,5,6,6.666666667,,,
614_616.mp4,20.28,29,0.81623481,7,8,5,7,,,
615_687.mp4,18.08,0,0,0,0,0,0,,,
616_614.mp4,20.28,10,2.345191161,2,2,3,2.5,,,
617_566.mp4,12.48,0,0,0,0,0,0,,,
618_629.mp4,15.28,4,3.197150071,0,2,2,1.333333333,,,
619_620.mp4,12.2,3,3.096909642,1,2,0,1.5,,,
620_619.mp4,12.2,8,2.214242254,5,2,0,3.5,,,
621_546.mp4,12.33333333,2,10.37490273,1,1,0,1,,,
622_647.mp4,12.36666667,6,2.175391912,3,3,0,3,,,
623_630.mp4,14.08,7,2.183587909,3,1,0,2,,,
624_570.mp4,14,3,5.74053967,1,1,0,1,,,
625_650.mp4,13.28,0,0,0,0,0,0,,,
626_562.mp4,15.56666667,5,4.382367194,3,1,1,1.666666667,,,
627_658.mp4,14.96,30,0.56974573,12,10,0,11,,,
628_568.mp4,22.8,39,0.647888761,8,9,7,8,,,
629_618.mp4,15.28,2,1.979487658,1,1,0,0.666666667,,,
630_623.mp4,14.08,0,0,0,0,0,0,,,
631_551.mp4,16.96,5,3.566788912,1,1,1,1,,,
632_548.mp4,17.08,8,2.527305876,2,2,3,2.333333333,,,
633_529.mp4,11.16666667,0,0,0,0,0,0,,,
634_660.mp4,13.52,2,2.204166174,0,2,0,1,,,
635_642.mp4,22.92,0,0,0,0,0,0,,,
636_578.mp4,11.16666667,0,0,0,0,0,0,,,
637_427.mp4,9.36,0,0,0,0,0,0,,,
638_640.mp4,10.2,23,0.555497484,13,10,0,11.5,,,
639_841.mp4,17.3,41,0.581979966,13,14,9,12,,,
640_638.mp4,10.2,31,0.462065514,15,15,0,15,,,
641_662.mp4,11.66666667,8,1.900968484,2,3,0,2.5,,,
642_635.mp4,22.92,4,4.770679235,3,0,1,1,,,
643_646.mp4,12.13333333,27,0.609380777,9,14,0,11.5,,,
644_657.mp4,16.52,1,0,0,1,0,0.333333333,,,
645_688.mp4,18.46666667,35,0.957528858,9,7,13,9.666666667,,,
646_643.mp4,12.13333333,1,0,1,0,0,0.5,,,
647_622.mp4,12.36666667,0,0,0,0,0,0,,,
648_654.mp4,16.4,9,0.519538313,7,2,0,3,,,
649_816.mp4,13.7,10,1.530100452,4,4,0,4,,,
650_625.mp4,13.28,11,1.395095897,4,4,0,4,,,
651_835.mp4,15.2,3,1.447127104,0,0,3,1,,,
652_773.mp4,15.2,37,0.530457901,13,12,12,12.33333333,,,
653_601.mp4,12.13333333,10,1.5206604,4,4,0,4,,,
654_648.mp4,16.4,8,2.347165482,4,2,2,2.666666667,,,
655_444.mp4,14.56666667,13,1.384065092,4,3,0,3.5,,,
656_666.mp4,15.32,13,1.373121778,4,7,1,4,,,
657_644.mp4,16.52,9,2.061663628,5,0,3,2.666666667,,,
658_627.mp4,14.96,13,1.395597398,3,4,0,3.5,,,
659_749.mp4,23.1,1,0,0,0,0,0,,,
660_634.mp4,13.52,0,0,0,0,0,0,,,
661_670.mp4,19.24,13,1.718713045,6,1,2,3,,,
662_641.mp4,11.66666667,16,1.029326153,8,6,0,7,,,
663_231.mp4,12.64,8,1.909608262,3,3,0,3,,,
664_668.mp4,9.766666667,20,0.670904699,11,0,0,11,,,
665_679.mp4,12.96,5,2.17141825,1,2,0,1.5,,,
666_656.mp4,15.32,6,2.223145866,1,2,3,2,,,
667_446.mp4,16.92,30,0.859440787,9,6,11,8.666666667,,,
668_664.mp4,9.766666667,6,2.025276136,3,0,0,3,,,
669_682.mp4,19.56,18,1.225841003,3,3,7,4.333333333,,,
670_661.mp4,19.24,8,2.257272107,1,2,1,1.333333333,,,
671_677.mp4,10.46666667,3,1.65062654,3,0,0,1.5,,,
672_720.mp4,18.03333333,13,1.886100789,3,3,5,3.666666667,,,
673_728.mp4,18.93333333,2,0.584999323,2,0,0,0.666666667,,,
674_744.mp4,9.8,11,1.320063663,8,0,0,8,,,
675_608.mp4,16.84,6,3.007294464,4,1,1,2,,,
676_776.mp4,11.03333333,23,0.662381562,11,11,0,11,,,
677_671.mp4,10.46666667,3,4.875528932,2,1,0,1.5,,,
678_460.mp4,13.33333333,7,2.887667934,2,3,0,2.5,,,
679_665.mp4,12.96,20,0.710737304,5,12,0,8.5,,,
680_486.mp4,12,3,2.114557385,2,1,0,1.5,,,
681_711.mp4,11.68,20,0.632891893,10,8,0,9,,,
682_669.mp4,19.56,28,0.780043478,5,6,10,7,,,
683_607.mp4,10.06666667,5,3.053048313,3,2,0,2.5,,,
684_717.mp4,12.46666667,1,0,0,0,0,0,,,
685_613.mp4,16.6,38,0.498457516,13,12,9,11.33333333,,,
686_696.mp4,13.68,24,0.647900301,10,8,0,9,,,
687_615.mp4,18.08,14,1.240119366,3,4,5,4,,,
688_645.mp4,18.46666667,13,1.989332934,2,5,2,3,,,
689_690.mp4,11.03333333,0,0,0,0,0,0,,,
690_689.mp4,11.03333333,18,0.872103383,11,4,0,7.5,,,
691_732.mp4,17.04,42,0.467834979,12,12,13,12.33333333,,,
692_610.mp4,14.16,11,1.576397896,7,2,0,4.5,,,
693_698.mp4,12.16,5,3.071537554,3,0,0,1.5,,,
694_767.mp4,11.96,25,0.533191274,9,11,0,10,,,
695_422.mp4,10.33333333,1,0,1,0,0,0.5,,,
696_686.mp4,13.68,9,1.744060218,4,2,0,3,,,
697_581.mp4,12.73333333,36,0.48077084,15,14,0,14.5,,,
698_693.mp4,12.16,1,0,1,0,0,0.5,,,
699_734.mp4,20.96,17,1.251862496,2,5,3,3.5,,,
700_813.mp4,13.875,12,1.236828479,5,4,0,4.5,,,
701_579.mp4,13.1,19,1.262929598,7,8,0,7.5,,,
702_612.mp4,14,22,0.914952403,7,9,0,8,,,
703_604.mp4,12.5,38,0.454014669,15,15,0,15,,,
704_723.mp4,18,0,0,0,0,0,0,,,
705_707.mp4,15.76666667,9,2.433802158,3,3,2,2.666666667,,,
706_479.mp4,10.93333333,1,0,0,1,0,0.5,,,
707_705.mp4,15.76666667,33,0.62161427,13,9,11,11,,,
708_772.mp4,13.64,1,0,1,0,0,0.5,,,
709_390.mp4,12.5,0,0,0,0,0,0,,,
710_788.mp4,15.12,38,0.455238884,13,12,13,12.66666667,,,
711_681.mp4,11.68,28,0.619022219,13,12,0,12.5,,,
712_716.mp4,22,11,1.840876365,1,8,0,2.25,,,
713_726.mp4,13.66666667,3,5.841032028,0,2,0,1,,,
714_842.mp4,17.88,11,1.589822507,2,4,5,3.666666667,,,
715_721.mp4,19.36666667,19,1.372691751,9,4,2,5,,,
716_712.mp4,22,0,0,0,0,0,0,,,
717_684.mp4,12.46666667,0,0,0,0,0,0,,,
718_972.mp4,12.44,3,4.17229557,0,2,0,1,,,
719_737.mp4,14.76,4,4.586349487,1,1,0,1,,,
720_672.mp4,18.03333333,21,1.100275874,5,7,4,5.333333333,,,
721_715.mp4,19.36666667,49,0.536415875,14,10,13,12.33333333,,,
722_458.mp4,14.625,8,2.343823739,4,2,0,3,,,
723_704.mp4,18,7,2.542779525,1,3,0,1.333333333,,,
724_725.mp4,20,9,3.68273133,2,4,2,2.25,,,
725_724.mp4,20,4,3.919876575,0,1,3,1,,,
726_713.mp4,13.66666667,0,0,0,0,0,0,,,
727_729.mp4,22.16,29,0.826121049,10,5,5,6.75,,,
728_673.mp4,18.93333333,17,1.384042934,6,3,6,5,,,
729_727.mp4,22.16,46,0.537084315,12,11,10,10.5,,,
730_815.mp4,18.08,23,0.836003434,5,7,9,7,,,
731_741.mp4,14.8,1,0,1,0,0,0.5,,,
732_691.mp4,17.04,13,1.299130996,5,5,3,4.333333333,,,
733_935.mp4,20.72,5,4.241257548,1,2,1,1.25,,,
734_699.mp4,20.96,24,0.9705087,7,6,5,6,,,
735_774.mp4,10.43333333,0,0,0,0,0,0,,,
736_785.mp4,16.52,5,3.85972482,1,2,1,1.333333333,,,
737_719.mp4,14.76,4,3.451450745,1,1,0,1,,,
738_804.mp4,11.96666667,21,0.807868922,8,12,0,10,,,
739_865.mp4,6.08,14,1.031873905,11,0,0,11,,,
740_796.mp4,14.5,7,3.354480227,5,0,0,2.5,,,
741_731.mp4,14.8,15,1.182634933,6,5,0,5.5,,,
742_775.mp4,18.63333333,1,0,1,0,0,0.333333333,,,
743_750.mp4,10.36666667,3,2.004628658,1,2,0,1.5,,,
744_674.mp4,9.8,10,1.374747621,7,0,0,7,,,
745_777.mp4,10.83333333,7,1.293137272,1,4,0,2.5,,,
746_571.mp4,16.43333333,19,1.205132021,7,6,4,5.666666667,,,
747_854.mp4,11.76,13,1.05939428,5,5,0,5,,,
748_355.mp4,10.6,5,3.563839734,2,2,0,2,,,
749_659.mp4,23.1,11,3.1012218,4,1,2,1.75,,,
750_743.mp4,10.36666667,15,1.311128736,5,9,0,7,,,
751_752.mp4,11.03333333,7,1.965494514,3,4,0,3.5,,,
752_751.mp4,11.03333333,11,1.231481171,7,4,0,5.5,,,
753_789.mp4,18.9,6,2.856399584,4,2,0,2,,,
754_758.mp4,13.03333333,0,0,0,0,0,0,,,
755_759.mp4,11.2,8,1.884164946,2,6,0,4,,,
756_503.mp4,19,0,0,0,0,0,0,,,
757_573.mp4,14.7,10,1.735037618,1,5,0,3,,,
758_754.mp4,13.03333333,1,0,0,0,0,0,,,
759_755.mp4,11.2,0,0,0,0,0,0,,,
760_611.mp4,10.2,10,1.478563918,6,4,0,5,,,
761_766.mp4,13.72,1,0,1,0,0,0.5,,,
762_832.mp4,16.64,25,0.766922712,6,6,9,7,,,
763_930.mp4,14.93333333,2,2.762455463,0,2,0,1,,,
764_850.mp4,12.3,0,0,0,0,0,0,,,
765_867.mp4,12.93333333,2,7.425969839,1,1,0,1,,,
766_761.mp4,13.72,3,5.780799508,1,1,0,1,,,
767_694.mp4,11.96,1,0,1,0,0,0.5,,,
768_793.mp4,13.2,7,2.167365988,3,3,0,3,,,
769_784.mp4,16.13333333,19,1.071849042,6,4,8,6,,,
770_791.mp4,11.1,4,3.252012968,3,1,0,2,,,
771_849.mp4,12.88,7,2.159954588,3,1,0,2,,,
772_708.mp4,13.64,4,3.110479593,2,1,0,1.5,,,
773_652.mp4,15.2,22,0.932957672,12,5,5,7.333333333,,,
774_735.mp4,10.43333333,9,1.586629987,4,4,0,4,,,
775_742.mp4,18.63333333,4,4.876889944,0,1,0,0.333333333,,,
776_676.mp4,11.03333333,0,0,0,0,0,0,,,
777_745.mp4,10.83333333,3,5.086140275,1,1,0,1,,,
778_798.mp4,10.93333333,0,0,0,0,0,0,,,
779_794.mp4,12.24,31,0.465393233,13,12,0,12.5,,,
780_869.mp4,13.32,4,3.543646495,2,2,0,2,,,
781_806.mp4,12.04,1,0,1,0,0,0.5,,,
782_787.mp4,20.08,29,0.793983391,7,6,7,7.25,,,
783_916.mp4,13.43333333,3,3.846653104,1,2,0,1.5,,,
784_769.mp4,16.13333333,8,2.803272758,3,2,3,2.666666667,,,
785_736.mp4,16.52,20,0.746125133,7,5,8,6.666666667,,,
786_819.mp4,20.8,3,11.51095271,1,0,0,0.75,,,
787_782.mp4,20.08,11,1.84134562,5,2,3,2.75,,,
788_710.mp4,15.12,1,0,1,0,0,0.333333333,,,
789_753.mp4,18.9,1,0,0,0,1,0.333333333,,,
790_014.mp4,22.53333333,31,0.767463819,7,11,10,9.333333333,,,
791_770.mp4,11.1,1,0,0,0,0,0,,,
792_903.mp4,15.32,4,3.375590722,1,2,1,1.333333333,,,
793_768.mp4,13.2,31,0.484000071,11,12,0,11.5,,,
794_779.mp4,12.24,7,1.970000505,2,4,0,3,,,
795_907.mp4,17.5,6,3.680994177,3,2,1,2,,,
796_740.mp4,14.5,4,2.936845779,2,2,0,2,,,
797_844.mp4,14.46666667,38,0.509687424,11,14,0,12.5,,,
798_778.mp4,10.93333333,13,1.288832525,8,5,0,6.5,,,
799_809.mp4,14.68,2,13.86406898,1,0,0,0.5,,,
800_840.mp4,11.26666667,26,0.597805481,11,13,0,12,,,
801_855.mp4,17.76,3,2.8357265,0,2,1,1,,,
802_885.mp4,13.16,0,0,0,0,0,0,,,
803_017.mp4,9.9,1,0,1,0,0,1,,,
804_738.mp4,11.96666667,2,15.01267695,1,0,0,0.5,,,
805_011.mp4,17.125,5,4.002308786,3,0,2,1.666666667,,,
806_781.mp4,12.04,0,0,0,0,0,0,,,
807_273.mp4,10.73333333,5,3.96007061,4,1,0,2.5,,,
808_829.mp4,21.23333333,0,0,0,0,0,0,,,
809_799.mp4,14.68,15,1.093212758,4,6,0,5,,,
810_838.mp4,15.23333333,3,3.974183202,0,1,2,1,,,
811_920.mp4,14.84,4,4.990485827,1,1,0,1,,,
812_821.mp4,14.1,0,0,0,0,0,0,,,
813_700.mp4,13.875,12,1.329852668,6,3,0,4.5,,,
814_871.mp4,11.6,4,3.95131127,1,1,0,1,,,
815_730.mp4,18.08,42,0.492395046,13,12,11,12,,,
816_649.mp4,13.7,2,15.61935997,1,0,0,0.5,,,
817_827.mp4,10.36666667,3,5.930185795,1,2,0,1.5,,,
818_820.mp4,18.64,10,2.000416544,3,4,2,3,,,
819_786.mp4,20.8,1,0,0,0,1,0.25,,,
820_818.mp4,18.64,27,0.776327078,12,7,5,8,,,
821_812.mp4,14.1,18,0.486732974,15,3,0,9,,,
822_244.mp4,11.88,1,0,1,0,0,0.5,,,
823_584.mp4,19.79166667,38,0.561178878,8,9,10,9,,,
824_419.mp4,8.116666667,3,8.128964782,0,0,0,0,,,
825_074.mp4,13.8,1,0,1,0,0,0.5,,,
826_833.mp4,14.2,5,2.675364554,2,3,0,2.5,,,
827_817.mp4,10.36666667,1,0,0,0,0,0,,,
828_830.mp4,12.76,0,0,0,0,0,0,,,
829_808.mp4,21.23333333,17,1.694997445,4,4,3,4,,,
830_828.mp4,12.76,4,3.257027229,3,0,0,1.5,,,
831_508.mp4,10.9,3,2.733242154,1,2,0,1.5,,,
832_762.mp4,16.64,25,0.759587804,8,7,7,7.333333333,,,
833_826.mp4,14.2,36,0.607290622,13,12,0,12.5,,,
834_852.mp4,12.12,24,0.588565401,10,9,0,9.5,,,
835_651.mp4,15.2,0,0,0,0,0,0,,,
836_950.mp4,11.43333333,9,1.730554789,3,3,0,3,,,
837_890.mp4,11.36666667,8,1.747171811,5,2,0,3.5,,,
838_810.mp4,15.23333333,43,0.481530661,13,14,15,14,,,
839_864.mp4,13.04,6,1.763721323,2,4,0,3,,,
840_800.mp4,11.26666667,8,1.429518427,3,5,0,4,,,
841_639.mp4,17.3,0,0,0,0,0,0,,,
842_714.mp4,17.88,18,1.149208027,4,6,5,5,,,
843_859.mp4,10.6,2,4.514489651,1,1,0,1,,,
844_797.mp4,14.46666667,39,0.495246812,14,13,0,13.5,,,
845_846.mp4,14.12,6,0.74739728,2,4,0,3,,,
846_845.mp4,14.12,2,0.451198816,0,2,0,1,,,
847_906.mp4,10.03333333,20,0.693322144,10,10,0,10,,,
848_894.mp4,13.12,25,0.809402188,9,9,0,9,,,
849_771.mp4,12.88,0,0,0,0,0,0,,,
850_764.mp4,12.3,6,2.292687178,1,3,0,2,,,
851_552.mp4,12.625,0,0,0,0,0,0,,,
852_834.mp4,12.12,22,0.627228362,9,9,0,9,,,
853_863.mp4,17.1,52,0.460695374,15,15,15,15,,,
854_747.mp4,11.76,29,0.477878119,12,13,0,12.5,,,
855_801.mp4,17.76,7,2.152725101,3,1,3,2.333333333,,,
856_881.mp4,21.26666667,45,0.65082879,14,10,9,10.5,,,
857_909.mp4,21.23333333,42,0.61146735,7,13,10,10.25,,,
858_861.mp4,19.32,19,1.200463957,8,3,3,4.666666667,,,
859_843.mp4,10.6,3,4.073608994,2,1,0,1.5,,,
860_905.mp4,12.73333333,0,0,0,0,0,0,,,
861_858.mp4,19.32,9,2.233721942,3,5,0,2.666666667,,,
862_047.mp4,10.63333333,3,3.726260781,2,0,0,2,,,
863_853.mp4,17.1,15,1.567751476,7,4,2,4.333333333,,,
864_839.mp4,13.04,1,0,0,1,0,0.5,,,
865_739.mp4,5.066666667,0,0,0,0,0,0,,,
866_878.mp4,16.96666667,25,1.213011593,7,5,9,7,,,
867_765.mp4,12.93333333,9,1.873294413,3,5,0,4,,,
868_949.mp4,14.36666667,1,0,1,0,0,0.5,,,
869_780.mp4,13.32,0,0,0,0,0,0,,,
870_001.mp4,18.4,45,0.462329144,13,12,12,12.33333333,,,
871_814.mp4,11.6,13,1.053572416,5,6,0,5.5,,,
872_873.mp4,18.96,0,0,0,0,0,0,,,
873_872.mp4,18.96,4,3.145227035,0,3,1,1.333333333,,,
874_291.mp4,11,11,1.566507626,5,4,0,4.5,,,
875_979.mp4,11.16666667,6,2.680767059,1,4,0,2.5,,,
876_891.mp4,9.866666667,29,0.464333049,15,0,0,15,,,
877_886.mp4,21,49,0.492961655,13,10,13,11.5,,,
878_866.mp4,16.96666667,46,0.503706572,12,15,14,13.66666667,,,
879_963.mp4,23.06666667,15,2.073323897,3,3,4,3,,,
880_135.mp4,13.625,0,0,0,0,0,0,,,
881_856.mp4,21.26666667,43,0.675800426,14,10,3,9.75,,,
882_952.mp4,11.1,12,1.753295053,5,6,0,5.5,,,
883_013.mp4,13.28,24,0.639695893,10,7,0,8.5,,,
884_968.mp4,12,30,0.451181346,13,12,0,12.5,,,
885_802.mp4,13.16,1,0,0,1,0,0.5,,,
886_877.mp4,21,28,0.870232458,3,7,9,6.5,,,
887_275.mp4,13.56,0,0,0,0,0,0,,,
888_937.mp4,12.28,31,0.449920615,13,12,0,12.5,,,
889_045.mp4,13.16,15,1.371599334,4,7,0,5.5,,,
890_837.mp4,11.36666667,4,3.705355962,2,1,0,1.5,,,
891_876.mp4,9.866666667,19,0.749222279,9,0,0,9,,,
892_112.mp4,10.36666667,3,6.048999429,1,2,0,1.5,,,
893_913.mp4,17.9,13,1.759361843,5,5,1,3.666666667,,,
894_848.mp4,13.12,13,1.623253822,7,0,0,3.5,,,
895_915.mp4,11.76,6,1.290950584,3,3,0,3,,,
896_128.mp4,21.24,38,0.644526636,9,8,7,9,,,
897_969.mp4,13.32,0,0,0,0,0,0,,,
898_922.mp4,13.96,2,7.696302176,1,1,0,1,,,
899_914.mp4,10.23333333,27,0.519106516,14,12,0,13,,,
900_926.mp4,13.32,7,2.042907198,6,0,0,3,,,
901_902.mp4,9.833333333,1,0,0,0,0,0,,,
902_901.mp4,9.833333333,4,2.680642366,2,0,0,2,,,
903_792.mp4,15.32,1,0,1,0,0,0.333333333,,,
904_046.mp4,11.96666667,2,2.29599762,0,2,0,1,,,
905_860.mp4,12.73333333,8,2.145142215,1,4,0,2.5,,,
906_847.mp4,10.03333333,8,2.064018488,4,4,0,4,,,
907_795.mp4,17.5,0,0,0,0,0,0,,,
908_207.mp4,14.41666667,4,5.613615831,1,1,0,1,,,
909_857.mp4,21.23333333,19,0.960293743,0,7,6,4.75,,,
910_911.mp4,9.733333333,2,5.005623817,2,0,0,2,,,
911_910.mp4,9.733333333,10,1.285317103,6,0,0,6,,,
912_927.mp4,25.88,0,0,0,0,0,0,,,
913_893.mp4,17.9,29,0.740999469,9,13,6,9.333333333,,,
914_899.mp4,10.23333333,14,1.03186446,5,8,0,6.5,,,
915_895.mp4,11.76,3,0.450043201,0,3,0,1.5,,,
916_783.mp4,13.43333333,7,2.438004375,4,2,0,3,,,
917_924.mp4,17.92,1,0,0,0,1,0.333333333,,,
918_934.mp4,15.08,15,1.14793144,4,5,6,5,,,
919_015.mp4,14.56666667,23,0.842680844,11,7,0,9,,,
920_811.mp4,14.84,27,0.849309646,7,11,0,9,,,
921_569.mp4,9.866666667,1,0,1,0,0,1,,,
922_898.mp4,13.96,15,1.09617688,8,5,0,6.5,,,
923_023.mp4,22.12,15,1.63655855,4,2,4,3.5,,,
924_917.mp4,17.92,7,2.212932587,0,3,2,1.666666667,,,
925_933.mp4,11.86666667,4,3.395466407,2,2,0,2,,,
926_900.mp4,13.32,3,6.054524183,2,0,0,1,,,
927_912.mp4,25.88,54,0.52569679,9,12,12,10.6,,,
928_160.mp4,12.53333333,4,4.035554727,2,0,0,1,,,
929_962.mp4,15.33333333,0,0,0,0,0,0,,,
930_763.mp4,14.93333333,9,2.34322381,2,3,0,2.5,,,
931_936.mp4,11.88,2,7.114866257,1,1,0,1,,,
932_384.mp4,18.48,29,0.725039056,8,9,8,8.333333333,,,
933_925.mp4,11.86666667,8,1.885216849,4,3,0,3.5,,,
934_918.mp4,15.08,0,0,0,0,0,0,,,
935_733.mp4,20.72,0,0,0,0,0,0,,,
936_931.mp4,11.88,2,5.62501359,1,1,0,1,,,
937_888.mp4,12.28,1,0,0,0,0,0,,,
938_987.mp4,14.76,6,3.168880653,1,2,0,1.5,,,
939_115.mp4,10.66666667,9,1.671109498,6,1,0,3.5,,,
940_941.mp4,12.36,5,1.755611897,4,1,0,2.5,,,
941_940.mp4,12.36,7,1.800150474,4,2,0,3,,,
942_943.mp4,18.8,0,0,0,0,0,0,,,
943_942.mp4,18.8,5,2.716608286,0,2,2,1.333333333,,,
944_032.mp4,10.33333333,2,0.766341448,2,0,0,1,,,
945_044.mp4,11.16666667,5,2.618742347,3,2,0,2.5,,,
946_049.mp4,12,5,3.159063697,1,3,0,2,,,
947_951.mp4,21.36666667,25,1.146932046,10,6,4,6,,,
948_965.mp4,11.6,7,1.562380473,3,4,0,3.5,,,
949_868.mp4,14.36666667,0,0,0,0,0,0,,,
950_836.mp4,11.43333333,12,1.316719034,4,6,0,5,,,
951_947.mp4,21.36666667,4,4.460773945,0,0,1,0.75,,,
952_882.mp4,11.1,4,4.313078642,2,2,0,2,,,
953_974.mp4,12.72,18,0.823449457,9,5,0,7,,,
954_976.mp4,13.12,1,0,0,0,0,0,,,
955_078.mp4,20.92,5,3.770371616,0,3,0,1.25,,,
956_958.mp4,15.68,3,2.453289032,2,1,0,1,,,
957_959.mp4,13.93333333,16,1.548532041,6,4,0,5,,,
958_956.mp4,15.68,1,0,1,0,0,0.333333333,,,
959_957.mp4,13.93333333,24,1.036684389,10,4,0,7,,,
960_999.mp4,11.16666667,25,0.556910634,13,11,0,12,,,
961_069.mp4,10.76666667,6,2.529393578,3,3,0,3,,,
962_929.mp4,15.33333333,2,10.57830095,1,0,1,0.666666667,,,
963_879.mp4,23.06666667,62,0.500392199,14,14,15,13.25,,,
964_174.mp4,6.9,0,0,0,0,0,0,,,
965_948.mp4,11.6,3,5.972462773,2,0,0,1,,,
966_988.mp4,14.56,23,0.703673807,9,8,0,8.5,,,
967_984.mp4,13.56,12,1.153777057,3,5,0,4,,,
968_884.mp4,12,4,2.186944405,3,1,0,2,,,
969_897.mp4,13.32,3,1.733457685,0,2,0,1,,,
970_973.mp4,19.04,0,0,0,0,0,0,,,
971_564.mp4,11.8,31,0.67655801,13,13,0,13,,,
972_718.mp4,12.44,18,0.978934835,9,5,0,7,,,
973_970.mp4,19.04,2,8.912425756,1,1,0,0.666666667,,,
974_953.mp4,12.72,32,0.45014779,13,12,0,12.5,,,
975_978.mp4,10.13333333,0,0,0,0,0,0,,,
976_954.mp4,13.12,0,0,0,0,0,0,,,
977_075.mp4,20.43333333,2,17.99020457,0,1,0,0.25,,,
978_975.mp4,10.13333333,5,2.299157798,2,3,0,2.5,,,
979_875.mp4,11.16666667,10,1.505198876,2,6,0,4,,,
980_992.mp4,15.32,2,10.97871256,1,1,0,0.666666667,,,
981_985.mp4,13.72,4,4.304952304,2,1,0,1.5,,,
982_004.mp4,12.36,26,0.549281797,10,11,0,10.5,,,
983_113.mp4,16.24,4,0.450380325,0,0,4,1.333333333,,,
984_967.mp4,13.56,3,3.416222572,1,2,0,1.5,,,
985_981.mp4,13.72,11,1.404205632,4,4,0,4,,,
986_994.mp4,12.64,4,3.011068503,2,1,0,1.5,,,
987_938.mp4,14.76,24,0.70069964,6,6,0,6,,,
988_966.mp4,14.56,4,5.071148952,3,0,0,1.5,,,
989_993.mp4,16.36,4,2.986567497,3,1,0,1.333333333,,,
990_008.mp4,12.2,1,0,0,1,0,0.5,,,
991_064.mp4,16.08,15,1.128597839,5,7,3,5,,,
992_980.mp4,15.32,0,0,0,0,0,0,,,
993_989.mp4,16.36,3,5.715754986,1,1,1,1,,,
994_986.mp4,12.64,1,0,0,1,0,0.5,,,
995_233.mp4,18.26666667,8,3.227513654,1,2,3,2,,,
996_056.mp4,12.48,32,0.44984826,13,12,0,12.5,,,
997_040.mp4,17.52,4,2.70091629,1,3,0,1.333333333,,,
998_561.mp4,11.46666667,9,1.767769039,5,3,0,4,,,
999_960.mp4,11.16666667,22,0.643195799,11,9,0,10,,,
