Video_ID,Video_Time,Blink_count,Ave_count,1st(5 sec),2st(5 sec),3st(5 sec),Avg Time varibale(5 sec),,母體1-3(5 sec) 標準差,,
000_003.mp4,12.12,9,1.513204098,3,5,0,4,,4.030126328,,
001_870.mp4,18.4,9,2.304154098,2,3,1,2,,,,
002_006.mp4,10.33333333,19,0.750049869,13,6,0,9.5,,,,
003_000.mp4,12.12,22,0.621707632,8,9,0,8.5,,樣本1-3(5 sec)變異數,,
004_982.mp4,12.36,9,1.109478414,1,7,0,4,,16.247334,,
005_010.mp4,15.4,8,2.003884213,2,4,2,2.666666667,,,,
006_002.mp4,10.33333333,15,0.620383688,4,10,0,7,,,,樣本1-3(5 sec)平均數
007_132.mp4,16.52,11,1.678319025,3,3,5,3.666666667,,,,3.285333333
008_990.mp4,12.2,2,8.539314032,1,0,0,0.5,,,,
009_027.mp4,10.5,10,1.437150558,2,7,0,4.5,,,,
010_005.mp4,15.4,9,2.071610332,2,3,4,3,,,,
011_805.mp4,17.125,5,3.919831991,1,0,3,1.333333333,,,,
012_026.mp4,12.88,2,9.948674679,1,0,0,0.5,,,,
013_883.mp4,13.28,0,0,0,0,0,0,,,,
014_790.mp4,22.53333333,41,0.754995531,7,8,11,9,,,,
015_919.mp4,14.56666667,17,1.072252989,10,5,0,7.5,,,,
016_209.mp4,11.23333333,8,1.697372913,4,4,0,4,,,,
017_803.mp4,11.88,2,0.448999405,0,2,0,1,,,,
018_019.mp4,14.4,3,5.049317002,1,1,0,1,,,,
019_018.mp4,14.4,2,6.125738859,1,1,0,1,,,,
020_344.mp4,15.6,38,0.461493131,12,13,12,12.33333333,,,,
021_312.mp4,14.26666667,32,0.57666797,12,12,0,12,,,,
022_489.mp4,10.83333333,1,0,0,1,0,0.5,,,,
023_923.mp4,22.12,1,0,1,0,0,0.25,,,,
024_073.mp4,12.24,4,2.810789585,1,3,0,2,,,,
025_067.mp4,17.93333333,0,0,0,0,0,0,,,,
026_012.mp4,12.88,18,0.836801361,9,5,0,7,,,,
027_009.mp4,10.5,5,2.712069273,1,3,0,2,,,,
028_068.mp4,13.36666667,2,13.05287433,1,0,0,0.5,,,,
029_048.mp4,16.64,0,0,0,0,0,0,,,,
030_193.mp4,9.9,3,1.346713662,0,0,0,0,,,,
031_163.mp4,10.13333333,12,1.171278217,6,6,0,6,,,,
032_944.mp4,10.33333333,10,1.125577079,4,6,0,5,,,,
033_097.mp4,19.12,34,0.514063394,10,11,12,11,,,,
034_590.mp4,13.56666667,20,0.952487983,11,6,0,8.5,,,,
035_036.mp4,13.48,1,0,1,0,0,0.5,,,,
036_035.mp4,13.48,3,3.759976983,2,1,0,1.5,,,,
037_072.mp4,12.44,4,3.766696692,2,1,0,1.5,,,,
038_125.mp4,10.16666667,1,0,0,1,0,0.5,,,,
039_058.mp4,20.3,14,1.887130059,5,3,4,3.5,,,,
040_997.mp4,17.52,5,1.361123979,2,3,0,1.666666667,,,,
041_063.mp4,13.96,14,0.934801395,5,4,0,4.5,,,,
042_084.mp4,14.08333333,22,0.698718207,12,6,0,9,,,,
043_110.mp4,16.5,35,0.62947727,10,10,13,11,,,,
044_945.mp4,11.16666667,10,1.368711207,7,3,0,5,,,,
045_889.mp4,13.16,2,2.444493055,0,0,0,0,,,,
046_904.mp4,11.96666667,2,1.67818284,0,2,0,1,,,,
047_862.mp4,10.63333333,9,1.710516423,1,7,0,4,,,,
048_029.mp4,16.64,18,0.875718229,3,8,7,6,,,,
049_946.mp4,12,6,2.979808617,1,2,0,1.5,,,,
050_059.mp4,21.2,32,0.694115123,3,6,11,7.5,,,,
051_332.mp4,27.8,30,1.018489542,6,4,5,5.2,,,,
052_108.mp4,10,1,0,0,1,0,0.5,,,,
053_095.mp4,16.68,1,0,1,0,0,0.333333333,,,,
054_071.mp4,12.26666667,5,4.070748031,1,3,0,2,,,,
055_147.mp4,13.13333333,16,1.160097933,5,7,0,6,,,,
056_996.mp4,12.48,13,1.146929264,5,7,0,6,,,,
057_070.mp4,14.68,10,1.665714847,2,3,0,2.5,,,,
058_039.mp4,20.3,51,0.535417423,13,12,12,12.5,,,,
059_050.mp4,21.2,41,0.593279892,11,8,11,9.75,,,,
060_088.mp4,26.6,46,0.634818527,10,10,5,8.4,,,,
061_080.mp4,13.48,20,0.672816967,9,7,0,8,,,,
062_066.mp4,14.1,5,3.342942178,1,2,0,1.5,,,,
063_041.mp4,13.96,12,1.391703714,5,3,0,4,,,,
064_991.mp4,16.08,18,0.929376813,6,9,3,6,,,,
065_089.mp4,17.68,30,0.659547025,11,9,7,9,,,,
066_062.mp4,14.1,38,0.512155166,15,11,0,13,,,,
067_025.mp4,17.93333333,6,4.680321074,1,2,2,1.666666667,,,,
068_028.mp4,13.36666667,2,9.589707375,1,0,0,0.5,,,,
069_961.mp4,10.76666667,10,1.525426335,4,5,0,4.5,,,,
070_057.mp4,14.68,24,0.710382887,6,10,0,8,,,,
071_054.mp4,12.26666667,2,5.94260335,1,1,0,1,,,,
072_037.mp4,12.44,6,2.295347834,2,2,0,2,,,,
073_024.mp4,12.24,0,0,0,0,0,0,,,,
074_825.mp4,13.8,2,3.358305931,2,0,0,1,,,,
075_977.mp4,20.43333333,1,0,0,0,0,0,,,,
076_079.mp4,10.96666667,14,1.121733207,8,3,0,5.5,,,,
077_100.mp4,16.92,0,0,0,0,0,0,,,,
078_955.mp4,20.92,11,2.166480374,4,3,1,2.75,,,,
079_076.mp4,10.96666667,3,7.086621284,2,0,0,1,,,,
080_061.mp4,13.48,4,3.659890652,1,1,0,1,,,,
081_087.mp4,12.36,13,1.08393242,4,6,0,5,,,,
082_103.mp4,12.64,4,3.015565713,2,2,0,2,,,,
083_213.mp4,12.6,21,1.095791078,11,8,0,9.5,,,,
084_042.mp4,22.53333333,15,1.410749231,3,1,1,3,,,,
085_124.mp4,12.72,12,1.174249779,6,4,0,5,,,,
086_090.mp4,22.9,3,9.592606544,1,0,1,0.75,,,,
087_081.mp4,12.36,0,0,0,0,0,0,,,,
088_060.mp4,26.6,8,3.922162056,4,1,2,1.6,,,,
089_065.mp4,17.68,20,1.014090488,7,5,6,6,,,,
090_086.mp4,22.9,4,1.953511079,0,0,2,1,,,,
091_116.mp4,10.9,0,0,0,0,0,0,,,,
092_098.mp4,11.96,28,0.493323291,12,12,0,12,,,,
093_121.mp4,12.83333333,0,0,0,0,0,0,,,,
094_111.mp4,17.32,5,3.912052274,1,2,2,1.666666667,,,,
095_053.mp4,16.68,5,1.788948894,2,3,0,1.666666667,,,,
096_101.mp4,16.8,0,0,0,0,0,0,,,,
097_033.mp4,19.12,27,0.818615391,7,7,7,7,,,,
098_092.mp4,11.96,21,0.639149845,8,10,0,9,,,,
099_295.mp4,16.44,5,4.746749163,1,2,1,1.333333333,,,,
100_077.mp4,16.92,9,2.268250436,3,3,2,2.666666667,,,,
101_096.mp4,16.8,3,4.108998775,0,1,1,0.666666667,,,,
102_114.mp4,15.56,39,0.449842051,13,12,13,12.66666667,,,,
103_082.mp4,12.64,1,0,1,0,0,0.5,,,,
104_126.mp4,10.93333333,16,0.894064665,5,11,0,8,,,,
105_180.mp4,10,2,10.21100187,1,1,0,1,,,,
106_198.mp4,11.86666667,14,1.155999807,7,6,0,6.5,,,,
107_109.mp4,11.92,5,2.33874923,2,1,0,1.5,,,,
108_052.mp4,10,7,1.508333127,1,6,0,3.5,,,,
109_107.mp4,11.92,9,1.473624736,3,4,0,3.5,,,,
110_043.mp4,16.5,24,0.936370642,7,5,9,7,,,,
111_094.mp4,17.32,40,0.469974347,13,11,12,12,,,,
112_892.mp4,10.36666667,9,2.024999827,5,3,0,4,,,,
113_983.mp4,16.24,3,0.463497043,0,0,3,1,,,,
114_102.mp4,15.56,5,3.284499943,2,2,1,1.666666667,,,,
115_939.mp4,10.66666667,32,0.458451794,15,15,0,15,,,,
116_091.mp4,10.9,3,3.262499094,0,1,0,0.5,,,,
117_217.mp4,21.92,17,1.467875004,4,3,6,4,,,,
118_120.mp4,14.08,33,0.492937557,12,11,0,11.5,,,,
119_123.mp4,17.31034483,1,0,1,0,0,0.333333333,,,,
120_118.mp4,14.08,2,5.624008417,1,1,0,1,,,,
121_093.mp4,12.83333333,2,4.62800169,2,0,0,1,,,,
122_144.mp4,10.65517241,8,1.955285856,4,3,0,3.5,,,,
123_119.mp4,16.73333333,13,1.807166715,6,4,1,3.666666667,,,,
124_085.mp4,12.72,0,0,0,0,0,0,,,,
125_038.mp4,10.16666667,4,1.414665858,0,4,0,2,,,,
126_104.mp4,10.93333333,17,0.647749841,3,12,0,7.5,,,,
127_129.mp4,11,3,4.058999538,2,1,0,1.5,,,,
128_896.mp4,21.24,26,0.790201197,1,7,5,6,,,,
129_127.mp4,11,33,0.457000904,15,15,0,15,,,,
130_139.mp4,15.12,2,7.603997946,0,1,1,0.666666667,,,,
131_518.mp4,16.38888889,0,0,0,0,0,0,,,,
132_007.mp4,16.52,4,3.420333783,0,1,1,0.666666667,,,,
133_148.mp4,15.83333333,0,0,0,0,0,0,,,,
134_192.mp4,9.566666667,4,2.969665766,2,0,0,2,,,,
135_880.mp4,13.625,33,0.465031251,12,12,0,12,,,,
136_285.mp4,12.76666667,27,0.607307562,8,15,0,11.5,,,,
137_165.mp4,15.48,18,0.947647277,3,7,7,5.666666667,,,,
138_142.mp4,16.4,0,0,0,0,0,0,,,,
139_130.mp4,15.12,2,2.832996845,2,0,0,0.666666667,,,,
140_143.mp4,16.56,33,0.545531161,8,11,12,10.33333333,,,,
141_161.mp4,12.3,3,5.205002308,2,0,0,1,,,,
142_138.mp4,16.4,18,0.884060593,10,3,5,6,,,,
143_140.mp4,16.56,29,0.598000194,10,9,10,9.666666667,,,,
144_122.mp4,10.3,4,2.794332902,3,1,0,2,,,,
145_299.mp4,20.93333333,0,0,0,0,0,0,,,,
146_256.mp4,22.75,20,1.275526373,4,5,2,3.75,,,,
147_055.mp4,13.13333333,22,0.737095322,6,11,0,8.5,,,,
148_133.mp4,15.83333333,11,1.741499925,3,7,1,3.666666667,,,,
149_152.mp4,12.52,0,0,0,0,0,0,,,,
150_153.mp4,18.24,9,2.520000011,5,2,1,2.666666667,,,,
151_225.mp4,10.13333333,0,0,0,0,0,0,,,,
152_149.mp4,12.52,0,0,0,0,0,0,,,,
153_150.mp4,18.24,10,2.049999926,5,1,1,2.333333333,,,,
154_386.mp4,14.96666667,3,4.546000957,0,1,0,0.5,,,,
155_576.mp4,18.44,0,0,0,0,0,0,,,,
156_243.mp4,15.48,5,0.696750164,0,0,0,0,,,,
157_245.mp4,13.36,6,2.592199612,3,2,0,2.5,,,,
158_379.mp4,11.36666667,9,1.738375425,4,4,0,4,,,,
159_175.mp4,13,32,0.463162261,13,12,0,12.5,,,,
160_928.mp4,12.53333333,1,0,1,0,0,0.5,,,,
161_141.mp4,12.3,0,0,0,0,0,0,,,,
162_330.mp4,13.56666667,11,1.296100044,7,4,0,5.5,,,,
163_031.mp4,10.13333333,17,0.842124999,9,8,0,8.5,,,,
164_216.mp4,19.04,6,1.872799587,2,4,0,2,,,,
165_137.mp4,15.48,21,0.560149729,4,8,9,7,,,,
166_167.mp4,13.64,1,0,1,0,0,0.5,,,,
167_166.mp4,13.64,0,0,0,0,0,0,,,,
168_222.mp4,13.56666667,1,0,0,1,0,0.5,,,,
169_227.mp4,14.7,6,3.537399387,2,3,0,2.5,,,,
170_186.mp4,11.13333333,7,3.126166821,2,3,0,2.5,,,,
171_173.mp4,18.03333333,12,2.193548137,3,2,4,3,,,,
172_582.mp4,14.36666667,42,0.471829246,15,14,0,14.5,,,,
173_171.mp4,18.03333333,21,1.053649759,5,4,9,6,,,,
174_964.mp4,13.8,0,0,0,0,0,0,,,,
175_159.mp4,13,22,0.679142804,11,7,0,9,,,,
176_190.mp4,11.03333333,1,0,0,0,0,0,,,,
177_211.mp4,16.4,18,0.966470494,6,3,8,5.666666667,,,,
178_598.mp4,20.84,11,2.25810008,2,3,0,2.5,,,,
179_212.mp4,13.83333333,42,0.454097556,15,15,0,15,,,,
180_105.mp4,10,7,2.235500932,2,5,0,3.5,,,,
181_199.mp4,12.26666667,13,1.166249871,7,5,0,6,,,,
182_242.mp4,11.03333333,1,0,1,0,0,0.5,,,,
183_253.mp4,13,7,0.617666682,7,0,0,3.5,,,,
184_205.mp4,12.28,2,3.96899581,0,2,0,1,,,,
185_276.mp4,13.24,4,3.499998808,1,2,0,1.5,,,,
186_170.mp4,11.13333333,16,1.218800052,8,7,0,7.5,,,,
187_234.mp4,17.6,35,0.683381494,10,8,11,9.666666667,,,,
188_191.mp4,10.33333333,6,2.423000526,3,3,0,3,,,,
189_200.mp4,20.48,16,1.469733413,4,4,3,4,,,,
190_176.mp4,11.03333333,15,1.248071296,7,7,0,7,,,,
191_188.mp4,10.33333333,2,6.504000664,1,1,0,1,,,,
192_134.mp4,9.566666667,9,1.642624944,5,0,0,5,,,,
193_030.mp4,9.9,7,2.342333078,4,0,0,4,,,,
194_235.mp4,12.48,9,1.698625058,4,3,0,3.5,,,,
195_442.mp4,13.32,9,1.421374887,5,1,0,3,,,,
196_310.mp4,15,26,0.630120068,10,8,8,8.666666667,,,,
197_224.mp4,19.52,9,2.469500333,3,4,0,2.333333333,,,,
198_106.mp4,11.86666667,34,0.467666662,13,15,0,14,,,,
199_181.mp4,12.26666667,6,3.082399893,2,2,0,2,,,,
200_189.mp4,20.48,19,1.273389008,5,4,4,4.5,,,,
201_203.mp4,17.84,6,3.033605242,2,2,2,2,,,,
202_348.mp4,12.92,2,1.487002134,0,1,0,0.5,,,,
203_201.mp4,17.84,15,1.395214302,4,5,4,4.333333333,,,,
204_230.mp4,12.4,6,2.298599672,2,4,0,3,,,,
205_184.mp4,12.28,0,0,0,0,0,0,,,,
206_221.mp4,28.56,0,0,0,0,0,0,,,,
207_908.mp4,14.41666667,3,2.588500619,0,2,0,1,,,,
208_215.mp4,18.6,5,2.227000713,3,2,0,1.666666667,,,,
209_016.mp4,11.23333333,32,0.46999999,15,15,0,15,,,,
210_241.mp4,9.733333333,23,0.568545515,11,0,0,11,,,,
211_177.mp4,16.4,37,0.512861152,12,11,11,11.33333333,,,,
212_179.mp4,13.83333333,6,2.001199627,5,1,0,3,,,,
213_083.mp4,12.6,6,2.918399954,5,0,0,2.5,,,,
214_255.mp4,15.4,19,1.120666769,8,2,9,6.333333333,,,,
215_208.mp4,18.6,8,1.731424161,3,3,2,2.666666667,,,,
216_164.mp4,19.04,10,1.920111497,3,3,3,3,,,,
217_117.mp4,21.92,35,0.928323535,5,7,10,7.5,,,,
218_239.mp4,14.12,21,0.762600076,6,8,0,7,,,,
219_220.mp4,14,6,1.79219985,3,3,0,3,,,,
220_219.mp4,14,0,0,0,0,0,0,,,,
221_206.mp4,28.56,0,0,0,0,0,0,,,,
222_168.mp4,13.56666667,1,0,1,0,0,0.5,,,,
223_586.mp4,5.6,7,2.099833647,7,0,0,7,,,,
224_197.mp4,19.52,4,7.256333987,1,1,1,1,,,,
225_151.mp4,10.13333333,0,0,0,0,0,0,,,,
226_491.mp4,10.93333333,14,1.134153678,7,5,0,6,,,,
227_169.mp4,14.7,23,0.858498627,11,5,0,8,,,,
228_289.mp4,22.24,2,13.24403381,1,0,1,0.5,,,,
229_247.mp4,15.68,0,0,0,0,0,0,,,,
230_204.mp4,12.4,1,0,1,0,0,0.5,,,,
231_663.mp4,12.64,7,1.927333792,4,2,0,3,,,,
232_248.mp4,16.53333333,8,2.307857003,1,2,4,2.333333333,,,,
233_995.mp4,18.26666667,19,1.31777766,8,4,4,5.333333333,,,,
234_187.mp4,17.6,4,4.035336653,1,2,1,1.333333333,,,,
235_194.mp4,12.48,11,1.204800105,5,4,0,4.5,,,,
236_237.mp4,26.04,24,0.982217405,6,4,5,4.8,,,,
237_236.mp4,26.04,21,1.381399953,8,4,3,4.25,,,,
238_282.mp4,23.76,9,3.032000214,3,2,1,1.75,,,,
239_218.mp4,14.12,10,1.654333433,5,4,0,4.5,,,,
240_290.mp4,14.06666667,21,0.935950041,9,5,0,7,,,,
241_210.mp4,9.733333333,6,1.676400185,4,0,0,4,,,,
242_182.mp4,11.03333333,0,0,0,0,0,0,,,,
243_156.mp4,15.48,23,0.653772777,11,8,0,9.5,,,,
244_822.mp4,11.88,4,3.757666985,2,1,0,1.5,,,,
245_157.mp4,13.36,4,3.135333935,1,1,0,1,,,,
246_258.mp4,16.53333333,1,0,1,0,0,0.333333333,,,,
247_229.mp4,15.68,6,3.328800535,1,2,3,2,,,,
248_232.mp4,16.53333333,8,2.946285588,2,2,4,2.666666667,,,,
249_280.mp4,20.2,26,1.082680016,4,5,8,6.25,,,,
250_461.mp4,22.56,18,1.315764624,6,3,4,4.25,,,,
251_375.mp4,13.84,7,2.810166121,2,3,0,2.5,,,,
252_266.mp4,18.6,46,0.46106667,13,12,12,12.33333333,,,,
253_183.mp4,13,11,1.678402948,4,4,0,4,,,,
254_261.mp4,17.08,5,2.597999752,0,3,0,1,,,,
255_214.mp4,15.4,11,1.806599975,5,3,3,3.666666667,,,,
256_146.mp4,22.75,4,6.944664955,1,0,1,0.5,,,,
257_420.mp4,30.52,21,1.714201605,4,2,3,3.166666667,,,,
258_246.mp4,16.53333333,6,4.415999985,3,1,0,1.333333333,,,,
259_345.mp4,16.92,25,0.77791669,7,9,5,7,,,,
260_331.mp4,12.08,10,1.44466771,3,6,0,4.5,,,,
261_254.mp4,17.08,2,2.652968884,0,2,0,0.666666667,,,,
262_301.mp4,15.88,5,4.061750174,2,1,1,1.333333333,,,,
263_284.mp4,10,20,0.702684076,6,14,0,10,,,,
264_271.mp4,15.16666667,23,0.904090936,11,8,4,7.666666667,,,,
265_475.mp4,13.48,5,3.617500126,3,1,0,2,,,,
266_252.mp4,18.6,38,0.554324369,13,9,10,10.66666667,,,,
267_286.mp4,10.2,24,0.51899997,14,10,0,12,,,,
268_269.mp4,12.9,16,1.136999671,4,7,0,5.5,,,,
269_268.mp4,12.9,13,1.046583394,10,3,0,6.5,,,,
270_297.mp4,12.44,28,0.514407361,11,11,0,11,,,,
271_264.mp4,15.16666667,2,8.011006594,1,1,0,0.666666667,,,,
272_396.mp4,10.76666667,23,0.628636371,10,11,0,10.5,,,,
273_807.mp4,10.73333333,3,1.160501122,3,0,0,1.5,,,,
274_412.mp4,15.8,0,0,0,0,0,0,,,,
275_887.mp4,13.56,0,0,0,0,0,0,,,,
276_185.mp4,13.24,12,1.121000377,3,5,0,4,,,,
277_335.mp4,12.8,39,0.464420268,15,15,0,15,,,,
278_306.mp4,17.96,11,1.867600226,4,3,3,3.333333333,,,,
279_298.mp4,18.96666667,2,0.450995684,0,2,0,0.666666667,,,,
280_249.mp4,20.2,12,2.466818029,2,2,4,2.75,,,,
281_474.mp4,9.866666667,19,0.62422204,11,0,0,11,,,,
282_238.mp4,23.76,13,2.121333321,4,2,3,2.75,,,,
283_313.mp4,16.03333333,19,1.134944479,8,4,6,6,,,,
284_263.mp4,10,8,1.831428494,4,4,0,4,,,,
285_136.mp4,12.76666667,8,2.201000043,4,2,0,3,,,,
286_267.mp4,10.2,16,0.896933206,5,11,0,8,,,,
287_426.mp4,11.16666667,7,1.510258238,4,3,0,3.5,,,,
288_321.mp4,21.72,5,6.039075255,2,0,0,0.75,,,,
289_228.mp4,22.24,26,0.99702487,6,6,4,5,,,,
290_240.mp4,14.06666667,9,2.21660018,2,3,0,2.5,,,,
291_874.mp4,11,11,1.564265442,5,4,0,4.5,,,,
292_294.mp4,14.16666667,2,6.888017654,0,1,0,0.5,,,,
293_296.mp4,13.44,14,0.834573416,3,6,0,4.5,,,,
294_292.mp4,14.16666667,10,1.828157345,4,4,0,4,,,,
295_099.mp4,16.44,3,3.690114737,0,0,3,1,,,,
296_293.mp4,13.44,1,0,0,0,0,0,,,,
297_270.mp4,12.44,8,1.870436771,3,2,0,2.5,,,,
298_279.mp4,18.96666667,16,1.605509694,3,5,4,4,,,,
299_145.mp4,20.93333333,0,0,0,0,0,0,,,,
300_304.mp4,23.92,16,1.578283278,4,3,5,3.75,,,,
301_262.mp4,15.88,10,1.76071763,4,2,3,3,,,,
302_323.mp4,18.24,0,0,0,0,0,0,,,,
303_309.mp4,22.84,22,1.164051658,8,6,3,5.25,,,,
304_300.mp4,23.92,10,2.545708391,1,0,2,1.75,,,,
305_513.mp4,19.76,50,0.453931191,13,12,13,12.66666667,,,,
306_278.mp4,17.96,17,1.071918085,5,5,5,5,,,,
307_365.mp4,14.76,5,3.251419663,3,0,0,1.5,,,,
308_388.mp4,16.73333333,34,0.659652356,9,10,13,10.66666667,,,,
309_303.mp4,22.84,4,6.092290958,1,0,1,0.75,,,,
310_196.mp4,15,36,0.48293188,13,11,12,12,,,,
311_387.mp4,12.26666667,30,0.570528252,13,10,0,11.5,,,,
312_021.mp4,14.26666667,7,2.970670501,2,3,0,2.5,,,,
313_283.mp4,16.03333333,11,1.768601084,4,3,3,3.333333333,,,,
314_347.mp4,13.76666667,31,0.581727457,10,13,0,11.5,,,,
315_322.mp4,10.13333333,0,0,0,0,0,0,,,,
316_369.mp4,10.66666667,2,2.205100775,2,0,0,1,,,,
317_359.mp4,15.2,10,2.135446601,4,2,4,3.333333333,,,,
318_334.mp4,19,0,0,0,0,0,0,,,,
319_352.mp4,16.84,10,1.870235417,2,4,3,3,,,,
320_328.mp4,10.63333333,10,1.528159936,4,5,0,4.5,,,,
321_288.mp4,21.72,2,9.226489305,0,1,1,0.5,,,,
322_315.mp4,10.13333333,2,0.447969437,2,0,0,1,,,,
323_302.mp4,18.24,10,2.039886104,5,2,2,3,,,,
324_356.mp4,22.32,4,6.915769815,2,1,0,1,,,,
325_492.mp4,11.56666667,26,0.591810503,12,12,0,12,,,,
326_501.mp4,20.88,28,0.840064985,8,9,8,6.75,,,,
327_329.mp4,13.83333333,0,0,0,0,0,0,,,,
328_320.mp4,10.63333333,13,1.071861565,5,8,0,6.5,,,,
329_327.mp4,13.83333333,9,2.267122239,3,2,0,2.5,,,,
330_162.mp4,13.56666667,2,2.670233488,2,0,0,1,,,,
331_260.mp4,12.08,7,1.152968089,1,4,0,2.5,,,,
332_051.mp4,27.8,51,0.606321621,10,7,10,9,,,,
333_377.mp4,13.26666667,40,0.452242808,15,15,0,15,,,,
334_318.mp4,19,0,0,0,0,0,0,,,,
335_277.mp4,12.8,23,0.768180977,8,8,0,8,,,,
336_338.mp4,20.28,9,2.283431232,3,1,3,2.25,,,,
337_522.mp4,13.24,14,1.080700618,4,6,0,5,,,,
338_336.mp4,20.28,14,1.728136888,7,1,1,3.5,,,,
339_392.mp4,15.23333333,20,1.059798253,9,3,7,6.333333333,,,,
340_341.mp4,9.766666667,3,7.701566339,2,0,0,2,,,,
341_340.mp4,9.766666667,6,2.093651056,3,0,0,3,,,,
342_416.mp4,12.08,8,1.920307602,6,0,0,3,,,,
343_363.mp4,11.96,1,0,0,1,0,0.5,,,,
344_020.mp4,15.6,32,0.545958134,8,11,12,10.33333333,,,,
345_259.mp4,16.92,8,1.692998341,4,3,1,2.666666667,,,,
346_351.mp4,20.5,0,0,0,0,0,0,,,,
347_314.mp4,13.76666667,7,1.847969373,1,1,0,1,,,,
348_202.mp4,12.92,0,0,0,0,0,0,,,,
349_350.mp4,16.2,10,1.728611363,2,6,2,3.333333333,,,,
350_349.mp4,16.2,1,0,0,1,0,0.333333333,,,,
351_346.mp4,20.5,52,0.540787117,11,15,10,12.5,,,,
352_319.mp4,16.84,18,1.051223096,6,5,5,5.333333333,,,,
353_383.mp4,11.93333333,9,1.505932808,3,4,0,3.5,,,,
354_362.mp4,15.16666667,10,2.106010119,4,2,4,3.333333333,,,,
355_748.mp4,10.6,4,5.940105518,2,1,0,1.5,,,,
356_324.mp4,22.32,50,0.498764909,12,11,11,11.5,,,,
357_432.mp4,11.53333333,20,0.775651606,14,4,0,9,,,,
358_380.mp4,15.16666667,0,0,0,0,0,0,,,,
359_317.mp4,15.2,3,8.709129333,1,0,2,1,,,,
360_437.mp4,15.4,26,0.696824484,8,9,8,8.333333333,,,,
361_448.mp4,15.16666667,21,0.965959561,6,7,8,7,,,,
362_354.mp4,15.16666667,6,2.92561655,2,3,1,2,,,,
363_343.mp4,11.96,30,0.44999098,13,12,0,12.5,,,,
364_440.mp4,16.76,42,0.457074439,13,12,12,12.33333333,,,,
365_307.mp4,14.76,37,0.450111753,13,12,0,12.5,,,,
366_473.mp4,16.16,0,0,0,0,0,0,,,,
367_371.mp4,25.96,0,0,0,0,0,0,,,,
368_378.mp4,25.36666667,48,0.720901129,15,11,9,9.4,,,,
369_316.mp4,10.66666667,2,0.67611742,0,2,0,1,,,,
370_483.mp4,12.5,4,5.909219027,2,2,0,2,,,,
371_367.mp4,25.96,6,5.54542017,1,1,1,1.2,,,,
372_413.mp4,15.16,0,0,0,0,0,0,,,,
373_394.mp4,16.8,24,0.79109478,6,8,7,7,,,,
374_407.mp4,20.16,11,2.162843204,2,3,2,2.75,,,,
375_251.mp4,13.84,3,2.430824518,0,1,0,0.5,,,,
376_381.mp4,20.6,6,2.43629241,3,1,0,2,,,,
377_333.mp4,13.26666667,10,1.670571433,5,3,0,4,,,,
378_368.mp4,25.36666667,1,0,0,0,0,0.2,,,,
379_158.mp4,11.36666667,15,1.018222604,7,6,0,6.5,,,,
380_358.mp4,15.16666667,0,0,0,0,0,0,,,,
381_376.mp4,20.6,3,6.33300817,2,0,1,0.75,,,,
382_409.mp4,12.52,5,3.44290787,2,1,0,1.5,,,,
383_353.mp4,11.93333333,7,3.085587422,3,3,0,3,,,,
384_932.mp4,18.48,3,7.709896445,1,1,1,1,,,,
385_414.mp4,11.63333333,5,2.902329326,1,2,0,1.5,,,,
386_154.mp4,14.96666667,22,1.18382706,6,4,0,5,,,,
387_311.mp4,12.26666667,0,0,0,0,0,0,,,,
388_308.mp4,16.73333333,0,0,0,0,0,0,,,,
389_480.mp4,12.56,6,3.224977493,4,1,0,2.5,,,,
390_709.mp4,12.5,5,2.423171639,2,2,0,2,,,,
391_406.mp4,20.48,4,6.272273382,1,2,0,1,,,,
392_339.mp4,15.23333333,11,1.994034314,2,2,7,3.666666667,,,,
393_405.mp4,21.24,12,2.100338177,3,2,3,2.75,,,,
394_373.mp4,16.8,2,1.857997417,0,0,2,0.666666667,,,,
395_401.mp4,14.93333333,26,0.750001955,7,12,0,9.5,,,,
396_272.mp4,10.76666667,9,1.769435465,5,3,0,4,,,,
397_602.mp4,11.83333333,22,0.958757923,12,8,0,10,,,,
398_457.mp4,21.12,28,0.846986276,9,8,5,6.5,,,,
399_488.mp4,17.26666667,0,0,0,0,0,0,,,,
400_476.mp4,12.4,7,1.540315747,3,3,0,3,,,,
401_395.mp4,14.93333333,36,0.574380207,13,11,0,12,,,,
402_453.mp4,14.1,14,1.914202855,6,5,0,5.5,,,,
403_497.mp4,20.7,62,0.451533212,15,15,15,15,,,,
404_429.mp4,18.28,14,1.553842196,3,2,4,3,,,,
405_393.mp4,21.24,2,18.92313957,1,0,0,0.5,,,,
406_391.mp4,20.48,2,1.53109169,2,0,0,0.5,,,,
407_374.mp4,20.16,29,0.586780071,2,11,9,7.25,,,,
408_424.mp4,12.24,17,0.786820367,10,5,0,7.5,,,,
409_382.mp4,12.52,7,1.812110623,3,2,0,2.5,,,,
410_411.mp4,15.3,17,1.474000037,3,6,8,5.666666667,,,,
411_410.mp4,15.3,11,2.480400276,6,1,4,3.666666667,,,,
412_274.mp4,15.8,10,1.926777681,2,2,4,2.666666667,,,,
413_372.mp4,15.16,3,4.725000262,1,1,1,1,,,,
414_385.mp4,11.63333333,19,1.066666749,5,10,0,7.5,,,,
415_484.mp4,10.63333333,24,0.618043433,13,9,0,11,,,,
416_342.mp4,12.08,28,0.493221186,12,12,0,12,,,,
417_496.mp4,28.7,5,7.398999989,0,3,0,0.8,,,,
418_507.mp4,13.29166667,0,0,0,0,0,0,,,,
419_824.mp4,8.116666667,42,0.527610488,24,0,0,24,,,,
420_257.mp4,30.52,60,0.581034491,10,11,11,9.666666667,,,,
421_423.mp4,41.52,27,1.697844661,4,4,4,3.25,,,,
422_695.mp4,10.33333333,11,1.765199995,5,6,0,5.5,,,,
423_421.mp4,41.52,25,1.878749718,5,2,2,3,,,,
424_408.mp4,12.24,5,2.238500655,1,3,0,2,,,,
425_485.mp4,11.2,22,0.679047653,8,12,0,10,,,,
426_287.mp4,11.16666667,0,0,0,0,0,0,,,,
427_637.mp4,7.8,0,0,0,0,0,0,,,,
428_466.mp4,11.13333333,9,1.361129075,2,5,0,3.5,,,,
429_404.mp4,18.28,40,0.48266667,10,12,12,11.33333333,,,,
430_459.mp4,11.9,0,0,0,0,0,0,,,,
431_447.mp4,10.86666667,28,0.542223312,14,11,0,12.5,,,,
432_357.mp4,11.53333333,0,0,0,0,0,0,,,,
433_498.mp4,12.68,12,1.268273115,4,4,0,4,,,,
434_438.mp4,11.23333333,11,1.390402985,7,3,0,5,,,,
435_456.mp4,19.04,20,1.086999968,7,5,4,5.333333333,,,,
436_526.mp4,17.26666667,6,2.353400135,3,2,1,2,,,,
437_360.mp4,15.4,13,1.362499774,4,4,4,4,,,,
438_434.mp4,11.23333333,0,0,0,0,0,0,,,,
439_441.mp4,10.16666667,7,2.017500122,3,3,0,3,,,,
440_364.mp4,16.76,38,0.497432406,11,12,11,11.33333333,,,,
441_439.mp4,10.16666667,6,2.475401735,2,4,0,3,,,,
442_195.mp4,13.32,14,1.342076723,6,5,0,5.5,,,,
443_514.mp4,14.44,9,1.783374995,4,1,0,2.5,,,,
444_655.mp4,14.56666667,13,1.609830777,7,5,0,6,,,,
445_494.mp4,32.08,71,0.518057551,11,10,13,11,,,,
446_667.mp4,16.92,29,0.88185708,11,5,9,8.333333333,,,,
447_431.mp4,10.86666667,13,1.14041698,5,6,0,5.5,,,,
448_361.mp4,15.16666667,11,1.187900114,6,4,1,3.666666667,,,,
449_451.mp4,10.2,6,2.039600372,4,2,0,3,,,,
450_533.mp4,18.6,13,2.676000198,5,4,2,3.666666667,,,,
451_449.mp4,10.2,31,0.45096666,15,15,0,15,,,,
452_550.mp4,14.8,1,0,1,0,0,0.5,,,,
453_402.mp4,14.1,7,1.517171582,4,3,0,3.5,,,,
454_527.mp4,11.4,2,8.370004416,1,0,0,0.5,,,,
455_471.mp4,14.8,5,3.453749955,3,1,0,2,,,,
456_435.mp4,19.04,0,0,0,0,0,0,,,,
457_398.mp4,21.12,12,1.60772445,0,5,4,2.75,,,,
458_722.mp4,14.625,16,0.813066657,5,6,0,5.5,,,,
459_430.mp4,11.9,8,1.062285798,5,3,0,4,,,,
460_678.mp4,13.33333333,12,1.174090841,2,5,0,3.5,,,,
461_250.mp4,22.56,0,0,0,0,0,0,,,,
462_467.mp4,14.1,8,2.520000866,3,3,0,3,,,,
463_464.mp4,12.6,18,0.786058636,7,8,0,7.5,,,,
464_463.mp4,12.6,11,1.17439692,7,3,0,5,,,,
465_482.mp4,10.96666667,1,0,1,0,0,0.5,,,,
466_428.mp4,11.13333333,0,0,0,0,0,0,,,,
467_462.mp4,14.1,7,2.587333361,3,1,0,2,,,,
468_470.mp4,23.88,25,1.029376278,4,5,7,5.5,,,,
469_481.mp4,13.8,30,0.560034497,14,11,0,12.5,,,,
470_468.mp4,23.88,25,1.06662492,6,5,3,5.5,,,,
471_455.mp4,14.8,8,2.237142938,3,2,0,2.5,,,,
472_511.mp4,19.16,0,0,0,0,0,0,,,,
473_366.mp4,16.16,20,0.93294736,5,7,7,6.333333333,,,,
474_281.mp4,9.866666667,2,1.478000879,2,0,0,2,,,,
475_265.mp4,13.48,11,1.190503216,5,4,0,4.5,,,,
476_400.mp4,12.4,18,0.701588126,6,9,0,7.5,,,,
477_487.mp4,10.63333333,2,1.19500041,0,2,0,1,,,,
478_506.mp4,22.26666667,11,2.929399943,5,2,1,2.25,,,,
479_706.mp4,10.93333333,0,0,0,0,0,0,,,,
480_389.mp4,12.56,1,0,0,1,0,0.5,,,,
481_469.mp4,13.8,7,1.934838374,1,2,0,1.5,,,,
482_465.mp4,10.96666667,10,0.899666468,3,7,0,5,,,,
483_370.mp4,12.5,3,4.289499998,0,2,0,1,,,,
484_415.mp4,10.63333333,16,0.88713336,7,9,0,8,,,,
485_425.mp4,11.2,24,0.643043435,12,9,0,10.5,,,,
486_680.mp4,12,0,0,0,0,0,0,,,,
487_477.mp4,10.63333333,10,1.301558918,4,6,0,5,,,,
488_399.mp4,17.26666667,49,0.481895794,15,15,14,14.66666667,,,,
489_022.mp4,10.83333333,3,2.225000858,3,0,0,3,,,,
490_534.mp4,15.36,15,1.441857236,5,5,5,5,,,,
491_226.mp4,10.93333333,7,1.964333495,6,0,0,6,,,,
492_325.mp4,11.56666667,35,0.460500016,15,15,0,15,,,,
493_538.mp4,15.8,15,1.23707148,7,4,3,4.666666667,,,,
494_445.mp4,32.08,14,2.729538459,2,2,3,1.666666667,,,,
495_512.mp4,22.92,38,0.62618909,9,11,9,9.25,,,,
496_417.mp4,28.7,8,4.796571425,1,0,2,0.8,,,,
497_403.mp4,20.7,49,0.574500004,11,14,9,11.75,,,,
498_433.mp4,12.68,16,0.90273536,7,6,0,6.5,,,,
499_539.mp4,10.43333333,13,1.097250164,6,7,0,6.5,,,,
500_592.mp4,9.733333333,3,5.580997825,2,0,0,2,,,,
501_326.mp4,20.88,27,0.870615381,10,8,2,6.5,,,,
502_504.mp4,10.56666667,24,0.623956556,12,11,0,11.5,,,,
503_756.mp4,19,0,0,0,0,0,0,,,,
504_502.mp4,10.56666667,6,2.46340003,4,2,0,3,,,,
505_600.mp4,12.93333333,1,0,1,0,0,0.5,,,,
506_478.mp4,22.26666667,32,0.919210088,8,7,7,7.75,,,,
507_418.mp4,13.29166667,10,2.001777649,6,3,0,4.5,,,,
508_831.mp4,10.9,0,0,0,0,0,0,,,,
509_525.mp4,17.23333333,1,0,1,0,0,0.5,,,,
510_528.mp4,13.6,18,0.857587898,6,4,0,5,,,,
511_472.mp4,19.16,9,2.548503816,2,3,3,2.666666667,,,,
512_495.mp4,22.92,7,3.097495,1,3,1,1.75,,,,
513_305.mp4,19.76,45,0.527636311,12,11,10,11,,,,
514_443.mp4,14.44,24,0.690521779,9,6,0,7.5,,,,
515_519.mp4,30.04,40,0.754589765,1,8,8,6.666666667,,,,
516_555.mp4,11.8,5,4.293500006,2,0,0,1,,,,
517_521.mp4,10.13333333,0,0,0,0,0,0,,,,
518_131.mp4,19.66666667,18,0.718292573,4,3,6,4.333333333,,,,
519_515.mp4,30.04,51,0.673059921,11,12,10,8.5,,,,
520_542.mp4,12.8,8,1.847428594,3,2,0,2.5,,,,
521_517.mp4,10.13333333,4,2.144667228,2,2,0,2,,,,
522_337.mp4,13.24,22,0.700666575,8,9,0,8.5,,,,
523_541.mp4,15,5,2.617750347,1,3,1,1.666666667,,,,
524_580.mp4,9.733333333,5,2.741500735,2,0,0,2,,,,
525_509.mp4,17.23333333,52,0.450941175,15,15,15,15,,,,
526_436.mp4,17.26666667,22,0.93556999,4,7,8,6.333333333,,,,
527_454.mp4,11.4,0,0,0,0,0,0,,,,
528_510.mp4,13.6,24,0.637869524,11,8,0,9.5,,,,
529_633.mp4,11.16666667,1,0,1,0,0,0.5,,,,
530_594.mp4,11.76,1,0,0,1,0,0.5,,,,
531_549.mp4,12.76,11,1.403299832,7,2,0,4.5,,,,
532_544.mp4,11.83333333,5,2.351249337,2,3,0,2.5,,,,
533_450.mp4,18.6,19,1.825666547,9,3,4,5.333333333,,,,
534_490.mp4,15.36,18,0.960001763,4,9,5,6,,,,
535_587.mp4,20.86666667,4,6.375000556,2,0,1,1,,,,
536_540.mp4,24.12,1,0,0,0,0,0.25,,,,
537_563.mp4,12.83333333,38,0.473108872,15,15,0,15,,,,
538_493.mp4,15.8,7,2.000166615,3,2,2,2.333333333,,,,
539_499.mp4,10.43333333,30,0.471793051,14,15,0,14.5,,,,
540_536.mp4,24.12,2,26.62500024,1,0,0,0.25,,,,
541_523.mp4,15,17,0.980999872,4,6,7,5.666666667,,,,
542_520.mp4,12.8,4,2.428665956,2,2,0,2,,,,
543_559.mp4,13.36,34,0.451151465,13,12,0,12.5,,,,
544_532.mp4,11.83333333,8,2.001285825,4,2,0,3,,,,
545_553.mp4,12.13333333,11,1.35389998,9,1,0,5,,,,
546_621.mp4,12.33333333,4,3.67000103,1,2,0,1.5,,,,
547_574.mp4,19.84,0,0,0,0,0,0,,,,
548_632.mp4,17.08,3,6.037998676,1,1,0,0.666666667,,,,
549_531.mp4,12.76,10,1.186662886,2,5,0,3.5,,,,
550_452.mp4,14.8,6,3.707800865,4,0,0,2,,,,
551_631.mp4,16.96,1,0,1,0,0,0.333333333,,,,
552_851.mp4,12.625,0,0,0,0,0,0,,,,
553_545.mp4,12.13333333,11,1.255199575,4,7,0,5.5,,,,
554_572.mp4,11.56666667,21,0.763048577,8,10,0,9,,,,
555_516.mp4,11.8,16,1.264799976,8,7,0,7.5,,,,
556_588.mp4,14.88,10,1.409889698,4,5,0,4.5,,,,
557_560.mp4,11.63333333,26,0.610760031,11,10,0,10.5,,,,
558_583.mp4,15.83333333,3,1.643015146,0,3,0,1,,,,
559_543.mp4,13.36,12,1.211087877,6,4,0,5,,,,
560_557.mp4,11.63333333,1,0,1,0,0,0.5,,,,
561_998.mp4,11.46666667,6,3.6843997,3,2,0,2.5,,,,
562_626.mp4,15.56666667,5,3.375250041,2,2,1,1.666666667,,,,
563_537.mp4,12.83333333,6,2.581998301,2,2,0,2,,,,
564_971.mp4,11.8,20,1.074526624,10,8,0,9,,,,
565_589.mp4,17.2,38,0.514432469,12,11,10,11,,,,
566_617.mp4,12.48,4,3.423322757,2,2,0,2,,,,
567_606.mp4,13.48,22,0.574046782,9,11,0,10,,,,
568_628.mp4,22.8,38,0.682324339,10,7,8,8.25,,,,
569_921.mp4,9.866666667,3,7.172000289,2,0,0,2,,,,
570_624.mp4,14,6,2.706407309,3,2,0,2.5,,,,
571_746.mp4,16.43333333,17,1.35662514,6,6,3,5,,,,
572_554.mp4,11.56666667,8,2.004142932,3,4,0,3.5,,,,
573_757.mp4,14.7,7,1.507837852,0,4,0,2,,,,
574_547.mp4,19.84,42,0.542023542,11,10,10,10.33333333,,,,
575_603.mp4,11.84,5,2.377250791,2,2,0,2,,,,
576_155.mp4,18.44,34,0.587848512,11,6,12,9.666666667,,,,
577_593.mp4,11.46666667,3,2.142000437,3,0,0,1.5,,,,
578_636.mp4,11.16666667,4,4.033343474,3,0,0,1.5,,,,
579_701.mp4,13.1,15,1.629428438,5,5,0,5,,,,
580_524.mp4,9.733333333,2,4.828001022,2,0,0,2,,,,
581_697.mp4,12.73333333,31,0.76296765,14,11,0,12.5,,,,
582_172.mp4,14.36666667,2,11.88200235,1,0,0,0.5,,,,
583_558.mp4,15.83333333,0,0,0,0,0,0,,,,
584_823.mp4,19.79166667,1,0,0,0,0,0,,,,
585_599.mp4,11.96666667,22,0.750238226,10,9,0,9.5,,,,
586_223.mp4,5.6,0,0,0,0,0,0,,,,
587_535.mp4,20.86666667,0,0,0,0,0,0,,,,
588_556.mp4,14.88,0,0,0,0,0,0,,,,
589_565.mp4,17.2,0,0,0,0,0,0,,,,
590_034.mp4,13.56666667,14,1.816475868,6,4,0,5,,,,
591_605.mp4,21.64,20,1.24760624,6,8,1,4.5,,,,
592_500.mp4,9.733333333,6,2.250652313,4,0,0,4,,,,
593_577.mp4,11.46666667,8,2.726589067,3,3,0,3,,,,
594_530.mp4,11.76,4,2.741278569,2,2,0,2,,,,
595_597.mp4,9.9,7,1.608282646,4,0,0,4,,,,
596_609.mp4,19.56,1,0,0,0,0,0,,,,
597_595.mp4,9.9,8,1.729429007,4,0,0,4,,,,
598_178.mp4,20.84,0,0,0,0,0,0,,,,
599_585.mp4,11.96666667,19,0.883845051,8,7,0,7.5,,,,
600_505.mp4,12.93333333,10,1.810610268,4,3,0,3.5,,,,
601_653.mp4,12.13333333,0,0,0,0,0,0,,,,
602_397.mp4,11.83333333,6,3.791779423,3,2,0,2.5,,,,
603_575.mp4,11.84,22,0.62152883,11,7,0,9,,,,
604_703.mp4,12.5,8,2.076477017,5,2,0,3.5,,,,
605_591.mp4,21.64,19,1.305230776,5,4,7,4.25,,,,
606_567.mp4,13.6,0,0,0,0,0,0,,,,
607_683.mp4,10.06666667,2,9.961134911,1,1,0,1,,,,
608_675.mp4,16.84,11,1.760457087,5,3,2,3.333333333,,,,
609_596.mp4,19.56,22,1.007403203,6,5,6,5.666666667,,,,
610_692.mp4,14.16,4,3.705450058,2,1,0,1.5,,,,
611_760.mp4,10.2,8,1.903030225,5,2,0,3.5,,,,
612_702.mp4,14,7,2.250302712,3,3,0,3,,,,
613_685.mp4,16.6,34,0.537606868,11,10,11,10.66666667,,,,
614_616.mp4,20.28,10,2.368936406,3,2,2,2.5,,,,
615_687.mp4,18.08,10,2.000622431,2,3,4,3,,,,
616_614.mp4,20.28,46,0.499418089,11,11,12,11.25,,,,
617_566.mp4,12.48,0,0,0,0,0,0,,,,
618_629.mp4,15.28,4,4.438868364,2,1,1,1.333333333,,,,
619_620.mp4,12.2,9,1.136338264,5,3,0,4,,,,
620_619.mp4,12.2,6,2.587250757,5,1,0,3,,,,
621_546.mp4,12.33333333,16,1.093255822,8,4,0,6,,,,
622_647.mp4,12.36666667,21,0.790779686,13,6,0,9.5,,,,
623_630.mp4,14.08,0,0,0,0,0,0,,,,
624_570.mp4,14,5,1.128555,0,5,0,2.5,,,,
625_650.mp4,13.28,0,0,0,0,0,0,,,,
626_562.mp4,15.56666667,9,2.474378437,4,2,3,3,,,,
627_658.mp4,14.96,27,0.644040841,9,12,0,10.5,,,,
628_568.mp4,22.8,29,0.887399358,5,6,4,6,,,,
629_618.mp4,15.28,4,2.748632828,0,3,1,1.333333333,,,,
630_623.mp4,14.08,18,0.844596751,5,8,0,6.5,,,,
631_551.mp4,16.96,13,1.497703274,4,3,3,3.333333333,,,,
632_548.mp4,17.08,14,1.839500024,7,4,2,4.333333333,,,,
633_529.mp4,11.16666667,4,1.485282739,0,3,0,1.5,,,,
634_660.mp4,13.52,0,0,0,0,0,0,,,,
635_642.mp4,22.92,18,1.412256676,2,1,7,4,,,,
636_578.mp4,11.16666667,2,2.296390295,1,1,0,1,,,,
637_427.mp4,9.36,1,0,1,0,0,1,,,,
638_640.mp4,10.2,16,0.879386854,6,10,0,8,,,,
639_841.mp4,17.3,15,1.205881034,3,7,5,5,,,,
640_638.mp4,10.2,17,0.792223647,9,8,0,8.5,,,,
641_662.mp4,11.66666667,17,0.977229863,8,6,0,7,,,,
642_635.mp4,22.92,1,0,1,0,0,0.25,,,,
643_646.mp4,12.13333333,6,2.868285799,2,1,0,1.5,,,,
644_657.mp4,16.52,5,2.434247434,1,1,3,1.666666667,,,,
645_688.mp4,18.46666667,6,4.437699461,2,2,2,2,,,,
646_643.mp4,12.13333333,15,0.916446005,4,11,0,7.5,,,,
647_622.mp4,12.36666667,0,0,0,0,0,0,,,,
648_654.mp4,16.4,9,1.974512517,4,2,3,3,,,,
649_816.mp4,13.7,15,1.124415823,5,5,0,5,,,,
650_625.mp4,13.28,9,1.687678218,4,3,0,3.5,,,,
651_835.mp4,15.2,4,3.446312666,1,0,3,1.333333333,,,,
652_773.mp4,15.2,22,0.915163744,10,7,5,7.333333333,,,,
653_601.mp4,12.13333333,36,0.457789183,15,15,0,15,,,,
654_648.mp4,16.4,5,1.069218338,4,1,0,1.666666667,,,,
655_444.mp4,14.56666667,20,0.935622943,7,7,0,7,,,,
656_666.mp4,15.32,10,1.145706124,3,6,1,3.333333333,,,,
657_644.mp4,16.52,1,0,1,0,0,0.333333333,,,,
658_627.mp4,14.96,15,1.128662433,5,4,0,4.5,,,,
659_749.mp4,23.1,6,6.016238451,2,2,0,1.25,,,,
660_634.mp4,13.52,6,1.599559259,2,2,0,2,,,,
661_670.mp4,19.24,24,0.923116715,4,7,7,6,,,,
662_641.mp4,11.66666667,0,0,0,0,0,0,,,,
663_231.mp4,12.64,8,1.973279033,6,0,0,3,,,,
664_668.mp4,9.766666667,11,1.266256285,6,0,0,6,,,,
665_679.mp4,12.96,15,0.980468103,5,7,0,6,,,,
666_656.mp4,15.32,11,1.381604743,1,6,4,3.666666667,,,,
667_446.mp4,16.92,6,4.008023787,1,3,1,1.666666667,,,,
668_664.mp4,9.766666667,9,1.192831963,5,0,0,5,,,,
669_682.mp4,19.56,0,0,0,0,0,0,,,,
670_661.mp4,19.24,3,8.350467801,1,0,0,0.333333333,,,,
671_677.mp4,10.46666667,2,1.164998055,2,0,0,1,,,,
672_720.mp4,18.03333333,23,1.047985131,7,6,6,6.333333333,,,,
673_728.mp4,18.93333333,0,0,0,0,0,0,,,,
674_744.mp4,9.8,12,1.121428706,9,0,0,9,,,,
675_608.mp4,16.84,42,0.450241868,13,12,13,12.66666667,,,,
676_776.mp4,11.03333333,12,1.192574783,7,5,0,6,,,,
677_671.mp4,10.46666667,5,2.403559327,4,1,0,2.5,,,,
678_460.mp4,13.33333333,9,2.096591473,3,4,0,3.5,,,,
679_665.mp4,12.96,11,0.92264626,1,7,0,4,,,,
680_486.mp4,12,4,1.395224889,2,2,0,2,,,,
681_711.mp4,11.68,13,0.832847178,1,12,0,6.5,,,,
682_669.mp4,19.56,45,0.48895345,11,12,11,11.33333333,,,,
683_607.mp4,10.06666667,0,0,0,0,0,0,,,,
684_717.mp4,12.46666667,0,0,0,0,0,0,,,,
685_613.mp4,16.6,23,0.819774877,7,9,5,7,,,,
686_696.mp4,13.68,11,1.252657127,4,5,0,4.5,,,,
687_615.mp4,18.08,0,0,0,0,0,0,,,,
688_645.mp4,18.46666667,41,0.616228694,11,8,14,11,,,,
689_690.mp4,11.03333333,33,0.461831853,15,15,0,15,,,,
690_689.mp4,11.03333333,0,0,0,0,0,0,,,,
691_732.mp4,17.04,32,0.617926951,9,9,10,9.333333333,,,,
692_610.mp4,14.16,15,1.060070957,6,8,0,7,,,,
693_698.mp4,12.16,3,5.760052323,1,1,0,1,,,,
694_767.mp4,11.96,12,1.167884393,3,5,0,4,,,,
695_422.mp4,10.33333333,2,14.09963393,1,0,0,0.5,,,,
696_686.mp4,13.68,18,0.889435109,8,5,0,6.5,,,,
697_581.mp4,12.73333333,22,0.750681196,10,7,0,8.5,,,,
698_693.mp4,12.16,4,0.644974709,4,0,0,2,,,,
699_734.mp4,20.96,20,1.19376697,4,5,5,4.75,,,,
700_813.mp4,13.875,17,0.872175679,6,6,0,6,,,,
701_579.mp4,13.1,7,3.405644615,5,0,0,2.5,,,,
702_612.mp4,14,36,0.537571423,13,15,0,14,,,,
703_604.mp4,12.5,10,1.775484827,4,3,0,3.5,,,,
704_723.mp4,18,2,0.765059233,1,1,0,0.666666667,,,,
705_707.mp4,15.76666667,1,0,1,0,0,0.333333333,,,,
706_479.mp4,10.93333333,6,3.114597416,3,3,0,3,,,,
707_705.mp4,15.76666667,45,0.47870759,14,15,14,14.33333333,,,,
708_772.mp4,13.64,5,3.266977668,3,1,0,2,,,,
709_390.mp4,12.5,0,0,0,0,0,0,,,,
710_788.mp4,15.12,14,1.058353773,8,3,3,4.666666667,,,,
711_681.mp4,11.68,29,0.617323296,12,13,0,12.5,,,,
712_716.mp4,22,1,0,1,0,0,0.25,,,,
713_726.mp4,13.66666667,8,2.126158033,2,3,0,2.5,,,,
714_842.mp4,17.88,11,1.743221283,3,3,4,3.333333333,,,,
715_721.mp4,19.36666667,38,0.684596539,12,11,7,10,,,,
716_712.mp4,22,10,2.500791364,1,2,2,1.5,,,,
717_684.mp4,12.46666667,4,4.020903349,3,0,0,1.5,,,,
718_972.mp4,12.44,18,0.991048729,8,8,0,8,,,,
719_737.mp4,14.76,4,3.445365191,1,1,0,1,,,,
720_672.mp4,18.03333333,16,1.503230174,4,4,4,4,,,,
721_715.mp4,19.36666667,14,1.798809345,6,3,2,3.666666667,,,,
722_458.mp4,14.625,7,2.64702483,4,2,0,3,,,,
723_704.mp4,18,0,0,0,0,0,0,,,,
724_725.mp4,20,9,3.01612708,0,1,6,2.25,,,,
725_724.mp4,20,0,0,0,0,0,0,,,,
726_713.mp4,13.66666667,0,0,0,0,0,0,,,,
727_729.mp4,22.16,36,0.662251588,12,10,8,8.75,,,,
728_673.mp4,18.93333333,33,0.724466212,15,6,9,10,,,,
729_727.mp4,22.16,48,0.526504877,13,9,10,10.75,,,,
730_815.mp4,18.08,44,0.467728986,12,12,13,12.33333333,,,,
731_741.mp4,14.8,24,0.714656591,11,7,0,9,,,,
732_691.mp4,17.04,35,0.553186865,11,11,10,10.66666667,,,,
733_935.mp4,20.72,0,0,0,0,0,0,,,,
734_699.mp4,20.96,38,0.61468223,10,8,11,9,,,,
735_774.mp4,10.43333333,0,0,0,0,0,0,,,,
736_785.mp4,16.52,7,1.335505287,2,4,1,2.333333333,,,,
737_719.mp4,14.76,12,1.452837619,3,2,0,2.5,,,,
738_804.mp4,11.96666667,1,0,0,0,0,0,,,,
739_865.mp4,6.08,1,0,1,0,0,1,,,,
740_796.mp4,14.5,6,1.091669226,6,0,0,3,,,,
741_731.mp4,14.8,1,0,1,0,0,0.5,,,,
742_775.mp4,18.63333333,14,1.890384637,3,0,5,2.666666667,,,,
743_750.mp4,10.36666667,12,0.987085928,3,9,0,6,,,,
744_674.mp4,9.8,11,1.278319335,7,0,0,7,,,,
745_777.mp4,10.83333333,5,2.445581734,1,2,0,1.5,,,,
746_571.mp4,16.43333333,1,0,0,0,1,0.333333333,,,,
747_854.mp4,11.76,13,0.933969418,4,7,0,5.5,,,,
748_355.mp4,10.6,5,3.232269406,2,2,0,2,,,,
749_659.mp4,23.1,21,1.460621965,5,5,4,4.75,,,,
750_743.mp4,10.36666667,5,2.342908025,0,4,0,2,,,,
751_752.mp4,11.03333333,18,0.841969111,9,8,0,8.5,,,,
752_751.mp4,11.03333333,7,2.065463583,5,2,0,3.5,,,,
753_789.mp4,18.9,12,1.562688221,5,7,0,4,,,,
754_758.mp4,13.03333333,2,0.448027134,0,0,0,0,,,,
755_759.mp4,11.2,3,3.991094589,1,2,0,1.5,,,,
756_503.mp4,19,2,5.84807229,0,1,1,0.666666667,,,,
757_573.mp4,14.7,7,2.22825857,2,4,0,3,,,,
758_754.mp4,13.03333333,0,0,0,0,0,0,,,,
759_755.mp4,11.2,0,0,0,0,0,0,,,,
760_611.mp4,10.2,23,0.588920225,12,11,0,11.5,,,,
761_766.mp4,13.72,3,5.758979559,2,0,0,1,,,,
762_832.mp4,16.64,21,0.91133709,7,5,7,6.333333333,,,,
763_930.mp4,14.93333333,15,1.439947827,5,4,0,4.5,,,,
764_850.mp4,12.3,0,0,0,0,0,0,,,,
765_867.mp4,12.93333333,0,0,0,0,0,0,,,,
766_761.mp4,13.72,0,0,0,0,0,0,,,,
767_694.mp4,11.96,12,1.104674968,6,3,0,4.5,,,,
768_793.mp4,13.2,17,0.868131548,7,9,0,8,,,,
769_784.mp4,16.13333333,4,5.957998196,1,2,1,1.333333333,,,,
770_791.mp4,11.1,11,1.108599544,4,6,0,5,,,,
771_849.mp4,12.88,6,1.566639757,2,4,0,3,,,,
772_708.mp4,13.64,8,2.005921125,3,3,0,3,,,,
773_652.mp4,15.2,42,0.503668198,15,15,11,13.66666667,,,,
774_735.mp4,10.43333333,5,1.95835346,2,3,0,2.5,,,,
775_742.mp4,18.63333333,0,0,0,0,0,0,,,,
776_676.mp4,11.03333333,0,0,0,0,0,0,,,,
777_745.mp4,10.83333333,8,1.672089815,4,4,0,4,,,,
778_798.mp4,10.93333333,14,1.1218126,7,5,0,6,,,,
779_794.mp4,12.24,31,0.464783915,13,12,0,12.5,,,,
780_869.mp4,13.32,1,0,0,0,0,0,,,,
781_806.mp4,12.04,3,4.563941836,2,1,0,1.5,,,,
782_787.mp4,20.08,30,0.751158797,7,8,9,7.5,,,,
783_916.mp4,13.43333333,4,2.634286165,0,3,0,1.5,,,,
784_769.mp4,16.13333333,31,0.718603269,8,11,9,9.333333333,,,,
785_736.mp4,16.52,9,2.059070706,2,3,3,2.666666667,,,,
786_819.mp4,20.8,0,0,0,0,0,0,,,,
787_782.mp4,20.08,23,1.016942685,5,4,6,5.5,,,,
788_710.mp4,15.12,16,1.106747723,5,8,3,5.333333333,,,,
789_753.mp4,18.9,3,3.869984269,0,0,2,0.666666667,,,,
790_014.mp4,22.53333333,39,0.533097411,10,13,14,12.33333333,,,,
791_770.mp4,11.1,0,0,0,0,0,0,,,,
792_903.mp4,15.32,26,0.561709805,11,10,5,8.666666667,,,,
793_768.mp4,13.2,8,1.857571125,3,4,0,3.5,,,,
794_779.mp4,12.24,13,1.051333805,4,8,0,6,,,,
795_907.mp4,17.5,2,17.68300009,1,0,1,0.666666667,,,,
796_740.mp4,14.5,7,1.492865046,3,4,0,3.5,,,,
797_844.mp4,14.46666667,25,0.804463903,10,4,0,7,,,,
798_778.mp4,10.93333333,1,0,0,1,0,0.5,,,,
799_809.mp4,14.68,1,0,0,0,0,0,,,,
800_840.mp4,11.26666667,22,0.693871975,9,11,0,10,,,,
801_855.mp4,17.76,2,0.449100733,0,0,2,0.666666667,,,,
802_885.mp4,13.16,0,0,0,0,0,0,,,,
803_017.mp4,9.9,2,8.627116203,1,0,0,1,,,,
804_738.mp4,11.96666667,7,1.411167185,5,2,0,3.5,,,,
805_011.mp4,17.125,32,0.593587929,9,10,9,9.333333333,,,,
806_781.mp4,12.04,0,0,0,0,0,0,,,,
807_273.mp4,10.73333333,4,2.025165717,4,0,0,2,,,,
808_829.mp4,21.23333333,15,1.958478298,4,3,4,3.5,,,,
809_799.mp4,14.68,8,2.173307896,2,1,0,1.5,,,,
810_838.mp4,15.23333333,7,3.444064935,3,2,2,2.333333333,,,,
811_920.mp4,14.84,17,1.030735627,3,8,0,5.5,,,,
812_821.mp4,14.1,10,1.065685352,2,8,0,5,,,,
813_700.mp4,13.875,20,0.74348328,7,9,0,8,,,,
814_871.mp4,11.6,10,1.460184521,3,5,0,4,,,,
815_730.mp4,18.08,20,1.000253502,6,6,6,6,,,,
816_649.mp4,13.7,5,3.297669888,2,2,0,2,,,,
817_827.mp4,10.36666667,11,1.354235816,5,6,0,5.5,,,,
818_820.mp4,18.64,43,0.496086223,13,11,11,11.66666667,,,,
819_786.mp4,20.8,10,2.970352756,3,3,0,2.5,,,,
820_818.mp4,18.64,3,7.800796032,1,0,1,0.666666667,,,,
821_812.mp4,14.1,5,1.654041409,4,1,0,2.5,,,,
822_244.mp4,11.88,4,2.659351428,1,2,0,1.5,,,,
823_584.mp4,19.79166667,45,0.479060601,12,12,10,11.33333333,,,,
824_419.mp4,8.116666667,3,2.08511436,0,0,0,0,,,,
825_074.mp4,13.8,1,0,0,1,0,0.5,,,,
826_833.mp4,14.2,20,0.824895671,7,10,0,8.5,,,,
827_817.mp4,10.36666667,0,0,0,0,0,0,,,,
828_830.mp4,12.76,4,3.386559327,3,1,0,2,,,,
829_808.mp4,21.23333333,19,1.235910005,2,7,3,4.5,,,,
830_828.mp4,12.76,7,1.815860828,2,2,0,2,,,,
831_508.mp4,10.9,10,1.615734339,6,4,0,5,,,,
832_762.mp4,16.64,29,0.657375787,6,9,10,8.333333333,,,,
833_826.mp4,14.2,10,2.277238581,4,4,0,4,,,,
834_852.mp4,12.12,31,0.451628097,13,12,0,12.5,,,,
835_651.mp4,15.2,0,0,0,0,0,0,,,,
836_950.mp4,11.43333333,10,1.633490192,3,5,0,4,,,,
837_890.mp4,11.36666667,8,1.980927093,6,1,0,3.5,,,,
838_810.mp4,15.23333333,25,0.717600971,3,12,10,8.333333333,,,,
839_864.mp4,13.04,0,0,0,0,0,0,,,,
840_800.mp4,11.26666667,7,2.483381152,3,3,0,3,,,,
841_639.mp4,17.3,1,0,0,1,0,0.333333333,,,,
842_714.mp4,17.88,15,0.983894093,1,8,4,4.333333333,,,,
843_859.mp4,10.6,8,1.656816006,4,3,0,3.5,,,,
844_797.mp4,14.46666667,41,0.480489922,14,15,0,14.5,,,,
845_846.mp4,14.12,4,1.075040261,1,3,0,2,,,,
846_845.mp4,14.12,16,1.032176272,4,7,0,5.5,,,,
847_906.mp4,10.03333333,27,0.484590769,13,14,0,13.5,,,,
848_894.mp4,13.12,24,0.836157094,11,7,0,9,,,,
849_771.mp4,12.88,7,2.152227362,3,0,0,1.5,,,,
850_764.mp4,12.3,22,0.77522036,6,10,0,8,,,,
851_552.mp4,12.625,2,0.449435472,0,0,0,0,,,,
852_834.mp4,12.12,18,0.685824352,7,7,0,7,,,,
853_863.mp4,17.1,37,0.634272728,11,10,12,11,,,,
854_747.mp4,11.76,29,0.470373894,13,12,0,12.5,,,,
855_801.mp4,17.76,4,5.190633138,1,2,0,1,,,,
856_881.mp4,21.26666667,46,0.641614882,14,11,5,10.5,,,,
857_909.mp4,21.23333333,46,0.629176505,8,13,11,10.75,,,,
858_861.mp4,19.32,20,1.023516341,9,4,4,5.666666667,,,,
859_843.mp4,10.6,4,4.621442238,2,1,0,1.5,,,,
860_905.mp4,12.73333333,0,0,0,0,0,0,,,,
861_858.mp4,19.32,14,1.55795886,4,6,2,4,,,,
862_047.mp4,10.63333333,3,6.128952861,2,0,0,2,,,,
863_853.mp4,17.1,15,1.352449621,3,8,4,5,,,,
864_839.mp4,13.04,2,5.172695398,1,1,0,1,,,,
865_739.mp4,5.066666667,7,2.988498449,7,0,0,7,,,,
866_878.mp4,16.96666667,41,0.764435709,12,9,14,11.66666667,,,,
867_765.mp4,12.93333333,29,0.611133524,8,13,0,10.5,,,,
868_949.mp4,14.36666667,0,0,0,0,0,0,,,,
869_780.mp4,13.32,0,0,0,0,0,0,,,,
870_001.mp4,18.4,43,0.485705143,12,11,12,11.66666667,,,,
871_814.mp4,11.6,14,0.994378842,3,8,0,5.5,,,,
872_873.mp4,18.96,7,2.107797861,0,4,2,2,,,,
873_872.mp4,18.96,2,21.76531482,1,0,0,0.333333333,,,,
874_291.mp4,11,15,1.131405268,7,7,0,7,,,,
875_979.mp4,11.16666667,2,2.070280075,2,0,0,1,,,,
876_891.mp4,9.866666667,17,0.723035187,6,0,0,6,,,,
877_886.mp4,21,14,1.836154461,4,3,4,3.25,,,,
878_866.mp4,16.96666667,29,0.801841617,7,11,7,8.333333333,,,,
879_963.mp4,23.06666667,40,0.695786757,6,5,11,8.5,,,,
880_135.mp4,13.625,0,0,0,0,0,0,,,,
881_856.mp4,21.26666667,42,0.691103208,14,7,8,9.75,,,,
882_952.mp4,11.1,3,9.954212904,2,0,0,1,,,,
883_013.mp4,13.28,4,3.495823304,1,2,0,1.5,,,,
884_968.mp4,12,30,0.455017254,13,12,0,12.5,,,,
885_802.mp4,13.16,0,0,0,0,0,0,,,,
886_877.mp4,21,53,0.450077089,13,12,13,12.5,,,,
887_275.mp4,13.56,0,0,0,0,0,0,,,,
888_937.mp4,12.28,13,1.106392602,5,7,0,6,,,,
889_045.mp4,13.16,0,0,0,0,0,0,,,,
890_837.mp4,11.36666667,7,2.01274244,3,2,0,2.5,,,,
891_876.mp4,9.866666667,29,0.496285677,14,0,0,14,,,,
892_112.mp4,10.36666667,8,2.235879489,5,3,0,4,,,,
893_913.mp4,17.9,13,1.794380665,3,5,4,4,,,,
894_848.mp4,13.12,19,1.019092229,8,6,0,7,,,,
895_915.mp4,11.76,10,0.978584237,4,5,0,4.5,,,,
896_128.mp4,21.24,47,0.511788062,12,11,10,11,,,,
897_969.mp4,13.32,1,0,1,0,0,0.5,,,,
898_922.mp4,13.96,1,0,1,0,0,0.5,,,,
899_914.mp4,10.23333333,13,1.083589832,6,7,0,6.5,,,,
900_926.mp4,13.32,7,0.57731835,7,0,0,3.5,,,,
901_902.mp4,9.833333333,11,1.164239097,4,0,0,4,,,,
902_901.mp4,9.833333333,6,2.408852148,4,0,0,4,,,,
903_792.mp4,15.32,5,2.914835513,1,1,3,1.666666667,,,,
904_046.mp4,11.96666667,3,6.926508069,2,1,0,1.5,,,,
905_860.mp4,12.73333333,14,1.182738231,3,8,0,5.5,,,,
906_847.mp4,10.03333333,5,2.718919098,4,1,0,2.5,,,,
907_795.mp4,17.5,8,2.453577484,3,3,2,2.666666667,,,,
908_207.mp4,14.41666667,4,4.717446566,1,1,0,1,,,,
909_857.mp4,21.23333333,1,0,0,1,0,0.25,,,,
910_911.mp4,9.733333333,17,0.773547202,8,0,0,8,,,,
911_910.mp4,9.733333333,6,2.210897446,3,0,0,3,,,,
912_927.mp4,25.88,10,2.956061893,3,0,3,2,,,,
913_893.mp4,17.9,33,0.674800113,10,14,6,10,,,,
914_899.mp4,10.23333333,21,0.684145594,10,10,0,10,,,,
915_895.mp4,11.76,2,0.452107906,0,2,0,1,,,,
916_783.mp4,13.43333333,3,3.804019451,1,2,0,1.5,,,,
917_924.mp4,17.92,8,2.68690518,1,3,3,2.333333333,,,,
918_934.mp4,15.08,3,6.36007607,1,0,2,1,,,,
919_015.mp4,14.56666667,36,0.53629741,14,14,0,14,,,,
920_811.mp4,14.84,5,4.756905854,1,1,0,1,,,,
921_569.mp4,9.866666667,1,0,1,0,0,1,,,,
922_898.mp4,13.96,16,0.939405537,7,5,0,6,,,,
923_023.mp4,22.12,32,0.78566269,7,9,7,7.25,,,,
924_917.mp4,17.92,4,6.19563516,2,1,0,1,,,,
925_933.mp4,11.86666667,9,1.643107384,4,4,0,4,,,,
926_900.mp4,13.32,7,1.553051074,5,2,0,3.5,,,,
927_912.mp4,25.88,13,2.254520734,5,2,3,2.6,,,,
928_160.mp4,12.53333333,15,1.205223049,6,7,0,6.5,,,,
929_962.mp4,15.33333333,6,3.834450722,2,1,3,2,,,,
930_763.mp4,14.93333333,0,0,0,0,0,0,,,,
931_936.mp4,11.88,2,2.027471781,2,0,0,1,,,,
932_384.mp4,18.48,9,2.362587303,3,3,2,2.666666667,,,,
933_925.mp4,11.86666667,3,5.542994499,1,1,0,1,,,,
934_918.mp4,15.08,15,1.141109024,4,5,6,5,,,,
935_733.mp4,20.72,1,0,0,0,1,0.25,,,,
936_931.mp4,11.88,7,1.928387642,2,4,0,3,,,,
937_888.mp4,12.28,27,0.529515917,10,11,0,10.5,,,,
938_987.mp4,14.76,23,0.744514758,5,7,0,6,,,,
939_115.mp4,10.66666667,6,1.449657774,2,4,0,3,,,,
940_941.mp4,12.36,9,1.716023713,4,4,0,4,,,,
941_940.mp4,12.36,2,0.44943881,2,0,0,1,,,,
942_943.mp4,18.8,0,0,0,0,0,0,,,,
943_942.mp4,18.8,24,0.862859208,7,6,6,6.333333333,,,,
944_032.mp4,10.33333333,0,0,0,0,0,0,,,,
945_044.mp4,11.16666667,5,2.520651162,3,2,0,2.5,,,,
946_049.mp4,12,13,1.075170557,4,8,0,6,,,,
947_951.mp4,21.36666667,5,6.110748708,2,0,1,1.25,,,,
948_965.mp4,11.6,7,2.486616929,3,3,0,3,,,,
949_868.mp4,14.36666667,2,0.448121071,1,1,0,1,,,,
950_836.mp4,11.43333333,12,1.66913919,4,5,0,4.5,,,,
951_947.mp4,21.36666667,31,0.909591254,9,5,8,7.5,,,,
952_882.mp4,11.1,12,1.198992968,4,7,0,5.5,,,,
953_974.mp4,12.72,20,0.720072834,11,7,0,9,,,,
954_976.mp4,13.12,1,0,0,0,0,0,,,,
955_078.mp4,20.92,3,4.815642118,1,2,0,0.75,,,,
956_958.mp4,15.68,5,3.965420723,3,1,1,1.666666667,,,,
957_959.mp4,13.93333333,25,1.025084297,11,4,0,7.5,,,,
958_956.mp4,15.68,2,6.394619226,1,1,0,0.666666667,,,,
959_957.mp4,13.93333333,15,1.654715095,5,6,0,5.5,,,,
960_999.mp4,11.16666667,24,0.639218071,13,9,0,11,,,,
961_069.mp4,10.76666667,0,0,0,0,0,0,,,,
962_929.mp4,15.33333333,0,0,0,0,0,0,,,,
963_879.mp4,23.06666667,33,0.939743333,8,11,6,6.5,,,,
964_174.mp4,6.9,13,1.16676718,11,0,0,11,,,,
965_948.mp4,11.6,0,0,0,0,0,0,,,,
966_988.mp4,14.56,30,0.559985597,13,10,0,11.5,,,,
967_984.mp4,13.56,7,2.010437568,3,3,0,3,,,,
968_884.mp4,12,14,1.002341087,8,4,0,6,,,,
969_897.mp4,13.32,0,0,0,0,0,0,,,,
970_973.mp4,19.04,5,4.142049253,3,1,1,1.666666667,,,,
971_564.mp4,11.8,15,1.282732027,7,7,0,7,,,,
972_718.mp4,12.44,2,3.241709232,0,2,0,1,,,,
973_970.mp4,19.04,1,0,1,0,0,0.333333333,,,,
974_953.mp4,12.72,30,0.478401603,13,12,0,12.5,,,,
975_978.mp4,10.13333333,0,0,0,0,0,0,,,,
976_954.mp4,13.12,0,0,0,0,0,0,,,,
977_075.mp4,20.43333333,14,1.950435308,6,4,2,3.5,,,,
978_975.mp4,10.13333333,10,1.104855829,6,4,0,5,,,,
979_875.mp4,11.16666667,23,0.640980395,9,12,0,10.5,,,,
980_992.mp4,15.32,0,0,0,0,0,0,,,,
981_985.mp4,13.72,13,1.174177051,3,7,0,5,,,,
982_004.mp4,12.36,31,0.451262387,13,12,0,12.5,,,,
983_113.mp4,16.24,12,1.446122516,4,3,4,3.666666667,,,,
984_967.mp4,13.56,9,1.169193774,1,5,0,3,,,,
985_981.mp4,13.72,3,5.268419862,2,1,0,1.5,,,,
986_994.mp4,12.64,9,1.434363455,3,4,0,3.5,,,,
987_938.mp4,14.76,5,2.407824695,0,2,0,1,,,,
988_966.mp4,14.56,4,4.906523784,2,1,0,1.5,,,,
989_993.mp4,16.36,1,0,1,0,0,0.333333333,,,,
990_008.mp4,12.2,5,1.834066272,3,2,0,2.5,,,,
991_064.mp4,16.08,1,0,0,1,0,0.333333333,,,,
992_980.mp4,15.32,1,0,0,1,0,0.333333333,,,,
993_989.mp4,16.36,7,2.648979982,3,3,1,2.333333333,,,,
994_986.mp4,12.64,2,4.859999895,1,1,0,1,,,,
995_233.mp4,18.26666667,7,1.837590178,0,4,2,2,,,,
996_056.mp4,12.48,32,0.44990678,13,12,0,12.5,,,,
997_040.mp4,17.52,11,1.755334282,3,4,3,3.333333333,,,,
998_561.mp4,11.46666667,17,0.897384003,11,5,0,8,,,,
999_960.mp4,11.16666667,22,0.587299994,11,11,0,11,,,,
