Video_ID,Video_Time,Blink_count,Ave_count,1st(5 sec),2st(5 sec),3st(5 sec),Avg Time varibale(5 sec),樣本1-3(5 sec)平均數,樣本1-3(5 sec)變異數,母體1-3(5 sec) 標準差,母體1-3(5 sec) 標準差
000.mp4,15.84,13,1.373044829,3,5,3,3.666666667,3.666666667,1.333333333,,4.043528437
001.mp4,18.4,12,1.734938513,2,5,3,3.333333333,3.333333333,2.333333333,,
002.mp4,23.1,45,0.706521619,13,6,5,8.75,8,19,,樣本1-3(5 sec)變異數
003.mp4,12.12,22,0.619316567,9,9,0,9,6,27,,16.35557408
004.mp4,12.36,10,0.988637182,2,6,0,4,2.666666667,9.333333333,,樣本1-3(5 sec)平均數
005.mp4,15.4,10,1.736416048,3,4,3,3.333333333,3.333333333,0.333333333,,3.843333333
006.mp4,10.33333333,14,0.671773012,4,9,0,6.5,4.333333333,20.33333333,,
007.mp4,20.2,15,1.558381353,2,3,5,3.75,3.333333333,2.333333333,,
008.mp4,25.48,9,3.19368732,2,1,3,1.6,2,1,,
009.mp4,19.6,21,1.221369183,4,10,3,5.666666667,5.666666667,14.33333333,,
010.mp4,18.96,15,1.375914676,3,4,5,4,4,1,,
011.mp4,26.33333333,14,1.409247215,3,1,7,2.8,3.666666667,9.333333333,,
012.mp4,14.52,4,3.70544823,1,1,0,1,0.666666667,0.333333333,,
013.mp4,13.28,0,0,0,0,0,0,0,0,,
014.mp4,22.53333333,40,0.770022429,6,9,10,9,8.333333333,4.333333333,,
015.mp4,14.56666667,21,0.868711793,12,5,0,8.5,5.666666667,36.33333333,,
016.mp4,22.6,15,2.02434252,4,4,1,3,3,3,,
017.mp4,13.26666667,15,1.163819381,8,1,0,4.5,3,19,,
018.mp4,14.4,5,3.559510827,2,2,0,2,1.333333333,1.333333333,,
019.mp4,46.16666667,4,13.0115641,1,1,0,0.444444444,0.666666667,0.333333333,,
020.mp4,15.6,39,0.45127304,13,12,13,12.66666667,12.66666667,0.333333333,,
021.mp4,14.36666667,31,0.586396901,11,13,0,12,8,49,,
022.mp4,10.83333333,2,9.18285799,1,1,0,1,0.666666667,0.333333333,,
023.mp4,22.12,0,0,0,0,0,0,0,0,,
024.mp4,12.24,4,3.032600641,1,2,0,1.5,1,1,,
025.mp4,24.9,0,0,0,0,0,0,0,0,,
026.mp4,12.88,20,0.745826696,10,5,0,7.5,5,25,,
027.mp4,10.5,6,2.169280195,1,4,0,2.5,1.666666667,4.333333333,,
028.mp4,14.46666667,2,1.39607501,2,0,0,1,0.666666667,1.333333333,,
029.mp4,16.64,0,0,0,0,0,0,0,0,,
030.mp4,9.9,8,1.149528776,1,0,0,1,0.333333333,0.333333333,,
031.mp4,16.06666667,15,1.458768436,6,5,3,4.666666667,4.666666667,2.333333333,,
032.mp4,10.33333333,11,1.012463212,6,5,0,5.5,3.666666667,10.33333333,,
033.mp4,32.36,65,0.559527762,10,12,11,10.33333333,11,1,,
034.mp4,13.56666667,23,0.822430762,12,7,0,9.5,6.333333333,36.33333333,,
035.mp4,16.92,2,0.810248852,2,0,0,0.666666667,0.666666667,1.333333333,,
036.mp4,13.48,4,3.480535905,2,2,0,2,1.333333333,1.333333333,,
037.mp4,18.16,6,3.117520952,1,3,1,1.666666667,1.666666667,1.333333333,,
038.mp4,10.16666667,1,0,0,1,0,0.5,0.333333333,0.333333333,,
039.mp4,20.3,14,1.886995609,5,4,4,3.5,4.333333333,0.333333333,,
040.mp4,21.92,6,2.899412775,2,2,1,1.666666667,1.666666667,0.333333333,,
041.mp4,13.96,17,0.762410432,7,6,0,6.5,4.333333333,14.33333333,,
042.mp4,22.53333333,20,0.77248951,7,6,2,4.5,5,7,,
043.mp4,16.5,24,0.9302607,8,6,9,7.666666667,7.666666667,2.333333333,,
044.mp4,11.16666667,8,1.766067845,6,2,0,4,2.666666667,9.333333333,,
045.mp4,14,3,8.582309246,1,0,0,0.5,0.333333333,0.333333333,,
046.mp4,16.8,4,4.410044909,0,2,0,0.666666667,0.666666667,1.333333333,,
047.mp4,10.63333333,9,1.737358898,2,6,0,4,2.666666667,9.333333333,,
048.mp4,19.4,24,0.670724185,6,9,9,8,8,3,,
049.mp4,12,6,3.012809658,1,3,0,2,1.333333333,2.333333333,,
050.mp4,21.2,38,0.635506694,6,5,12,8.75,7.666666667,14.33333333,,
051.mp4,28.68,31,0.985312366,6,5,6,5.6,5.666666667,0.333333333,,
052.mp4,10.76666667,3,4.471746087,1,2,0,1.5,1,1,,
053.mp4,16.68,1,0,0,0,0,0,0,0,,
054.mp4,12.26666667,10,1.771140416,4,4,0,4,2.666666667,5.333333333,,
055.mp4,13.13333333,14,1.339209263,4,8,0,6,4,16,,
056.mp4,14.92,11,1.21573565,3,7,0,5,3.333333333,12.33333333,,
057.mp4,17.24,10,1.941728724,2,3,4,3,3,1,,
058.mp4,22.3,56,0.540418204,14,13,11,12.5,12.66666667,2.333333333,,
059.mp4,28.84,42,0.781397645,8,8,9,7.6,8.333333333,0.333333333,,
060.mp4,33.76,55,0.67113328,10,10,4,8.166666667,8,12,,
061.mp4,13.48,18,0.783806212,8,6,0,7,4.666666667,17.33333333,,
062.mp4,14.1,6,2.674179649,2,2,0,2,1.333333333,1.333333333,,
063.mp4,37.2,29,1.483632156,3,3,4,4,3.333333333,0.333333333,,
064.mp4,16.08,18,0.931944693,6,9,3,6,6,9,,
065.mp4,17.68,32,0.614891437,12,9,8,9.666666667,9.666666667,4.333333333,,
066.mp4,14.5,40,0.493970785,14,13,0,13.5,9,61,,
067.mp4,17.93333333,6,4.682667971,1,2,2,1.666666667,1.666666667,0.333333333,,
068.mp4,13.36666667,2,9.484401941,1,0,0,0.5,0.333333333,0.333333333,,
069.mp4,25.8,22,1.608910345,4,5,4,4.2,4.333333333,0.333333333,,
070.mp4,14.68,27,0.627120073,8,11,0,9.5,6.333333333,32.33333333,,
071.mp4,15.1,2,1.036003351,0,0,1,0.333333333,0.333333333,0.333333333,,
072.mp4,12.44,10,1.275175042,5,3,0,4,2.666666667,6.333333333,,
073.mp4,28.12,0,0,0,0,0,0,0,0,,
074.mp4,13.8,3,5.198354363,2,1,0,1.5,1,1,,
075.mp4,20.43333333,2,14.01338291,0,0,1,0.25,0.333333333,0.333333333,,
076.mp4,10.96666667,14,1.136055139,9,2,0,5.5,3.666666667,22.33333333,,
077.mp4,24.44,0,0,0,0,0,0,0,0,,
078.mp4,20.92,9,2.726636916,2,3,1,2.25,2,1,,
079.mp4,14.13333333,7,3.106629729,2,1,0,1.5,1,1,,
080.mp4,19.32,8,2.468667473,1,3,2,2,2,1,,
081.mp4,46.8,50,1.060818959,4,5,6,5.222222222,5,1,,
082.mp4,12.64,6,2.096799517,2,2,0,2,1.333333333,1.333333333,,
083.mp4,18.16666667,42,0.826829329,14,10,10,11.33333333,11.33333333,5.333333333,,
084.mp4,15.625,19,1.292666594,4,4,10,6,6,12,,
085.mp4,13.16,13,1.124833206,6,5,0,5.5,3.666666667,10.33333333,,
086.mp4,31.16666667,5,8.017000854,1,0,1,0.833333333,0.666666667,0.333333333,,
087.mp4,12.36,1,0,0,1,0,0.5,0.333333333,0.333333333,,
088.mp4,26.6,6,5.454599524,2,0,2,1.2,1.333333333,1.333333333,,
089.mp4,30.04,26,1.368759975,5,4,6,4.333333333,5,1,,
090.mp4,22.9,6,1.166999435,0,0,2,1.5,0.666666667,1.333333333,,
091.mp4,21.3,2,3.060994625,0,0,0,0.5,0,0,,
092.mp4,18.4,37,0.573611127,11,12,7,10,10,7,,
093.mp4,12.83333333,1,0,1,0,0,0.5,0.333333333,0.333333333,,
094.mp4,22.36,4,4.229333639,1,2,1,1,1.333333333,0.333333333,,
095.mp4,40.24,11,3.18610003,1,2,0,1.375,1,1,,
096.mp4,16.8,0,0,0,0,0,0,0,0,,
097.mp4,19.12,25,0.893916667,5,6,6,5.666666667,5.666666667,0.333333333,,
098.mp4,11.96,21,0.656998646,7,12,0,9.5,6.333333333,36.33333333,,
099.mp4,24.52,21,1.727400053,4,5,3,4.25,4,1,,
100.mp4,16.92,10,2.018777821,3,4,2,3,3,1,,
101.mp4,38.26666667,8,5.451714448,0,1,0,1,0.333333333,0.333333333,,
102.mp4,15.56,39,0.449710451,13,12,13,12.66666667,12.66666667,0.333333333,,
103.mp4,23.8,5,5.569000244,1,1,0,0.75,0.666666667,0.333333333,,
104.mp4,15.4,21,1.019099975,6,10,4,6.666666667,6.666666667,9.333333333,,
105.mp4,10,3,5.871501207,2,1,0,1.5,1,1,,
106.mp4,11.86666667,10,1.238222281,5,5,0,5,3.333333333,8.333333333,,
107.mp4,22.24,16,1.635066636,4,2,3,3.5,3,1,,
108.mp4,10,9,1.670249969,3,6,0,4.5,3,9,,
109.mp4,11.92,12,1.067818555,4,6,0,5,3.333333333,9.333333333,,
110.mp4,18.83333333,36,0.722942979,9,6,12,9,9,9,,
111.mp4,17.32,36,0.522914301,12,9,12,11,11,3,,
112.mp4,13.93333333,12,2.073909586,3,3,0,3,2,3,,
113.mp4,33.64,12,2.112090826,0,0,3,1.333333333,1,3,,
114.mp4,50.76,17,2.936249897,1,2,2,1.7,1.666666667,0.333333333,,
115.mp4,10.66666667,31,0.472566636,15,14,0,14.5,9.666666667,70.33333333,,
116.mp4,10.9,4,2.385666927,0,1,0,0.5,0.333333333,0.333333333,,
117.mp4,21.92,16,1.569200102,4,3,5,3.75,4,1,,
118.mp4,14.08,33,0.475500196,12,12,0,12,8,48,,
119.mp4,16.73333333,1,0,1,0,0,0.333333333,0.333333333,0.333333333,,
120.mp4,16.2,5,3.993499637,2,1,2,1.666666667,1.666666667,0.333333333,,
121.mp4,23.04166667,3,13.65499902,1,1,0,0.5,0.666666667,0.333333333,,
122.mp4,10.3,11,1.027899766,6,5,0,5.5,3.666666667,10.33333333,,
123.mp4,17.72413793,11,2.119499636,5,4,1,3.333333333,3.333333333,4.333333333,,
124.mp4,12.72,0,0,0,0,0,0,0,0,,
125.mp4,16.66666667,9,2.561874986,1,4,3,2.666666667,2.666666667,2.333333333,,
126.mp4,10.93333333,17,0.646875262,4,11,0,7.5,5,31,,
127.mp4,28.8,26,1.469439974,2,2,7,4.2,3.666666667,8.333333333,,
128.mp4,29.4,33,0.784531236,1,7,4,6.2,4,9,,
129.mp4,11,31,0.494500033,14,14,0,14,9.333333333,65.33333333,,
130.mp4,26.48,6,4.941000271,1,1,1,1,1,0,,
131.mp4,20.4,0,0,0,0,0,0,0,0,,
132.mp4,16.52,4,5.730000257,1,1,0,0.666666667,0.666666667,0.333333333,,
133.mp4,25.56666667,0,0,0,0,0,0,0,0,,
134.mp4,11.53333333,5,2.220250487,2,3,0,2.5,1.666666667,2.333333333,,
135.mp4,13.625,33,0.469718665,12,12,0,12,8,48,,
136.mp4,20.36666667,32,0.822548374,11,14,6,8,10.33333333,16.33333333,,
137.mp4,24.24,31,0.869966451,4,8,7,6.25,6.333333333,4.333333333,,
138.mp4,16.4,0,0,0,0,0,0,0,0,,
139.mp4,15.12,5,3.070999026,3,1,1,1.666666667,1.666666667,1.333333333,,
140.mp4,19.4,40,0.547795021,9,11,13,11,11,4,,
141.mp4,16.93333333,5,4.373000562,2,0,2,1.333333333,1.333333333,1.333333333,,
142.mp4,38.48,47,0.885347942,10,4,4,6.428571429,6,12,,
143.mp4,16.56,28,0.636296184,10,8,9,9,9,1,,
144.mp4,11.86206897,6,2.172005272,3,1,0,2,1.333333333,2.333333333,,
145.mp4,31.66666667,0,0,0,0,0,0,0,0,,
146.mp4,41.79166667,56,0.829345456,5,7,4,6.875,5.333333333,2.333333333,,
147.mp4,22.23333333,53,0.563346198,10,14,10,11.75,11.33333333,5.333333333,,
148.mp4,15.83333333,10,1.935000446,5,4,1,3.333333333,3.333333333,4.333333333,,
149.mp4,14.52,6,3.093000603,1,2,0,1.5,1,1,,
150.mp4,18.24,10,2.196444405,5,2,2,3,3,3,,
151.mp4,11.56666667,1,0,1,0,0,0.5,0.333333333,0.333333333,,
152.mp4,12.52,0,0,0,0,0,0,0,0,,
153.mp4,29.28,17,2.005062655,6,1,2,3.2,3,7,,
154.mp4,19.8,8,2.491285733,2,2,4,2.666666667,2.666666667,1.333333333,,
155.mp4,33.16,5,6.214249849,0,1,0,0.666666667,0.333333333,0.333333333,,
156.mp4,20.72,2,3.999999046,2,0,0,2,0.666666667,1.333333333,,
157.mp4,19.44,8,2.474432332,3,3,1,2.333333333,2.333333333,1.333333333,,
158.mp4,14.8,9,1.800625086,4,4,0,4,2.666666667,5.333333333,,
159.mp4,13,30,0.474724038,13,12,0,12.5,8.333333333,52.33333333,,
160.mp4,17.8,2,17.31399703,1,0,0,0.333333333,0.333333333,0.333333333,,
161.mp4,12.3,3,0.471500397,0,3,0,1.5,1,3,,
162.mp4,22.83333333,29,1.10782143,7,5,3,5.75,5,4,,
163.mp4,10.13333333,18,0.807411713,9,9,0,9,6,27,,
164.mp4,40.84,13,3.129918834,2,4,0,1.625,2,4,,
165.mp4,15.48,22,0.726477578,5,9,8,7.333333333,7.333333333,4.333333333,,
166.mp4,30.24,7,4.716829022,2,2,1,1.166666667,1.666666667,0.333333333,,
167.mp4,13.64,0,0,0,0,0,0,0,0,,
168.mp4,40.93333333,11,5.514099836,1,2,1,1.25,1.333333333,0.333333333,,
169.mp4,21.63333333,11,2.812299919,2,4,1,2.25,2.333333333,2.333333333,,
170.mp4,16.8,13,2.436583499,2,4,6,4,4,4,,
171.mp4,18.03333333,12,2.171727267,3,2,4,3,3,1,,
172.mp4,25.06666667,72,0.470943639,15,14,15,14.4,14.66666667,0.333333333,,
173.mp4,24.03333333,28,1.175999959,5,5,9,6,6.333333333,5.333333333,,
174.mp4,6.9,2,7.375998259,2,0,0,2,0.666666667,1.333333333,,
175.mp4,20.16,31,0.754333409,9,8,8,7.5,8.333333333,0.333333333,,
176.mp4,12.53333333,3,6.261000633,1,1,0,1,0.666666667,0.333333333,,
177.mp4,16.4,18,0.96552954,5,4,8,5.666666667,5.666666667,4.333333333,,
178.mp4,20.84,10,2.153114027,1,2,1,2.5,1.333333333,0.333333333,,
179.mp4,42,125,0.455080648,15,15,15,14.875,15,0,,
180.mp4,18.96666667,13,1.856083552,2,5,4,3.666666667,3.666666667,2.333333333,,
181.mp4,15.93333333,23,0.889816945,8,7,7,7.333333333,7.333333333,0.333333333,,
182.mp4,20.66666667,4,6.489000082,1,0,2,1,1,1,,
183.mp4,13,10,1.194000006,7,3,0,5,3.333333333,12.33333333,,
184.mp4,50.16,10,6.142331998,1,3,2,1,2,1,,
185.mp4,35,14,2.565154076,1,1,3,2,1.666666667,1.333333333,,
186.mp4,11.13333333,17,1.13268739,9,7,0,8,5.333333333,22.33333333,,
187.mp4,32.86666667,75,0.607891888,12,10,13,11.33333333,11.66666667,2.333333333,,
188.mp4,10.33333333,6,2.485599756,3,3,0,3,2,3,,
189.mp4,20.48,18,1.299529412,5,4,4,4.5,4.333333333,0.333333333,,
190.mp4,11.03333333,10,1.91366646,6,3,0,4.5,3,9,,
191.mp4,12.4,6,3.392593384,1,1,0,1,0.666666667,0.333333333,,
192.mp4,9.566666667,10,1.475555579,6,0,0,6,2,12,,
193.mp4,12.4,10,2.316444291,4,3,0,3.5,2.333333333,4.333333333,,
194.mp4,22.68,17,1.560626745,4,3,3,3.5,3.333333333,0.333333333,,
195.mp4,13.32,10,1.362999042,5,2,0,3.5,2.333333333,6.333333333,,
196.mp4,17.04,26,0.682121134,9,8,8,8.333333333,8.333333333,0.333333333,,
197.mp4,35.2,14,2.755384482,2,4,0,2,2,4,,
198.mp4,13.06666667,36,0.491085632,14,14,0,14,9.333333333,65.33333333,,
199.mp4,12.26666667,8,2.22571012,2,4,0,3,2,4,,
200.mp4,28.76,24,1.314000119,4,4,4,4.2,4,0,,
201.mp4,34.52,11,3.640599728,3,2,1,1.5,2,1,,
202.mp4,12.92,6,1.353002167,1,3,0,2,1.333333333,2.333333333,,
203.mp4,17.84,14,1.502538553,5,4,3,4,4,1,,
204.mp4,17.16666667,12,1.959542405,3,3,5,3.666666667,3.666666667,1.333333333,,
205.mp4,12.28,3,4.432001591,1,2,0,1.5,1,1,,
206.mp4,28.56,0,0,0,0,0,0,0,0,,
207.mp4,14.41666667,4,3.03600057,0,3,0,1.5,1,3,,
208.mp4,18.6,6,1.781800413,3,3,0,2,2,3,,
209.mp4,11.23333333,30,0.512172378,14,14,0,14,9.333333333,65.33333333,,
210.mp4,27.96666667,67,0.569424272,11,11,15,12.2,12.33333333,5.333333333,,
211.mp4,21.08,47,0.518805001,11,12,10,11,11,1,,
212.mp4,13.83333333,3,2.48249805,2,1,0,1.5,1,1,,
213.mp4,12.6,8,2.031428473,6,1,0,3.5,2.333333333,10.33333333,,
214.mp4,15.4,17,1.117374703,6,4,7,5.666666667,5.666666667,2.333333333,,
215.mp4,23.52,18,1.365823493,6,4,4,3.75,4.666666667,1.333333333,,
216.mp4,19.04,11,1.727999711,4,3,2,3,3,1,,
217.mp4,28.08,39,1.015578941,5,7,11,7.6,7.666666667,9.333333333,,
218.mp4,14.12,29,0.547999944,9,12,0,10.5,7,39,,
219.mp4,14,10,1.541552279,4,3,0,3.5,2.333333333,4.333333333,,
220.mp4,14.28,2,12.01399899,1,0,0,0.5,0.333333333,0.333333333,,
221.mp4,28.72,0,0,0,0,0,0,0,0,,
222.mp4,13.56666667,1,0,1,0,0,0.5,0.333333333,0.333333333,,
223.mp4,5.6,7,2.107499997,7,0,0,7,2.333333333,16.33333333,,
224.mp4,19.52,9,2.535125017,3,2,3,2.666666667,2.666666667,0.333333333,,
225.mp4,10.13333333,1,0,0,1,0,0.5,0.333333333,0.333333333,,
226.mp4,10.93333333,12,1.209562302,7,5,0,6,4,13,,
227.mp4,14.7,22,0.881523961,10,5,0,7.5,5,25,,
228.mp4,22.24,2,15.83993316,1,0,1,0.5,0.666666667,0.333333333,,
229.mp4,15.68,1,0,0,0,1,0.333333333,0.333333333,0.333333333,,
230.mp4,12.4,2,0.628114223,2,0,0,1,0.666666667,1.333333333,,
231.mp4,22.92,12,2.200247765,4,3,3,2.5,3.333333333,0.333333333,,
232.mp4,19.13333333,9,2.306709617,1,2,4,2.333333333,2.333333333,2.333333333,,
233.mp4,22.5,26,1.151062746,10,5,6,6.25,7,7,,
234.mp4,17.6,4,3.89677755,1,2,1,1.333333333,1.333333333,0.333333333,,
235.mp4,12.48,10,1.348549075,5,3,0,4,2.666666667,6.333333333,,
236.mp4,26.04,33,0.830376759,9,6,7,6.6,7.333333333,2.333333333,,
237.mp4,30.28,25,1.260233094,7,3,3,4.4,4.333333333,5.333333333,,
238.mp4,24.88,14,1.970071683,6,2,3,3,3.666666667,4.333333333,,
239.mp4,23.52,10,1.670427269,5,2,3,2.5,3.333333333,2.333333333,,
240.mp4,42.46666667,55,1.042697293,9,6,8,6.375,7.666666667,2.333333333,,
241.mp4,9.733333333,5,2.093265235,4,0,0,4,1.333333333,5.333333333,,
242.mp4,11.03333333,0,0,0,0,0,0,0,0,,
243.mp4,15.48,27,0.530860993,13,8,0,10.5,7,43,,
244.mp4,22.28,8,3.660636221,2,1,2,1.5,1.666666667,0.333333333,,
245.mp4,13.36,8,2.107711894,3,2,0,2.5,1.666666667,2.333333333,,
246.mp4,16.53333333,2,2.882094622,2,0,0,0.666666667,0.666666667,1.333333333,,
247.mp4,15.96,5,4.151694894,1,2,2,1.666666667,1.666666667,0.333333333,,
248.mp4,16.53333333,7,2.522247036,2,2,3,2.333333333,2.333333333,0.333333333,,
249.mp4,21.06666667,26,1.125629168,4,5,7,6,5.333333333,2.333333333,,
250.mp4,22.56,21,1.103230321,7,4,4,5,5,3,,
251.mp4,13.84,8,2.541630098,3,3,0,3,2,3,,
252.mp4,22.88,56,0.466198726,13,12,11,12.25,12,1,,
253.mp4,16.7,11,2.044832015,4,4,2,3.333333333,3.333333333,1.333333333,,
254.mp4,17.08,6,2.160528708,0,2,1,1,1,1,,
255.mp4,15.66666667,15,1.509042331,5,4,5,4.666666667,4.666666667,0.333333333,,
256.mp4,22.75,4,6.405315399,1,0,1,0.5,0.666666667,0.333333333,,
257.mp4,30.52,21,1.694627595,5,3,3,3.333333333,3.666666667,1.333333333,,
258.mp4,16.6,7,3.675741633,3,1,1,1.666666667,1.666666667,1.333333333,,
259.mp4,17.76,25,0.823198289,6,9,4,6.333333333,6.333333333,6.333333333,,
260.mp4,12.08,10,1.334469159,3,6,0,4.5,3,9,,
261.mp4,27.08,3,11.45169425,2,0,0,0.6,0.666666667,1.333333333,,
262.mp4,15.88,10,1.770200147,4,2,3,3,3,1,,
263.mp4,10,16,0.823064152,3,13,0,8,5.333333333,46.33333333,,
264.mp4,15.16666667,23,0.907464082,10,8,5,7.666666667,7.666666667,6.333333333,,
265.mp4,22.08,9,3.699984044,5,1,1,2,2.333333333,5.333333333,,
266.mp4,18.6,38,0.555157636,13,10,9,10.66666667,10.66666667,4.333333333,,
267.mp4,10.2,20,0.624465277,12,8,0,10,6.666666667,37.33333333,,
268.mp4,48.83333333,74,0.876423855,5,10,12,7.555555556,9,13,,
269.mp4,12.9,13,1.051463246,10,3,0,6.5,4.333333333,26.33333333,,
270.mp4,12.44,30,0.474486935,13,11,0,12,8,49,,
271.mp4,16.33333333,9,1.727141917,3,5,1,3,3,4,,
272.mp4,10.76666667,24,0.609678725,11,11,0,11,7.333333333,40.33333333,,
273.mp4,10.73333333,2,1.890105247,2,0,0,1,0.666666667,1.333333333,,
274.mp4,15.8,0,0,0,0,0,0,0,0,,
275.mp4,16.96,0,0,0,0,0,0,0,0,,
276.mp4,13.24,14,1.118497353,3,6,0,4.5,3,9,,
277.mp4,32.2,97,0.451089121,15,15,15,15,15,0,,
278.mp4,17.96,12,1.697706764,3,4,4,3.666666667,3.666666667,0.333333333,,
279.mp4,30.2,3,9.633748531,0,2,0,0.5,0.666666667,1.333333333,,
280.mp4,20.2,13,1.842611174,2,3,4,3.25,3,1,,
281.mp4,10.3,21,0.640886271,11,0,0,11,3.666666667,40.33333333,,
282.mp4,23.76,12,2.315382892,3,1,3,2.25,2.333333333,1.333333333,,
283.mp4,32.2,37,1.129092813,5,6,5,6,5.333333333,0.333333333,,
284.mp4,16.1,14,2.110277689,4,6,3,4.333333333,4.333333333,2.333333333,,
285.mp4,12.76666667,9,2.043233782,3,3,0,3,2,3,,
286.mp4,22.26666667,38,0.808012679,5,10,12,8.75,9,13,,
287.mp4,15.83333333,11,2.046044636,4,3,2,3,3,1,,
288.mp4,21.72,5,6.043138385,1,1,0,0.75,0.666666667,0.333333333,,
289.mp4,23.88,31,0.885171715,5,6,8,6,6.333333333,2.333333333,,
290.mp4,14.06666667,10,1.967214399,2,4,0,3,2,4,,
291.mp4,11,14,1.383957093,7,5,0,6,4,13,,
292.mp4,14.16666667,5,3.210607052,1,3,0,2,1.333333333,2.333333333,,
293.mp4,30.32,25,1.301415672,4,5,4,4.166666667,4.333333333,0.333333333,,
294.mp4,20.13333333,13,2.112184763,4,4,2,3.25,3.333333333,1.333333333,,
295.mp4,16.44,3,5.782889128,0,1,1,0.666666667,0.666666667,0.333333333,,
296.mp4,13.44,3,6.502493143,1,0,0,0.5,0.333333333,0.333333333,,
297.mp4,15.6,11,1.567741132,4,2,5,3.666666667,3.666666667,2.333333333,,
298.mp4,18.96666667,18,1.41636373,3,6,4,4.333333333,4.333333333,2.333333333,,
299.mp4,20.93333333,0,0,0,0,0,0,0,0,,
300.mp4,23.92,12,2.148302707,3,2,3,2.75,2.666666667,0.333333333,,
301.mp4,30.52,25,1.385949085,5,4,4,4,4.333333333,0.333333333,,
302.mp4,35,0,0,0,0,0,0,0,0,,
303.mp4,22.84,25,1.024489115,8,7,4,6,6.333333333,4.333333333,,
304.mp4,24.4,17,1.654502869,2,2,3,3.25,2.333333333,0.333333333,,
305.mp4,33.72,85,0.455765199,13,12,13,12.5,12.66666667,0.333333333,,
306.mp4,29.12,24,1.121888648,5,4,5,4.8,4.666666667,0.333333333,,
307.mp4,15.12,2,8.961079121,1,0,1,0.666666667,0.666666667,0.333333333,,
308.mp4,16.73333333,32,0.708065241,6,9,15,10,10,21,,
309.mp4,34,11,3.273796129,1,1,2,1.666666667,1.333333333,0.333333333,,
310.mp4,15,36,0.472691992,13,11,12,12,12,1,,
311.mp4,12.26666667,31,0.539053472,14,11,0,12.5,8.333333333,54.33333333,,
312.mp4,14.26666667,7,2.97710832,2,3,0,2.5,1.666666667,2.333333333,,
313.mp4,16.03333333,12,1.616145459,5,4,2,3.666666667,3.666666667,2.333333333,,
314.mp4,13.76666667,34,0.544464892,11,14,0,12.5,8.333333333,54.33333333,,
315.mp4,10.13333333,1,0,1,0,0,0.5,0.333333333,0.333333333,,
316.mp4,18.86666667,6,4.445986128,2,0,2,1.333333333,1.333333333,1.333333333,,
317.mp4,22.73333333,18,1.747365391,4,3,6,4,4.333333333,2.333333333,,
318.mp4,19,0,0,0,0,0,0,0,0,,
319.mp4,28.68,20,1.635744421,2,5,3,3,3.333333333,2.333333333,,
320.mp4,16.8,22,1.038104773,8,7,5,6.666666667,6.666666667,2.333333333,,
321.mp4,22.68,3,8.244526744,0,1,0,0.5,0.333333333,0.333333333,,
322.mp4,10.43333333,9,1.485378474,5,4,0,4.5,3,7,,
323.mp4,18.24,7,3.008378108,3,1,2,2,2,1,,
324.mp4,49.96,4,14.32064342,1,0,0,0.444444444,0.333333333,0.333333333,,
325.mp4,47.36666667,92,0.657635256,13,12,8,10.11111111,11,7,,
326.mp4,36.56,50,0.778693856,12,9,8,7.142857143,9.666666667,4.333333333,,
327.mp4,16.5,2,8.594999313,0,1,0,0.333333333,0.333333333,0.333333333,,
328.mp4,10.63333333,14,0.993076746,5,9,0,7,4.666666667,20.33333333,,
329.mp4,13.83333333,8,2.591714212,4,1,0,2.5,1.666666667,4.333333333,,
330.mp4,13.56666667,4,3.069343805,2,2,0,2,1.333333333,1.333333333,,
331.mp4,18.76,15,1.343640634,2,4,5,3.666666667,3.666666667,2.333333333,,
332.mp4,27.8,54,0.572584305,10,7,11,9.4,9.333333333,4.333333333,,
333.mp4,14.3,43,0.453189606,15,15,0,15,10,75,,
334.mp4,53.56,2,7.696007013,0,0,0,0.2,0,0,,
335.mp4,12.8,16,1.142135318,5,5,0,5,3.333333333,8.333333333,,
336.mp4,20.28,13,1.529500206,5,3,2,3.25,3.333333333,2.333333333,,
337.mp4,13.24,18,0.822646926,6,9,0,7.5,5,21,,
338.mp4,35.56,27,1.464192299,6,0,1,3.857142857,2.333333333,10.33333333,,
339.mp4,15.23333333,24,0.878303186,10,6,7,7.666666667,7.666666667,4.333333333,,
340.mp4,9.766666667,4,5.082990885,2,0,0,2,0.666666667,1.333333333,,
341.mp4,27.56666667,6,4.884599876,0,1,1,1,0.666666667,0.333333333,,
342.mp4,12.08,10,1.474777937,8,0,0,4,2.666666667,21.33333333,,
343.mp4,11.96,1,0,0,0,0,0,0,0,,
344.mp4,25.24,42,0.634024358,7,10,9,8.4,8.666666667,2.333333333,,
345.mp4,16.92,5,2.958500087,4,0,1,1.666666667,1.666666667,4.333333333,,
346.mp4,20.5,2,0.537997723,1,1,0,0.5,0.666666667,0.333333333,,
347.mp4,15.26666667,10,1.805222167,2,2,6,3.333333333,3.333333333,5.333333333,,
348.mp4,16.56,0,0,0,0,0,0,0,0,,
349.mp4,18.84,12,1.477091117,1,7,3,3.666666667,3.666666667,9.333333333,,
350.mp4,16.2,3,4.748999596,2,1,0,1,1,1,,
351.mp4,22.8,65,0.477390647,13,15,14,14.25,14,1,,
352.mp4,16.84,16,1.094666751,6,5,4,5,5,1,,
353.mp4,11.93333333,11,1.568000031,5,4,0,4.5,3,7,,
354.mp4,15.33333333,12,1.740454609,4,2,6,4,4,4,,
355.mp4,16.63333333,11,2.184000278,3,2,6,3.666666667,3.666666667,4.333333333,,
356.mp4,22.32,49,0.511249999,12,10,11,11.5,11,1,,
357.mp4,11.53333333,22,0.723144452,14,5,0,9.5,6.333333333,50.33333333,,
358.mp4,17.8,2,13.41000032,0,1,0,0.333333333,0.333333333,0.333333333,,
359.mp4,15.2,8,2.750857558,4,2,2,2.666666667,2.666666667,1.333333333,,
360.mp4,15.4,26,0.685321064,8,9,8,8.333333333,8.333333333,0.333333333,,
361.mp4,15.16666667,30,0.698275895,10,8,11,9.666666667,9.666666667,2.333333333,,
362.mp4,15.16666667,6,2.976394415,2,3,1,2,2,1,,
363.mp4,18.92,46,0.463422198,13,12,12,12.33333333,12.33333333,0.333333333,,
364.mp4,25.92,60,0.480474529,12,12,12,11.8,12,0,,
365.mp4,14.76,37,0.450000114,13,12,0,12.5,8.333333333,52.33333333,,
366.mp4,16.16,0,0,0,0,0,0,0,0,,
367.mp4,25.96,0,0,0,0,0,0,0,0,,
368.mp4,25.36666667,50,0.69140823,14,12,8,9.8,11.33333333,9.333333333,,
369.mp4,10.66666667,6,2.366799593,2,4,0,3,2,4,,
370.mp4,13.2,7,3.177499771,1,4,0,2.5,1.666666667,4.333333333,,
371.mp4,28.72,8,4.262571744,2,1,1,1.2,1.333333333,0.333333333,,
372.mp4,19.44,1,0,0,0,1,0.333333333,0.333333333,0.333333333,,
373.mp4,24.08,34,0.801424258,8,9,6,7.5,7.666666667,2.333333333,,
374.mp4,23.44,18,1.547647182,4,3,2,3.25,3,1,,
375.mp4,14.12,1,0,0,0,0,0,0,0,,
376.mp4,20.6,9,2.088621467,5,1,2,2.666666667,2.666666667,4.333333333,,
377.mp4,13.26666667,13,1.263499697,6,5,0,5.5,3.666666667,10.33333333,,
378.mp4,25.36666667,3,3.338498116,0,0,0,0.6,0,0,,
379.mp4,11.36666667,18,0.844176306,9,7,0,8,5.333333333,22.33333333,,
380.mp4,15.16666667,0,0,0,0,0,0,0,0,,
381.mp4,23.12,3,11.5680052,2,0,0,0.5,0.666666667,1.333333333,,
382.mp4,12.52,5,3.262250185,2,1,0,1.5,1,1,,
383.mp4,15.5,10,2.817222463,3,3,4,3.333333333,3.333333333,0.333333333,,
384.mp4,18.48,7,4.345500032,3,2,1,2,2,1,,
385.mp4,11.63333333,5,3.034750581,1,2,0,1.5,1,1,,
386.mp4,14.96666667,22,1.187714259,6,4,0,5,3.333333333,9.333333333,,
387.mp4,17.6,2,6.063000441,1,1,0,0.666666667,0.666666667,0.333333333,,
388.mp4,21.2,0,0,0,0,0,0,0,0,,
389.mp4,12.56,7,2.685167392,4,1,0,2.5,1.666666667,4.333333333,,
390.mp4,33.70833333,12,3.35981861,3,1,1,1.666666667,1.666666667,1.333333333,,
391.mp4,21.88,4,6.270343224,1,2,0,1,1,1,,
392.mp4,49.86666667,44,1.40609296,2,2,6,4.444444444,3.333333333,5.333333333,,
393.mp4,23.16,18,1.498117587,4,3,3,3.5,3.333333333,0.333333333,,
394.mp4,16.8,4,2.32432278,0,0,3,1,1,3,,
395.mp4,14.93333333,27,0.75407693,9,12,0,10.5,7,39,,
396.mp4,17.5,22,1.117476214,9,6,4,6.333333333,6.333333333,6.333333333,,
397.mp4,11.83333333,26,0.846560106,14,9,0,11.5,7.666666667,50.33333333,,
398.mp4,23.28,32,0.824548314,10,8,5,6.75,7.666666667,6.333333333,,
399.mp4,28.73333333,0,0,0,0,0,0,0,0,,
400.mp4,14.28,9,1.810625017,4,4,0,4,2.666666667,5.333333333,,
401.mp4,16.4,37,0.591694454,12,12,12,12,12,0,,
402.mp4,14.1,14,1.923615456,6,5,0,5.5,3.666666667,10.33333333,,
403.mp4,23.56666667,71,0.451842856,15,15,15,15,15,0,,
404.mp4,31.92,28,1.20911177,4,3,5,4.666666667,4,1,,
405.mp4,21.24,1,0,0,0,0,0.25,0,0,,
406.mp4,20.48,6,3.306399679,4,1,0,1.5,1.666666667,4.333333333,,
407.mp4,20.16,29,0.599499898,2,9,9,7.25,6.666666667,16.33333333,,
408.mp4,12.24,18,0.802000116,11,5,0,8,5.333333333,30.33333333,,
409.mp4,14.44,8,1.966714212,3,3,0,3,2,3,,
410.mp4,15.3,20,1.285263262,5,7,8,6.666666667,6.666666667,2.333333333,,
411.mp4,17.63333333,12,2.266818285,7,1,4,4,4,9,,
412.mp4,19.06666667,14,1.842922669,3,3,4,3.333333333,3.333333333,0.333333333,,
413.mp4,15.16,3,4.747500062,1,1,1,1,1,0,,
414.mp4,19.56666667,38,0.852594601,6,12,12,10,10,12,,
415.mp4,18.76666667,35,0.660382341,12,10,11,11,11,1,,
416.mp4,12.52,31,0.46153241,13,12,0,12.5,8.333333333,52.33333333,,
417.mp4,28.7,16,1.971002022,0,3,3,2.6,2,3,,
418.mp4,13.29166667,0,0,0,0,0,0,0,0,,
419.mp4,8.116666667,41,0.542899942,24,0,0,24,8,192,,
420.mp4,45.04,91,0.561977429,11,12,11,10.11111111,11.33333333,0.333333333,,
421.mp4,41.52,43,1.083261904,6,5,5,5.25,5.333333333,0.333333333,,
422.mp4,10.53333333,14,1.424384722,6,7,0,6.5,4.333333333,14.33333333,,
423.mp4,72.56,27,2.881884336,3,4,1,1.928571429,2.666666667,2.333333333,,
424.mp4,12.44,7,2.010333697,2,4,0,3,2,4,,
425.mp4,11.2,22,0.706428551,7,12,0,9.5,6.333333333,36.33333333,,
426.mp4,11.16666667,0,0,0,0,0,0,0,0,,
427.mp4,9.36,0,0,0,0,0,0,0,0,,
428.mp4,18,10,1.626224942,2,5,3,3.333333333,3.333333333,2.333333333,,
429.mp4,18.28,40,0.488051243,10,12,12,11.33333333,11.33333333,1.333333333,,
430.mp4,11.9,3,6.79449904,2,0,0,1,0.666666667,1.333333333,,
431.mp4,20.53333333,33,0.878249966,13,8,8,8,9.666666667,8.333333333,,
432.mp4,12,1,0,0,1,0,0.5,0.333333333,0.333333333,,
433.mp4,21.28,24,1.037521632,4,4,8,5.25,5.333333333,5.333333333,,
434.mp4,11.23333333,17,0.892687514,9,7,0,8,5.333333333,22.33333333,,
435.mp4,19.04,18,1.21664698,6,5,4,5,5,1,,
436.mp4,17.26666667,5,3.040490925,3,1,1,1.666666667,1.666666667,1.333333333,,
437.mp4,23.72,25,1.073771477,4,4,6,5.25,4.666666667,1.333333333,,
438.mp4,18.06666667,1,0,0,0,0,0,0,0,,
439.mp4,15.4,11,1.878100133,4,3,4,3.666666667,3.666666667,0.333333333,,
440.mp4,16.76,37,0.511277828,11,12,10,11,11,1,,
441.mp4,10.16666667,15,0.941785676,6,9,0,7.5,5,21,,
442.mp4,14.2,15,1.192357506,7,5,0,6,4,13,,
443.mp4,45.84,29,1.68742856,5,0,5,3.222222222,3.333333333,8.333333333,,
444.mp4,14.56666667,14,1.082230806,7,5,0,6,4,13,,
445.mp4,42.12,98,0.495886604,12,12,12,11.625,12,0,,
446.mp4,16.92,27,0.956307695,8,5,10,7.666666667,7.666666667,6.333333333,,
447.mp4,10.86666667,16,0.909133196,6,8,0,7,4.666666667,17.33333333,,
448.mp4,17.6,2,8.011000395,1,1,0,0.666666667,0.666666667,0.333333333,,
449.mp4,10.2,5,2.535500348,3,2,0,2.5,1.666666667,2.333333333,,
450.mp4,25.8,16,2.964866845,5,2,2,3.2,3,3,,
451.mp4,12.76666667,38,0.479675525,15,15,0,15,10,75,,
452.mp4,20.2,1,0,0,0,1,0.25,0.333333333,0.333333333,,
453.mp4,21.5,9,3.110628426,2,3,1,2,2,1,,
454.mp4,12.8,5,3.689749658,2,1,0,1.5,1,1,,
455.mp4,14.8,7,2.685166637,3,1,0,2,1.333333333,2.333333333,,
456.mp4,24.32,0,0,0,0,0,0,0,0,,
457.mp4,21.12,16,1.434333356,1,6,5,4,4,7,,
458.mp4,14.625,19,0.685720444,6,7,0,6.5,4.333333333,14.33333333,,
459.mp4,17.53333333,20,1.367104982,5,2,7,4.666666667,4.666666667,6.333333333,,
460.mp4,21.33333333,16,1.455802091,2,5,6,4,4.333333333,4.333333333,,
461.mp4,24.48,0,0,0,0,0,0,0,0,,
462.mp4,19.5,10,2.097888947,4,2,4,3.333333333,3.333333333,1.333333333,,
463.mp4,12.6,19,0.742277649,8,8,0,8,5.333333333,21.33333333,,
464.mp4,16.16,16,1.203133996,6,4,5,5,5,1,,
465.mp4,10.96666667,4,2.909324725,2,2,0,2,1.333333333,1.333333333,,
466.mp4,11.13333333,4,3.901667277,2,2,0,2,1.333333333,1.333333333,,
467.mp4,14.1,8,1.876999957,2,2,0,2,1.333333333,1.333333333,,
468.mp4,23.88,23,1.12304565,4,5,6,5,5,1,,
469.mp4,13.8,31,0.609733351,15,10,0,12.5,8.333333333,58.33333333,,
470.mp4,36.2,29,1.448224502,6,6,2,3.857142857,4.666666667,5.333333333,,
471.mp4,21.6,12,2.15235643,2,2,1,2.5,1.666666667,0.333333333,,
472.mp4,19.16,3,1.552265286,2,1,0,1,1,1,,
473.mp4,22.96,29,0.839599456,4,10,6,6.75,6.666666667,9.333333333,,
474.mp4,9.866666667,3,3.823501945,2,0,0,2,0.666666667,1.333333333,,
475.mp4,13.48,12,1.089454608,6,4,0,5,3.333333333,9.333333333,,
476.mp4,12.4,18,0.698762992,5,9,0,7,4.666666667,20.33333333,,
477.mp4,12.16666667,6,2.367999983,1,5,0,3,2,7,,
478.mp4,24.96666667,13,2.712067266,3,2,1,1.75,2,1,,
479.mp4,16.26666667,0,0,0,0,0,0,0,0,,
480.mp4,19.4,1,0,0,1,0,0.333333333,0.333333333,0.333333333,,
481.mp4,13.8,8,2.427853312,2,2,0,2,1.333333333,1.333333333,,
482.mp4,11.8,13,0.892812232,4,9,0,6.5,4.333333333,20.33333333,,
483.mp4,12.5,5,2.143919766,0,3,0,1.5,1,3,,
484.mp4,10.63333333,20,0.705882035,8,12,0,10,6.666666667,37.33333333,,
485.mp4,26.76666667,51,0.681502628,10,9,12,10,10.33333333,2.333333333,,
486.mp4,22.56,0,0,0,0,0,0,0,0,,
487.mp4,10.63333333,9,1.151974201,3,6,0,4.5,3,9,,
488.mp4,17.26666667,47,0.480339382,15,15,12,14,14,3,,
489.mp4,18.86666667,6,3.492598486,2,2,2,2,2,0,,
490.mp4,25.4,31,1.225240644,6,5,5,6,5.333333333,0.333333333,,
491.mp4,14.23333333,7,1.985485991,6,1,0,3.5,2.333333333,10.33333333,,
492.mp4,11.56666667,35,0.461723552,15,15,0,15,10,75,,
493.mp4,15.8,16,1.152499628,7,5,3,5,5,4,,
494.mp4,32.08,19,1.939431694,3,2,4,2.5,3,1,,
495.mp4,22.92,35,0.691073733,8,10,9,8.5,9,1,,
496.mp4,49.86666667,13,2.558810115,0,0,1,1.444444444,0.333333333,0.333333333,,
497.mp4,20.7,50,0.56188725,12,13,11,12,12,1,,
498.mp4,12.68,18,0.833930254,9,5,0,7,4.666666667,20.33333333,,
499.mp4,17.13333333,25,0.958171974,8,8,6,7.333333333,7.333333333,1.333333333,,
500.mp4,9.733333333,6,3.435967922,2,0,0,2,0.666666667,1.333333333,,
501.mp4,20.88,28,0.861541086,10,7,3,6.5,6.666666667,12.33333333,,
502.mp4,10.56666667,18,0.777702472,11,7,0,9,6,31,,
503.mp4,22.46666667,1,0,1,0,0,0.25,0.333333333,0.333333333,,
504.mp4,10.56666667,10,1.351718956,5,5,0,5,3.333333333,8.333333333,,
505.mp4,18.1,5,3.860040426,3,0,2,1.666666667,1.666666667,2.333333333,,
506.mp4,22.26666667,39,0.744607743,9,8,9,9.25,8.666666667,0.333333333,,
507.mp4,19.54166667,20,1.454893953,8,4,5,5.666666667,5.666666667,4.333333333,,
508.mp4,20.1,1,0,0,0,1,0.25,0.333333333,0.333333333,,
509.mp4,18.76666667,0,0,0,0,0,0,0,0,,
510.mp4,13.6,14,1.115515911,4,4,0,4,2.666666667,5.333333333,,
511.mp4,32.36,15,2.385367938,3,3,3,2.333333333,3,0,,
512.mp4,30,13,2.036745091,1,5,3,2.166666667,3,4,,
513.mp4,19.76,42,0.543386983,11,11,9,10.33333333,10.33333333,1.333333333,,
514.mp4,14.44,31,0.531035781,10,11,0,10.5,7,37,,
515.mp4,30.64,49,0.703232716,6,6,11,7.833333333,7.666666667,8.333333333,,
516.mp4,11.8,3,7.617824674,1,0,0,0.5,0.333333333,0.333333333,,
517.mp4,12.43333333,1,0,0,1,0,0.5,0.333333333,0.333333333,,
518.mp4,16.38888889,17,0.755841836,5,3,8,5.333333333,5.333333333,6.333333333,,
519.mp4,30.04,62,0.552076484,13,12,13,10.33333333,12.66666667,0.333333333,,
520.mp4,14,14,1.199967183,4,5,0,4.5,3,7,,
521.mp4,10.13333333,3,2.229419231,2,1,0,1.5,1,1,,
522.mp4,28.52,42,0.778502557,7,8,6,7.4,7,1,,
523.mp4,15,5,2.614651024,1,3,1,1.666666667,1.666666667,1.333333333,,
524.mp4,17.56666667,8,2.746958699,1,3,3,2.333333333,2.333333333,1.333333333,,
525.mp4,17.23333333,52,0.450905244,15,15,15,15,15,0,,
526.mp4,27.93333333,41,0.935409898,6,8,6,6.8,6.666666667,1.333333333,,
527.mp4,11.4,0,0,0,0,0,0,0,0,,
528.mp4,15.08,30,0.563801239,11,10,9,10,10,1,,
529.mp4,11.16666667,5,3.797885656,2,3,0,2.5,1.666666667,2.333333333,,
530.mp4,28.64,9,2.977844536,0,2,1,1.4,1,1,,
531.mp4,12.76,10,1.556734429,6,2,0,4,2.666666667,9.333333333,,
532.mp4,13.03333333,7,2.859802365,3,2,0,2.5,1.666666667,2.333333333,,
533.mp4,18.6,25,1.367630283,10,6,5,7,7,7,,
534.mp4,15.36,27,0.642260762,9,10,8,9,9,1,,
535.mp4,22.23333333,7,3.188694358,2,1,3,1.75,2,1,,
536.mp4,24.12,8,2.598457166,2,2,2,2,2,0,,
537.mp4,12.83333333,37,0.486470487,15,14,0,14.5,9.666666667,70.33333333,,
538.mp4,23.84,7,3.28807203,3,1,1,1.75,1.666666667,1.333333333,,
539.mp4,10.43333333,30,0.473439735,14,15,0,14.5,9.666666667,70.33333333,,
540.mp4,38.28,8,5.793491806,1,0,1,1,0.666666667,0.333333333,,
541.mp4,15.6,16,0.753639825,2,6,8,5.333333333,5.333333333,9.333333333,,
542.mp4,12.8,5,1.815371454,2,3,0,2.5,1.666666667,2.333333333,,
543.mp4,28.72,72,0.451604527,13,12,13,12.6,12.66666667,0.333333333,,
544.mp4,11.83333333,8,2.065829447,5,2,0,3.5,2.333333333,6.333333333,,
545.mp4,14.53333333,14,1.499666544,10,1,0,5.5,3.666666667,30.33333333,,
546.mp4,23.8,7,4.568533778,2,0,2,1.5,1.333333333,1.333333333,,
547.mp4,19.84,0,0,0,0,0,0,0,0,,
548.mp4,22.92,7,3.057794531,1,0,2,1.75,1,1,,
549.mp4,24.96,25,1.128229529,4,5,3,4.25,4,1,,
550.mp4,14.8,5,4.621837795,3,0,0,1.5,1,3,,
551.mp4,29.08,0,0,0,0,0,0,0,0,,
552.mp4,12.625,1,0,1,0,0,0.5,0.333333333,0.333333333,,
553.mp4,12.13333333,14,1.114659089,3,8,0,5.5,3.666666667,16.33333333,,
554.mp4,27.6,45,0.806904782,7,10,8,8.6,8.333333333,2.333333333,,
555.mp4,19.06666667,30,1.125332577,8,8,6,7.333333333,7.333333333,1.333333333,,
556.mp4,14.88,9,1.288216978,4,5,0,4.5,3,7,,
557.mp4,16.96666667,44,0.523568985,12,12,14,12.66666667,12.66666667,1.333333333,,
558.mp4,17.83333333,5,3.659219027,2,2,1,1.666666667,1.666666667,0.333333333,,
559.mp4,13.36,21,0.669814253,7,9,0,8,5.333333333,22.33333333,,
560.mp4,11.63333333,2,3.019657135,0,2,0,1,0.666666667,1.333333333,,
561.mp4,13.86666667,12,2.128255779,4,3,0,3.5,2.333333333,4.333333333,,
562.mp4,15.56666667,4,2.685925245,2,2,0,1.333333333,1.333333333,1.333333333,,
563.mp4,13,13,1.252587398,3,6,0,4.5,3,9,,
564.mp4,21.6,34,1.154331886,7,6,7,7.75,6.666666667,0.333333333,,
565.mp4,17.2,35,0.561127824,11,10,10,10.33333333,10.33333333,0.333333333,,
566.mp4,28.92,11,2.905980515,2,2,1,1.8,1.666666667,0.333333333,,
567.mp4,13.6,17,0.690210596,11,0,0,11,3.666666667,40.33333333,,
568.mp4,22.8,46,0.550081772,12,10,10,10.5,10.66666667,1.333333333,,
569.mp4,11.16666667,4,5.541563272,2,2,0,2,1.333333333,1.333333333,,
570.mp4,17.2,9,1.802262664,3,2,3,2.666666667,2.666666667,0.333333333,,
571.mp4,19.2,19,1.311044468,5,7,4,5.333333333,5.333333333,2.333333333,,
572.mp4,11.56666667,12,1.269617232,5,6,0,5.5,3.666666667,10.33333333,,
573.mp4,20.43333333,15,1.559163911,2,6,4,3.75,4,4,,
574.mp4,20.28,42,0.554177633,9,11,10,10.25,10,1,,
575.mp4,22.28,11,2.192382789,2,2,3,2.25,2.333333333,0.333333333,,
576.mp4,18.44,39,0.542806092,11,9,13,11,11,4,,
577.mp4,11.46666667,9,1.734314114,4,5,0,4.5,3,7,,
578.mp4,18.8,4,7.035679499,3,0,0,1,1,3,,
579.mp4,15.86666667,17,1.72794643,5,5,6,5.333333333,5.333333333,0.333333333,,
580.mp4,9.733333333,4,2.430058082,3,0,0,3,1,3,,
581.mp4,12.73333333,28,0.800346745,14,10,0,12,8,52,,
582.mp4,14.36666667,3,3.621049523,2,1,0,1.5,1,1,,
583.mp4,15.83333333,2,13.95123363,1,0,1,0.666666667,0.666666667,0.333333333,,
584.mp4,19.79166667,3,10.45027316,1,1,0,0.666666667,0.666666667,0.333333333,,
585.mp4,11.96666667,20,0.854631562,9,8,0,8.5,5.666666667,24.33333333,,
586.mp4,6.316666667,1,0,1,0,0,1,0.333333333,0.333333333,,
587.mp4,20.86666667,1,0,1,0,0,0.25,0.333333333,0.333333333,,
588.mp4,21.76,4,1.396329562,0,0,0,1,0,0,,
589.mp4,27.44,5,6.570089698,1,0,1,1,0.666666667,0.333333333,,
590.mp4,20,8,4.485634293,2,0,4,2,2,4,,
591.mp4,21.64,24,1.037181502,6,9,3,5.5,6,9,,
592.mp4,12.76666667,13,1.293624838,5,4,0,4.5,3,7,,
593.mp4,17.83333333,13,2.605729183,4,3,3,3.333333333,3.333333333,0.333333333,,
594.mp4,11.76,2,3.704039335,1,1,0,1,0.666666667,0.333333333,,
595.mp4,18.83333333,13,2.084216118,4,3,3,3.333333333,3.333333333,0.333333333,,
596.mp4,22.28,4,5.520829439,0,1,0,0.75,0.333333333,0.333333333,,
597.mp4,9.9,7,2.026015123,4,0,0,4,1.333333333,5.333333333,,
598.mp4,27.44,3,0.630025744,0,0,0,0,0,0,,
599.mp4,13.26666667,25,0.701361567,8,9,0,8.5,5.666666667,24.33333333,,
600.mp4,12.93333333,8,2.328649487,3,3,0,3,2,3,,
601.mp4,12.13333333,0,0,0,0,0,0,0,0,,
602.mp4,22.23333333,10,3.84524409,3,2,2,2.5,2.333333333,0.333333333,,
603.mp4,11.84,15,0.943306514,7,5,0,6,4,13,,
604.mp4,27.5,32,1.214001756,8,3,5,5.2,5.333333333,6.333333333,,
605.mp4,26.56,22,1.263020345,4,5,7,3.8,5.333333333,2.333333333,,
606.mp4,15.48,0,0,0,0,0,0,0,0,,
607.mp4,15.13333333,17,1.636292115,5,6,5,5.333333333,5.333333333,0.333333333,,
608.mp4,48.2,34,1.639415322,5,3,2,3.444444444,3.333333333,2.333333333,,
609.mp4,19.56,22,1.004887535,6,5,6,5.666666667,5.666666667,0.333333333,,
610.mp4,15.76,12,1.474359035,5,2,5,4,4,3,,
611.mp4,21.5,16,1.773397986,6,3,4,4,4.333333333,2.333333333,,
612.mp4,14,13,1.502535522,5,5,0,5,3.333333333,8.333333333,,
613.mp4,16.6,35,0.524160378,11,10,11,10.66666667,10.66666667,0.333333333,,
614.mp4,20.28,11,2.128859043,3,3,2,2.75,2.666666667,0.333333333,,
615.mp4,18.08,13,1.347986877,3,3,5,3.666666667,3.666666667,1.333333333,,
616.mp4,26.52,60,0.502825353,10,12,12,11.2,11.33333333,1.333333333,,
617.mp4,12.48,2,6.482927561,1,1,0,1,0.666666667,0.333333333,,
618.mp4,15.28,5,3.059906065,1,1,3,1.666666667,1.666666667,1.333333333,,
619.mp4,12.2,8,0.568000249,4,4,0,4,2.666666667,5.333333333,,
620.mp4,25.12,10,3.491866377,5,1,1,2,2.333333333,5.333333333,,
621.mp4,12.33333333,17,1.022566229,8,5,0,6.5,4.333333333,16.33333333,,
622.mp4,12.36666667,16,0.848991903,11,5,0,8,5.333333333,30.33333333,,
623.mp4,14.08,0,0,0,0,0,0,0,0,,
624.mp4,14,7,1.692813794,2,5,0,3.5,2.333333333,6.333333333,,
625.mp4,13.28,0,0,0,0,0,0,0,0,,
626.mp4,32.5,18,2.20247458,4,2,3,3,3,1,,
627.mp4,14.96,28,0.599997185,10,11,0,10.5,7,37,,
628.mp4,35.8,43,0.895877861,6,5,5,6.142857143,5.333333333,0.333333333,,
629.mp4,39.6,22,1.675283137,0,4,2,2.714285714,2,4,,
630.mp4,16.92,21,0.886613023,5,8,7,6.666666667,6.666666667,2.333333333,,
631.mp4,16.96,19,0.980222318,6,5,4,5,5,1,,
632.mp4,17.08,11,2.403000164,5,3,2,3.333333333,3.333333333,2.333333333,,
633.mp4,17.06666667,4,1.515999873,0,3,1,1.333333333,1.333333333,2.333333333,,
634.mp4,13.52,0,0,0,0,0,0,0,0,,
635.mp4,30.56,26,1.245164366,5,0,7,4.333333333,4,13,,
636.mp4,11.16666667,2,2.295999527,1,1,0,1,0.666666667,0.333333333,,
637.mp4,8.5,7,2.590578596,3,0,0,3,1,3,,
638.mp4,23.26666667,33,0.984272979,4,5,6,7,5,1,,
639.mp4,22.06666667,20,1.36890321,3,9,5,5,5.666666667,9.333333333,,
640.mp4,10.2,23,0.611637007,11,12,0,11.5,7.666666667,44.33333333,,
641.mp4,11.66666667,17,0.973256707,8,5,0,6.5,4.333333333,16.33333333,,
642.mp4,22.92,1,0,1,0,0,0.25,0.333333333,0.333333333,,
643.mp4,12.13333333,7,2.393055002,2,2,0,2,1.333333333,1.333333333,,
644.mp4,16.52,9,1.640982956,2,3,4,3,3,1,,
645.mp4,18.46666667,7,2.823879878,2,4,1,2.333333333,2.333333333,2.333333333,,
646.mp4,14.66666667,18,1.056194249,5,11,0,8,5.333333333,30.33333333,,
647.mp4,23.3,0,0,0,0,0,0,0,0,,
648.mp4,18.84,17,1.260056928,6,4,3,4.333333333,4.333333333,2.333333333,,
649.mp4,31,26,1.545780792,5,5,5,4.166666667,5,0,,
650.mp4,27.72,19,1.635200143,4,3,3,3,3.333333333,0.333333333,,
651.mp4,15.2,5,2.182680488,0,1,4,1.666666667,1.666666667,4.333333333,,
652.mp4,15.2,22,0.914205108,10,6,6,7.333333333,7.333333333,5.333333333,,
653.mp4,24.36666667,73,0.45556378,15,15,15,15,15,0,,
654.mp4,16.4,9,1.585726887,6,2,1,3,3,7,,
655.mp4,22.6,30,0.999521757,7,8,6,7.25,7,1,,
656.mp4,20.2,21,1.105039799,6,5,3,5.25,4.666666667,2.333333333,,
657.mp4,21.84,7,3.952029864,2,0,2,1.5,1.333333333,1.333333333,,
658.mp4,16.16,13,1.316425721,4,3,6,4.333333333,4.333333333,2.333333333,,
659.mp4,33.36666667,10,4.095901754,2,2,0,1.666666667,1.333333333,1.333333333,,
660.mp4,13.6,8,1.401956218,3,3,0,3,2,3,,
661.mp4,20.52,29,0.822710276,6,6,7,6.75,6.333333333,0.333333333,,
662.mp4,16.53333333,1,0,0,1,0,0.333333333,0.333333333,0.333333333,,
663.mp4,12.64,10,1.430404637,6,2,0,4,2.666666667,9.333333333,,
664.mp4,9.766666667,12,1.179080465,6,0,0,6,2,12,,
665.mp4,12.96,16,0.915174468,6,7,0,6.5,4.333333333,14.33333333,,
666.mp4,15.32,10,0.860229174,0,5,5,3.333333333,3.333333333,8.333333333,,
667.mp4,18.76,7,3.859544237,1,3,1,1.666666667,1.666666667,1.333333333,,
668.mp4,13.26666667,9,1.868059784,4,3,0,3.5,2.333333333,4.333333333,,
669.mp4,19.56,0,0,0,0,0,0,0,0,,
670.mp4,19.24,5,4.186473131,1,0,1,0.666666667,0.666666667,0.333333333,,
671.mp4,11.43333333,1,0,1,0,0,0.5,0.333333333,0.333333333,,
672.mp4,18.03333333,25,0.958959579,7,6,6,6.333333333,6.333333333,0.333333333,,
673.mp4,19.73333333,2,3.928113461,0,1,1,0.666666667,0.666666667,0.333333333,,
674.mp4,12.23333333,18,0.929128493,12,3,0,7.5,5,39,,
675.mp4,16.84,42,0.455304437,12,13,12,12.33333333,12.33333333,0.333333333,,
676.mp4,17.16666667,23,0.970012957,7,8,6,7,7,1,,
677.mp4,10.46666667,8,1.429583618,7,1,0,4,2.666666667,14.33333333,,
678.mp4,13.33333333,10,1.989159346,4,4,0,4,2.666666667,5.333333333,,
679.mp4,16.64,12,1.145908377,2,5,4,3.666666667,3.666666667,2.333333333,,
680.mp4,12,3,0.764530659,1,2,0,1.5,1,1,,
681.mp4,33.6,37,1.022765093,3,11,1,5.333333333,5,28,,
682.mp4,38.6,92,0.47191585,11,12,12,11.85714286,11.66666667,0.333333333,,
683.mp4,10.06666667,0,0,0,0,0,0,0,0,,
684.mp4,16.56666667,0,0,0,0,0,0,0,0,,
685.mp4,20.88,30,0.806754162,7,9,6,7,7.333333333,2.333333333,,
686.mp4,13.68,13,1.126495759,6,5,0,5.5,3.666666667,10.33333333,,
687.mp4,18.76,0,0,0,0,0,0,0,0,,
688.mp4,19.03333333,41,0.639471471,10,8,13,10.33333333,10.33333333,6.333333333,,
689.mp4,15.16666667,43,0.476632425,15,14,14,14.33333333,14.33333333,0.333333333,,
690.mp4,11.03333333,0,0,0,0,0,0,0,0,,
691.mp4,21.6,37,0.601864623,8,9,11,9.25,9.333333333,2.333333333,,
692.mp4,14.16,15,1.049247061,6,8,0,7,4.666666667,17.33333333,,
693.mp4,23.8,5,6.210567236,1,1,1,1,1,0,,
694.mp4,11.96,13,1.077681979,3,6,0,4.5,3,9,,
695.mp4,10.33333333,2,10.78746605,1,1,0,1,0.666666667,0.333333333,,
696.mp4,16.2,25,0.756319622,9,6,8,7.666666667,7.666666667,2.333333333,,
697.mp4,15.5,32,0.682228281,10,9,11,10,10,1,,
698.mp4,12.16,11,1.053234839,7,3,0,5,3.333333333,12.33333333,,
699.mp4,20.96,22,1.081555582,5,5,5,5.25,5,0,,
700.mp4,13.875,16,0.890199614,6,6,0,6,4,12,,
701.mp4,13.1,10,2.504889382,8,0,0,4,2.666666667,21.33333333,,
702.mp4,24.96666667,59,0.581150388,11,14,8,12,11,9,,
703.mp4,12.5,8,2.283590385,4,2,0,3,2,4,,
704.mp4,18,6,1.737768507,2,3,1,2,2,1,,
705.mp4,15.76666667,0,0,0,0,0,0,0,0,,
706.mp4,10.93333333,6,3.159414911,3,3,0,3,2,3,,
707.mp4,34.46666667,99,0.470979328,15,15,15,14.33333333,15,0,,
708.mp4,21.96,6,4.30723815,3,1,1,1.5,1.666666667,1.333333333,,
709.mp4,12.5,0,0,0,0,0,0,0,0,,
710.mp4,15.12,14,1.064952924,8,3,3,4.666666667,4.666666667,8.333333333,,
711.mp4,11.68,27,0.660568017,13,10,0,11.5,7.666666667,46.33333333,,
712.mp4,22,1,0,1,0,0,0.25,0.333333333,0.333333333,,
713.mp4,17.56666667,12,2.823531021,4,3,3,3.333333333,3.333333333,0.333333333,,
714.mp4,22.4,18,1.451385442,5,3,5,4,4.333333333,1.333333333,,
715.mp4,28.53333333,62,0.625644715,13,10,9,10.6,10.66666667,4.333333333,,
716.mp4,25.12,7,3.555622816,1,2,2,1.4,1.666666667,0.333333333,,
717.mp4,12.46666667,4,3.976164341,3,0,0,1.5,1,3,,
718.mp4,23.12,31,1.126904289,10,9,5,7.25,8,7,,
719.mp4,16.08,7,2.055430492,1,1,2,1.333333333,1.333333333,0.333333333,,
720.mp4,18.8,15,1.614138518,4,3,4,3.666666667,3.666666667,0.333333333,,
721.mp4,19.36666667,11,2.030047154,3,2,3,2.666666667,2.666666667,0.333333333,,
722.mp4,16.5,8,2.161266293,4,3,0,3.5,2.333333333,4.333333333,,
723.mp4,29.2,4,8.871487856,1,1,0,0.6,0.666666667,0.333333333,,
724.mp4,20,17,2.174370974,3,3,9,4.25,5,12,,
725.mp4,23.3,0,0,0,0,0,0,0,0,,
726.mp4,13.66666667,3,5.747442245,0,2,0,1,0.666666667,1.333333333,,
727.mp4,22.16,38,0.605850632,11,11,10,9.25,10.66666667,0.333333333,,
728.mp4,18.93333333,31,0.771178746,14,6,9,9.666666667,9.666666667,16.33333333,,
729.mp4,25.44,55,0.526372927,13,8,10,10.8,10.33333333,6.333333333,,
730.mp4,28.76,70,0.468445571,11,13,12,12.2,12,1,,
731.mp4,31.12,49,0.720098133,9,6,7,7.833333333,7.333333333,2.333333333,,
732.mp4,17.04,37,0.521219101,12,11,10,11,11,1,,
733.mp4,20.72,0,0,0,0,0,0,0,0,,
734.mp4,43.92,67,0.713301236,6,9,9,7.625,8,3,,
735.mp4,26.73333333,0,0,0,0,0,0,0,0,,
736.mp4,16.56,7,2.407600204,2,3,1,2,2,1,,
737.mp4,14.76,11,1.462828445,3,4,0,3.5,2.333333333,4.333333333,,
738.mp4,13.9,2,3.418804646,0,0,0,0,0,0,,
739.mp4,5.066666667,1,0,1,0,0,1,0.333333333,0.333333333,,
740.mp4,14.5,9,2.432394654,6,1,0,3.5,2.333333333,10.33333333,,
741.mp4,14.8,2,1.844521523,2,0,0,1,0.666666667,1.333333333,,
742.mp4,20.76666667,21,1.291719532,4,0,7,5.25,3.666666667,12.33333333,,
743.mp4,10.36666667,13,0.940232317,3,10,0,6.5,4.333333333,26.33333333,,
744.mp4,9.8,12,1.165386785,8,0,0,8,2.666666667,21.33333333,,
745.mp4,18.96666667,8,2.129078184,1,2,5,2.666666667,2.666666667,4.333333333,,
746.mp4,16.43333333,2,9.094669819,0,1,1,0.666666667,0.666666667,0.333333333,,
747.mp4,18.8,24,0.894185553,4,7,8,6.333333333,6.333333333,4.333333333,,
748.mp4,10.6,5,3.22903353,1,3,0,2,1.333333333,2.333333333,,
749.mp4,23.1,19,1.620403753,5,4,4,4.25,4.333333333,0.333333333,,
750.mp4,14.7,10,2.834114578,3,4,0,3.5,2.333333333,4.333333333,,
751.mp4,11.03333333,17,0.784913555,10,7,0,8.5,5.666666667,26.33333333,,
752.mp4,33.86666667,26,1.803135691,5,2,5,4,4,3,,
753.mp4,22.86666667,16,1.178188578,8,7,1,4,5.333333333,14.33333333,,
754.mp4,13.36666667,2,13.02377772,1,0,0,0.5,0.333333333,0.333333333,,
755.mp4,11.2,3,3.9823699,1,2,0,1.5,1,1,,
756.mp4,19,3,1.641274691,0,0,3,1,1,3,,
757.mp4,14.7,7,1.950296998,1,4,0,2.5,1.666666667,4.333333333,,
758.mp4,13.03333333,2,5.357733011,0,1,0,0.5,0.333333333,0.333333333,,
759.mp4,14.46666667,0,0,0,0,0,0,0,0,,
760.mp4,10.2,21,0.64171344,10,11,0,10.5,7,37,,
761.mp4,13.72,2,3.016484022,2,0,0,1,0.666666667,1.333333333,,
762.mp4,16.64,21,0.911445999,7,5,7,6.333333333,6.333333333,1.333333333,,
763.mp4,27.06666667,38,0.980638343,8,4,9,7,7,7,,
764.mp4,12.3,0,0,0,0,0,0,0,0,,
765.mp4,12.93333333,0,0,0,0,0,0,0,0,,
766.mp4,34.4,1,0,1,0,0,0.166666667,0.333333333,0.333333333,,
767.mp4,16.28,15,1.212355699,5,3,5,4.333333333,4.333333333,1.333333333,,
768.mp4,13.2,16,0.910299397,7,8,0,7.5,5,19,,
769.mp4,16.13333333,8,2.81596429,3,2,3,2.666666667,2.666666667,0.333333333,,
770.mp4,21.76666667,26,1.01961751,4,8,6,5.75,6,4,,
771.mp4,25.36,7,3.975937486,1,5,0,1.4,2,7,,
772.mp4,13.64,8,1.999742985,3,3,0,3,2,3,,
773.mp4,19.3,55,0.486552446,15,15,12,14,14,3,,
774.mp4,10.43333333,6,1.521279621,2,4,0,3,2,4,,
775.mp4,18.63333333,0,0,0,0,0,0,0,0,,
776.mp4,11.03333333,0,0,0,0,0,0,0,0,,
777.mp4,10.83333333,7,1.958528082,4,3,0,3.5,2.333333333,4.333333333,,
778.mp4,10.93333333,14,1.108958795,7,5,0,6,4,13,,
779.mp4,12.24,30,0.462962603,13,12,0,12.5,8.333333333,52.33333333,,
780.mp4,16.08,1,0,0,0,1,0.333333333,0.333333333,0.333333333,,
781.mp4,19,6,3.015617132,2,1,3,2,2,1,,
782.mp4,22.24,41,0.614456946,10,9,9,9,9.333333333,0.333333333,,
783.mp4,13.43333333,6,2.937127924,2,3,0,2.5,1.666666667,2.333333333,,
784.mp4,18.56666667,37,0.672755308,8,11,10,9.666666667,9.666666667,2.333333333,,
785.mp4,16.52,13,1.35773172,4,4,4,4,4,0,,
786.mp4,20.8,2,10.84649563,0,0,1,0.5,0.333333333,0.333333333,,
787.mp4,20.08,19,1.230105109,4,3,4,4.5,3.666666667,0.333333333,,
788.mp4,21.36,22,1.142279171,5,7,5,5.25,5.666666667,1.333333333,,
789.mp4,18.9,5,5.877717614,0,1,2,1,1,1,,
790.mp4,23,40,0.581553936,10,12,14,12,12,4,,
791.mp4,11.1,0,0,0,0,0,0,0,0,,
792.mp4,15.32,24,0.632047166,10,8,6,8,8,4,,
793.mp4,23.6,20,1.258016913,6,4,2,4.25,4,4,,
794.mp4,35.16,38,1.056842746,5,7,3,5.428571429,5,4,,
795.mp4,18.33333333,2,4.954699755,1,1,0,0.666666667,0.666666667,0.333333333,,
796.mp4,41.70833333,9,1.732208729,3,5,1,1.125,3,4,,
797.mp4,14.46666667,32,0.628435566,11,11,0,11,7.333333333,40.33333333,,
798.mp4,12.36666667,3,4.149957776,1,2,0,1.5,1,1,,
799.mp4,49.08,7,3.996376793,2,1,2,0.777777778,1.666666667,0.333333333,,
800.mp4,11.26666667,23,0.628249884,8,12,0,10,6.666666667,37.33333333,,
801.mp4,17.76,3,1.980614781,0,0,2,0.666666667,0.666666667,1.333333333,,
802.mp4,14.04,0,0,0,0,0,0,0,0,,
803.mp4,11.88,1,0,0,0,0,0,0,0,,
804.mp4,11.96666667,8,2.140786886,5,2,0,3.5,2.333333333,6.333333333,,
805.mp4,17.125,36,0.5157841,10,11,11,10.66666667,10.66666667,0.333333333,,
806.mp4,12.04,0,0,0,0,0,0,0,0,,
807.mp4,21.66666667,12,3.421395215,5,3,1,2.5,3,4,,
808.mp4,21.23333333,17,1.696254537,6,3,4,4,4.333333333,2.333333333,,
809.mp4,14.68,11,1.616027999,2,2,0,2,1.333333333,1.333333333,,
810.mp4,35.06666667,28,1.665078207,4,4,5,4,4.333333333,0.333333333,,
811.mp4,21.68,33,0.759357892,2,9,9,7.25,6.666666667,16.33333333,,
812.mp4,14.43333333,10,1.750779629,2,7,0,4.5,3,13,,
813.mp4,15,19,0.817862656,5,10,4,6.333333333,6.333333333,10.33333333,,
814.mp4,18.33333333,14,1.589494027,2,4,6,4,4,4,,
815.mp4,18.08,20,0.966608286,6,6,6,6,6,0,,
816.mp4,13.7,7,1.863786101,2,4,0,3,2,4,,
817.mp4,13.96666667,20,0.964327837,6,5,0,5.5,3.666666667,10.33333333,,
818.mp4,18.64,39,0.54507866,12,10,12,11.33333333,11.33333333,1.333333333,,
819.mp4,37.08,29,1.692249034,3,5,4,4.142857143,4,1,,
820.mp4,26.6,5,4.510839999,2,1,1,1,1.333333333,0.333333333,,
821.mp4,14.1,4,2.45170331,3,1,0,2,1.333333333,2.333333333,,
822.mp4,11.88,7,2.626958688,3,2,0,2.5,1.666666667,2.333333333,,
823.mp4,28,64,0.479642762,12,10,11,11.4,11,1,,
824.mp4,9.616666667,11,1.998372912,0,0,0,0,0,0,,
825.mp4,21.88,3,2.186939478,0,2,1,0.75,1,1,,
826.mp4,14.2,20,0.823936262,7,10,0,8.5,5.666666667,26.33333333,,
827.mp4,10.36666667,0,0,0,0,0,0,0,0,,
828.mp4,12.76,8,1.699710676,5,2,0,3.5,2.333333333,6.333333333,,
829.mp4,26.7,28,1.184023036,3,5,6,5.2,4.666666667,2.333333333,,
830.mp4,20.44,13,1.740000149,2,4,4,3.25,3.333333333,1.333333333,,
831.mp4,10.9,12,1.613000024,6,6,0,6,4,12,,
832.mp4,22.12,42,0.600097575,7,8,10,9.25,8.333333333,2.333333333,,
833.mp4,24,19,1.920835164,4,5,3,4,4,1,,
834.mp4,12.12,31,0.450100025,13,12,0,12.5,8.333333333,52.33333333,,
835.mp4,17.04,1,0,0,0,0,0,0,0,,
836.mp4,11.43333333,16,0.993999926,5,8,0,6.5,4.333333333,16.33333333,,
837.mp4,14.76666667,9,2.331124991,5,1,0,3,2,7,,
838.mp4,15.23333333,21,0.845149922,4,9,8,7,7,7,,
839.mp4,15.4,3,6.14250052,1,1,1,1,1,0,,
840.mp4,28,16,2.381933228,3,3,2,2.8,2.666666667,0.333333333,,
841.mp4,17.3,6,1.953599739,1,4,1,2,2,3,,
842.mp4,17.88,12,1.214999914,0,8,3,3.666666667,3.666666667,16.33333333,,
843.mp4,10.6,6,2.199200392,3,2,0,2.5,1.666666667,2.333333333,,
844.mp4,28.4,75,0.511986897,13,14,15,13.2,14,1,,
845.mp4,14.24,4,1.095010916,1,3,0,2,1.333333333,2.333333333,,
846.mp4,14.12,17,0.964874879,4,8,0,6,4,16,,
847.mp4,10.03333333,23,0.576772755,12,10,0,11,7.333333333,41.33333333,,
848.mp4,14.4,31,0.717000047,13,8,0,10.5,7,43,,
849.mp4,12.88,7,1.657505075,2,1,0,1.5,1,1,,
850.mp4,20.4,47,0.595956538,8,13,14,11.5,11.66666667,10.33333333,,
851.mp4,34.70833333,25,1.068166614,0,0,4,3.166666667,1.333333333,5.333333333,,
852.mp4,17.08,22,0.844333444,8,6,7,7,7,1,,
853.mp4,20.53333333,42,0.648268298,9,8,11,10.25,9.333333333,2.333333333,,
854.mp4,11.76,29,0.468214282,12,12,0,12,8,48,,
855.mp4,25.2,6,4.815206003,2,1,1,1.2,1.333333333,0.333333333,,
856.mp4,36.76666667,85,0.587213976,14,10,9,11.57142857,11,7,,
857.mp4,21.33333333,45,0.632909038,7,13,12,10.75,10.66666667,10.33333333,,
858.mp4,19.32,20,1.082473642,8,5,5,6,6,3,,
859.mp4,11.1,3,7.019499302,2,0,0,1,0.666666667,1.333333333,,
860.mp4,15.3,0,0,0,0,0,0,0,0,,
861.mp4,23.76,20,1.21973699,6,6,3,4.75,5,3,,
862.mp4,15.66666667,7,3.158660928,1,2,0,1.5,1,1,,
863.mp4,17.1,16,1.288133224,6,6,4,5.333333333,5.333333333,1.333333333,,
864.mp4,13.04,2,4.995000124,0,2,0,1,0.666666667,1.333333333,,
865.mp4,6.94,7,2.972666462,6,0,0,6,2,12,,
866.mp4,16.96666667,41,0.753500009,11,10,14,11.66666667,11.66666667,4.333333333,,
867.mp4,49.63333333,123,0.533914904,8,14,12,12.55555556,11.33333333,9.333333333,,
868.mp4,14.36666667,0,0,0,0,0,0,0,0,,
869.mp4,13.32,0,0,0,0,0,0,0,0,,
870.mp4,24.16,56,0.49164316,12,11,11,11.5,11.33333333,0.333333333,,
871.mp4,11.6,17,0.93199499,6,8,0,7,4.666666667,17.33333333,,
872.mp4,18.96,2,8.642682076,0,1,0,0.333333333,0.333333333,0.333333333,,
873.mp4,35.36,2,13.74432564,0,1,0,0.285714286,0.333333333,0.333333333,,
874.mp4,15.63333333,23,1.127445936,6,8,8,7.333333333,7.333333333,1.333333333,,
875.mp4,14.06666667,3,8.616183281,2,0,0,1,0.666666667,1.333333333,,
876.mp4,10.43333333,14,0.879233104,6,8,0,7,4.666666667,17.33333333,,
877.mp4,22.8,12,2.259875688,3,2,4,2.5,3,1,,
878.mp4,24.53333333,36,0.947617946,7,9,6,7.25,7.333333333,2.333333333,,
879.mp4,27.96666667,52,0.666308838,5,8,13,9.6,8.666666667,16.33333333,,
880.mp4,18.125,0,0,0,0,0,0,0,0,,
881.mp4,21.26666667,40,0.72469358,14,9,6,9.25,9.666666667,16.33333333,,
882.mp4,11.1,6,3.92626133,2,3,0,2.5,1.666666667,2.333333333,,
883.mp4,17.32,11,1.895004392,2,2,4,2.666666667,2.666666667,1.333333333,,
884.mp4,13.72,32,0.490932142,11,12,0,11.5,7.666666667,44.33333333,,
885.mp4,13.16,2,9.004664898,1,1,0,1,0.666666667,0.333333333,,
886.mp4,21,53,0.449991199,13,12,13,12.5,12.66666667,0.333333333,,
887.mp4,13.56,0,0,0,0,0,0,0,0,,
888.mp4,12.28,13,1.100573123,4,8,0,6,4,16,,
889.mp4,13.16,1,0,0,1,0,0.5,0.333333333,0.333333333,,
890.mp4,11.36666667,7,1.958552321,4,2,0,3,2,4,,
891.mp4,9.866666667,29,0.466463361,14,0,0,14,4.666666667,65.33333333,,
892.mp4,10.36666667,11,1.508646226,6,5,0,5.5,3.666666667,10.33333333,,
893.mp4,17.9,15,1.540514759,5,5,4,4.666666667,4.666666667,0.333333333,,
894.mp4,13.12,13,1.507908066,4,4,0,4,2.666666667,5.333333333,,
895.mp4,11.76,11,0.904400206,5,5,0,5,3.333333333,8.333333333,,
896.mp4,21.24,41,0.57019996,11,10,10,10,10.33333333,0.333333333,,
897.mp4,13.32,0,0,0,0,0,0,0,0,,
898.mp4,13.96,2,4.585999489,2,0,0,1,0.666666667,1.333333333,,
899.mp4,18.66666667,29,0.837249969,7,8,9,8,8,1,,
900.mp4,13.64,6,0.593999958,6,0,0,3,2,12,,
901.mp4,17.43333333,15,1.235428538,2,5,8,5,5,9,,
902.mp4,9.833333333,7,1.987666686,5,0,0,5,1.666666667,8.333333333,,
903.mp4,22.68,4,3.900002956,1,1,2,1,1.333333333,0.333333333,,
904.mp4,11.96666667,4,4.582664808,2,2,0,2,1.333333333,1.333333333,,
905.mp4,12.73333333,10,1.700666904,2,5,0,3.5,2.333333333,6.333333333,,
906.mp4,12.96666667,13,1.453166703,5,4,0,4.5,3,7,,
907.mp4,17.5,11,1.805999947,4,3,4,3.666666667,3.666666667,0.333333333,,
908.mp4,27.79166667,8,3.766852992,3,2,2,1.6,2.333333333,0.333333333,,
909.mp4,21.23333333,3,2.700014234,1,2,0,0.75,1,1,,
910.mp4,9.733333333,12,1.093727264,7,0,0,7,2.333333333,16.33333333,,
911.mp4,10.96666667,7,2.305499395,3,3,0,3,2,3,,
912.mp4,25.88,16,1.76993316,4,4,2,3.2,3.333333333,1.333333333,,
913.mp4,21.13333333,27,0.813500019,9,10,6,6.75,8.333333333,4.333333333,,
914.mp4,10.23333333,21,0.6709499,11,10,0,10.5,7,37,,
915.mp4,14.08,3,4.747999668,0,2,0,1,0.666666667,1.333333333,,
916.mp4,16.13333333,3,3.765000343,1,2,0,1,1,1,,
917.mp4,17.92,6,2.781206369,1,1,3,1.666666667,1.666666667,1.333333333,,
918.mp4,18.88,1,0,0,0,1,0.333333333,0.333333333,0.333333333,,
919.mp4,17.8,39,0.604921172,14,13,7,11.33333333,11.33333333,14.33333333,,
920.mp4,14.84,5,4.739998877,1,1,0,1,0.666666667,0.333333333,,
921.mp4,9.866666667,1,0,1,0,0,1,0.333333333,0.333333333,,
922.mp4,24.64,22,1.221428576,6,5,4,4.25,5,1,,
923.mp4,24.08,42,0.643902459,8,11,8,9,9,3,,
924.mp4,49.92,12,4.270727266,2,0,1,1.333333333,1,1,,
925.mp4,11.86666667,10,1.46500002,4,5,0,4.5,3,7,,
926.mp4,13.32,6,2.835400534,4,1,0,2.5,1.666666667,4.333333333,,
927.mp4,27.88,18,1.735999893,8,2,2,3.4,4,12,,
928.mp4,12.53333333,12,1.531272823,5,5,0,5,3.333333333,8.333333333,,
929.mp4,15.4,13,1.608833313,5,3,4,4,4,1,,
930.mp4,14.93333333,3,1.214485168,0,2,0,1,0.666666667,1.333333333,,
931.mp4,12.76,2,2.025000095,2,0,0,1,0.666666667,1.333333333,,
932.mp4,19.36,11,1.91810286,3,4,2,3,3,1,,
933.mp4,16.46666667,7,2.757167021,2,2,3,2.333333333,2.333333333,0.333333333,,
934.mp4,15.08,15,1.149569239,4,5,6,5,5,1,,
935.mp4,21.6,3,11.27249944,0,1,1,0.5,0.666666667,0.333333333,,
936.mp4,11.88,7,1.919999917,2,4,0,3,2,4,,
937.mp4,18.2,39,0.519894914,10,12,11,11,11,1,,
938.mp4,14.76,27,0.62680769,7,9,0,8,5.333333333,22.33333333,,
939.mp4,17.03333333,9,2.294999927,4,2,3,3,3,1,,
940.mp4,12.36,15,0.951499888,7,5,0,6,4,13,,
941.mp4,19.76,5,4.691244721,3,0,0,1,1,3,,
942.mp4,19.8,0,0,0,0,0,0,0,0,,
943.mp4,18.8,25,0.823541701,8,6,6,6.666666667,6.666666667,1.333333333,,
944.mp4,11.4,0,0,0,0,0,0,0,0,,
945.mp4,25.36666667,17,2.087812483,4,2,3,3.2,3,1,,
946.mp4,15.4,20,1.019210514,7,9,3,6.333333333,6.333333333,9.333333333,,
947.mp4,21.36666667,7,4.089827696,3,0,2,1.75,1.666666667,2.333333333,,
948.mp4,14.46666667,11,2.221500015,3,3,0,3,2,3,,
949.mp4,22.86666667,5,5.118249834,2,1,1,1.25,1.333333333,0.333333333,,
950.mp4,25.43333333,37,1.243555533,7,5,8,7.4,6.666666667,2.333333333,,
951.mp4,39.2,66,0.812538451,10,6,10,8.428571429,8.666666667,5.333333333,,
952.mp4,23.33333333,24,1.265043383,4,8,4,5,5.333333333,5.333333333,,
953.mp4,14.04,23,0.692771305,10,7,0,8.5,5.666666667,26.33333333,,
954.mp4,15.04,1,0,0,0,1,0.333333333,0.333333333,0.333333333,,
955.mp4,21.24,0,0,0,0,0,0,0,0,,
956.mp4,21.68,5,2.081250131,4,1,0,1.25,1.666666667,4.333333333,,
957.mp4,13.93333333,22,1.172857148,9,3,0,6,4,21,,
958.mp4,15.68,4,5.64033397,2,1,0,1,1,1,,
959.mp4,16.06666667,16,1.90706865,6,6,3,5,5,3,,
960.mp4,11.5,23,0.698001482,10,9,0,9.5,6.333333333,30.33333333,,
961.mp4,10.76666667,1,0,1,0,0,0.5,0.333333333,0.333333333,,
962.mp4,15.33333333,2,1.889999151,2,0,0,0.666666667,0.666666667,1.333333333,,
963.mp4,23.06666667,22,1.371428501,6,6,5,4.5,5.666666667,0.333333333,,
964.mp4,15.03333333,10,2.235107872,3,4,3,3.333333333,3.333333333,0.333333333,,
965.mp4,11.6,1,0,1,0,0,0.5,0.333333333,0.333333333,,
966.mp4,14.56,32,0.518096778,13,11,0,12,8,49,,
967.mp4,16.48,10,1.843222486,3,3,3,3,3,0,,
968.mp4,12,14,0.997230787,9,2,0,5.5,3.666666667,22.33333333,,
969.mp4,14.24,1,0,1,0,0,0.5,0.333333333,0.333333333,,
970.mp4,19.04,8,2.339714391,3,2,3,2.666666667,2.666666667,0.333333333,,
971.mp4,11.8,20,1.034579239,10,9,0,9.5,6.333333333,30.33333333,,
972.mp4,12.44,2,3.30500102,0,2,0,1,0.666666667,1.333333333,,
973.mp4,21.32,2,4.635037899,0,0,1,0.5,0.333333333,0.333333333,,
974.mp4,12.72,31,0.466966589,12,12,0,12,8,48,,
975.mp4,10.13333333,1,0,1,0,0,0.5,0.333333333,0.333333333,,
976.mp4,13.12,1,0,1,0,0,0.5,0.333333333,0.333333333,,
977.mp4,21.7,17,1.752250105,7,5,3,4,5,4,,
978.mp4,25.23333333,31,1.013533346,7,5,9,6.2,7,4,,
979.mp4,11.16666667,27,0.547461473,11,13,0,12,8,49,,
980.mp4,15.32,1,0,0,1,0,0.333333333,0.333333333,0.333333333,,
981.mp4,14.88,18,0.9292355,4,7,0,5.5,3.666666667,12.33333333,,
982.mp4,33.8,81,0.472362533,13,12,12,12,12.33333333,0.333333333,,
983.mp4,16.24,12,1.570911884,5,3,3,3.666666667,3.666666667,1.333333333,,
984.mp4,13.56,11,1.260202932,3,5,0,4,2.666666667,6.333333333,,
985.mp4,13.72,5,2.632250607,3,2,0,2.5,1.666666667,2.333333333,,
986.mp4,33.12,24,1.50939136,3,4,3,3.166666667,3.333333333,0.333333333,,
987.mp4,23,8,2.532714367,0,2,3,1.5,1.666666667,2.333333333,,
988.mp4,18.2,3,5.579498649,0,1,1,0.666666667,0.666666667,0.333333333,,
989.mp4,38.4,10,4.554666811,2,1,0,1,1,1,,
990.mp4,12.2,7,1.477499922,4,3,0,3.5,2.333333333,4.333333333,,
991.mp4,16.08,3,5.670001626,1,1,1,1,1,0,,
992.mp4,28.72,0,0,0,0,0,0,0,0,,
993.mp4,16.36,6,2.87100029,2,2,2,2,2,0,,
994.mp4,12.64,4,2.775343259,2,2,0,2,1.333333333,1.333333333,,
995.mp4,18.26666667,11,1.727800083,1,3,5,3,3,4,,
996.mp4,12.48,32,0.450032234,13,12,0,12.5,8.333333333,52.33333333,,
997.mp4,17.52,12,1.599454403,3,4,4,3.666666667,3.666666667,0.333333333,,
998.mp4,11.46666667,16,0.956131347,10,5,0,7.5,5,25,,
999.mp4,11.16666667,24,0.633913061,13,10,0,11.5,7.666666667,46.33333333,,
