檔案名稱,影片秒數,眨眼次數,平均眨眼秒數,,平均眨眼次數,平均平均間隔眨眼秒數
000_003.mp4,15.84,7,2.566434066,,20.024,1.534897339
001_870.mp4,18.4,23,0.833365906,,,
002_006.mp4,23.1,50,0.649686225,,,
003_000.mp4,12.12,15,0.93407493,,,
004_982.mp4,12.36,24,0.600749513,,,
005_010.mp4,15.4,15,1.225991113,,,
006_002.mp4,10.33333333,13,0.46386387,,,
007_132.mp4,20.2,22,1.059510549,,,
008_990.mp4,25.48,24,1.248734754,,,
009_027.mp4,19.6,43,0.629820284,,,
010_005.mp4,18.96,3,5.410954118,,,
011_805.mp4,26.33333333,64,0.59138566,,,
012_026.mp4,14.52,5,3.938184321,,,
013_883.mp4,13.28,0,0,,,
014_790.mp4,22.53333333,68,0.512945855,,,
015_919.mp4,14.56666667,43,0.477037135,,,
016_209.mp4,22.6,59,0.550914012,,,
017_803.mp4,15.92,0,0,,,
018_019.mp4,14.4,2,4.363408566,,,
019_018.mp4,46.16666667,54,1.275622858,,,
020_344.mp4,15.6,39,0.551399413,,,
021_312.mp4,14.36666667,22,0.867748045,,,
022_489.mp4,10.83333333,2,10.02396917,,,
023_923.mp4,22.12,25,1.098163446,,,
024_073.mp4,12.24,11,1.53053422,,,
025_067.mp4,24.9,6,5.138124609,,,
026_012.mp4,12.88,29,0.587023999,,,
027_009.mp4,10.5,23,0.673969074,,,
028_068.mp4,14.46666667,1,0,,,
029_048.mp4,16.64,3,8.751153946,,,
030_193.mp4,9.9,6,1.68179431,,,
031_163.mp4,16.06666667,9,2.186583787,,,
032_944.mp4,10.33333333,0,0,,,
033_097.mp4,32.36,74,0.522024808,,,
034_590.mp4,13.56666667,1,0,,,
035_036.mp4,16.92,0,0,,,
036_035.mp4,13.48,7,0.909208695,,,
037_072.mp4,18.16,7,1.905001958,,,
038_125.mp4,10.16666667,1,0,,,
039_058.mp4,20.3,61,0.481719422,,,
040_997.mp4,21.92,7,4.096525749,,,
041_063.mp4,13.96,13,1.24087733,,,
042_084.mp4,14.08333333,7,2.666993618,,,
043_110.mp4,16.5,50,0.58121273,,,
044_945.mp4,11.16666667,16,1.196455701,,,
045_889.mp4,14,0,0,,,
046_904.mp4,16.8,0,0,,,
047_862.mp4,10.63333333,13,1.394952198,,,
048_029.mp4,19.4,0,0,,,
049_946.mp4,12,8,2.319697857,,,
050_059.mp4,21.2,21,0.986637628,,,
051_332.mp4,28.68,64,0.61107665,,,
052_108.mp4,10.76666667,8,2.528461116,,,
053_095.mp4,16.68,24,0.856045215,,,
054_071.mp4,12.26666667,0,0,,,
055_147.mp4,13.13333333,31,0.579868102,,,
056_996.mp4,14.92,37,0.488848792,,,
057_070.mp4,17.24,43,0.455339176,,,
058_039.mp4,22.3,11,2.731650686,,,
059_050.mp4,28.84,51,0.656129346,,,
060_088.mp4,33.76,52,0.743600803,,,
061_080.mp4,13.48,26,0.620056963,,,
062_066.mp4,14.1,43,0.477970617,,,
063_041.mp4,37.2,81,0.580856606,,,
064_991.mp4,16.08,14,0.918760483,,,
065_089.mp4,17.68,0,0,,,
066_062.mp4,14.5,25,0.883209646,,,
067_025.mp4,17.93333333,0,0,,,
068_028.mp4,13.36666667,1,0,,,
069_961.mp4,25.8,20,1.767300104,,,
070_057.mp4,14.68,1,0,,,
071_054.mp4,15.1,31,0.698827378,,,
072_037.mp4,12.44,2,2.793976068,,,
073_024.mp4,28.12,0,0,,,
074_825.mp4,13.8,0,0,,,
075_977.mp4,20.43333333,9,2.112554848,,,
076_079.mp4,10.96666667,0,0,,,
077_100.mp4,24.44,0,0,,,
078_955.mp4,20.92,1,0,,,
079_076.mp4,14.13333333,43,0.496907223,,,
080_061.mp4,19.32,37,0.660655883,,,
081_087.mp4,46.8,32,1.834842659,,,
082_103.mp4,12.64,2,5.279654741,,,
083_213.mp4,18.16666667,38,0.878704645,,,
084_042.mp4,25,28,0.825346152,,,
085_124.mp4,13.16,3,0.648361325,,,
086_090.mp4,31.16666667,0,0,,,
087_081.mp4,12.36,8,1.471342972,,,
088_060.mp4,26.6,22,1.400246416,,,
089_065.mp4,30.04,76,0.499256643,,,
090_086.mp4,22.9,58,0.583187275,,,
091_116.mp4,21.3,16,1.799249506,,,
092_098.mp4,18.4,36,0.614438561,,,
093_121.mp4,12.83333333,1,0,,,
094_111.mp4,22.36,56,0.517952746,,,
095_053.mp4,40.24,6,8.011213398,,,
096_101.mp4,16.8,0,0,,,
097_033.mp4,19.12,41,0.589784878,,,
098_092.mp4,11.96,30,0.50787171,,,
099_295.mp4,24.52,1,0,,,
100_077.mp4,16.92,9,2.193416417,,,
101_096.mp4,38.26666667,51,1.05064002,,,
102_114.mp4,15.56,37,0.497381124,,,
103_082.mp4,23.8,16,1.827756341,,,
104_126.mp4,15.4,34,0.666895512,,,
105_180.mp4,10,9,1.447319537,,,
106_198.mp4,11.86666667,34,0.523562215,,,
107_109.mp4,22.24,11,2.237371492,,,
108_052.mp4,10,10,1.076280965,,,
109_107.mp4,11.92,2,1.836577177,,,
110_043.mp4,18.83333333,19,1.32991412,,,
111_094.mp4,17.32,4,2.513462226,,,
112_892.mp4,13.93333333,7,3.873825034,,,
113_983.mp4,33.64,7,4.44936196,,,
114_102.mp4,50.76,91,0.683822905,,,
115_939.mp4,10.66666667,3,5.353742719,,,
116_091.mp4,10.9,4,2.58333985,,,
117_217.mp4,21.92,55,0.526288015,,,
118_120.mp4,14.08,4,3.229985317,,,
119_123.mp4,17.31034483,12,2.176528497,,,
120_118.mp4,16.2,30,0.637575059,,,
121_093.mp4,23.04166667,2,10.46187806,,,
122_144.mp4,10.65517241,3,2.959424496,,,
123_119.mp4,17.13333333,4,8.011845589,,,
124_085.mp4,12.72,13,1.202587326,,,
125_038.mp4,16.66666667,1,0,,,
126_104.mp4,10.93333333,1,0,,,
127_129.mp4,28.8,62,0.704557423,,,
128_896.mp4,29.4,57,0.648212484,,,
129_127.mp4,11,30,0.608411477,,,
130_139.mp4,26.48,2,15.5803206,,,
131_518.mp4,17,16,1.070040735,,,
132_007.mp4,16.52,31,0.68934896,,,
133_148.mp4,25.56666667,4,11.01385975,,,
134_192.mp4,11.53333333,6,2.135254669,,,
135_880.mp4,13.625,0,0,,,
136_285.mp4,20.36666667,2,0.76131773,,,
137_165.mp4,24.24,60,0.517680629,,,
138_142.mp4,16.4,41,0.515530896,,,
139_130.mp4,15.12,0,0,,,
140_143.mp4,19.4,48,0.528083385,,,
141_161.mp4,16.93333333,3,9.797529101,,,
142_138.mp4,38.48,4,11.38260126,,,
143_140.mp4,16.56,34,0.64802552,,,
144_122.mp4,11.46666667,9,1.930762529,,,
145_299.mp4,31.66666667,0,0,,,
146_256.mp4,41.79166667,6,7.950248003,,,
147_055.mp4,22.23333333,9,3.404811084,,,
148_133.mp4,15.83333333,6,2.011163187,,,
149_152.mp4,14.52,0,0,,,
150_153.mp4,18.24,1,0,,,
151_225.mp4,11.56666667,21,0.891118479,,,
152_149.mp4,12.52,8,1.646328279,,,
153_150.mp4,29.28,72,0.507267039,,,
154_386.mp4,19.8,43,0.645557551,,,
155_576.mp4,33.16,27,1.244693884,,,
156_243.mp4,20.72,23,0.625744419,,,
157_245.mp4,19.44,21,0.710633588,,,
158_379.mp4,14.8,20,0.719627556,,,
159_175.mp4,13,25,0.64218536,,,
160_928.mp4,17.8,3,7.959432244,,,
161_141.mp4,12.3,3,3.604152799,,,
162_330.mp4,22.83333333,6,5.680931711,,,
163_031.mp4,10.13333333,30,0.512336328,,,
164_216.mp4,40.84,16,2.761990833,,,
165_137.mp4,15.48,10,1.200406048,,,
166_167.mp4,30.24,1,0,,,
167_166.mp4,13.64,9,1.85784775,,,
168_222.mp4,40.93333333,0,0,,,
169_227.mp4,21.63333333,39,0.799770318,,,
170_186.mp4,16.8,12,2.893471133,,,
171_173.mp4,18.03333333,22,1.321767273,,,
172_582.mp4,25.06666667,52,0.726233959,,,
173_171.mp4,24.03333333,34,1.079445442,,,
174_964.mp4,13.8,9,1.563780516,,,
175_159.mp4,20.16,49,0.508234799,,,
176_190.mp4,12.53333333,5,3.56223166,,,
177_211.mp4,16.4,4,3.276720921,,,
178_598.mp4,20.84,16,1.70253334,,,
179_212.mp4,42,4,5.688122193,,,
180_105.mp4,18.96666667,24,1.134380631,,,
181_199.mp4,15.93333333,47,0.512717631,,,
182_242.mp4,20.66666667,0,0,,,
183_253.mp4,13,6,2.682133436,,,
184_205.mp4,50.16,0,0,,,
185_276.mp4,35,0,0,,,
186_170.mp4,11.13333333,21,0.963251221,,,
187_234.mp4,32.86666667,65,0.761858087,,,
188_191.mp4,10.33333333,1,0,,,
189_200.mp4,20.48,49,0.521416118,,,
190_176.mp4,11.03333333,2,10.40310025,,,
191_188.mp4,12.4,14,1.71767365,,,
192_134.mp4,9.566666667,0,0,,,
193_030.mp4,12.4,5,5.263086498,,,
194_235.mp4,22.68,25,1.00281173,,,
195_442.mp4,13.32,31,0.551294533,,,
196_310.mp4,17.04,43,0.478336868,,,
197_224.mp4,35.2,4,9.703701735,,,
198_106.mp4,13.06666667,17,1.138125926,,,
199_181.mp4,12.26666667,13,1.019355635,,,
200_189.mp4,28.76,0,0,,,
201_203.mp4,34.52,25,1.602988501,,,
202_348.mp4,12.92,2,0.548722029,,,
203_201.mp4,17.84,2,14.88956118,,,
204_230.mp4,17.16666667,0,0,,,
205_184.mp4,12.28,2,4.764307976,,,
206_221.mp4,28.56,60,0.593109644,,,
207_908.mp4,14.41666667,0,0,,,
208_215.mp4,18.6,4,4.420021852,,,
209_016.mp4,11.23333333,21,0.640014803,,,
210_241.mp4,27.96666667,0,0,,,
211_177.mp4,21.08,53,0.535685466,,,
212_179.mp4,13.83333333,34,0.656696999,,,
213_083.mp4,12.6,7,2.819720825,,,
214_255.mp4,15.4,9,2.339017481,,,
215_208.mp4,23.52,9,3.125383824,,,
216_164.mp4,19.04,4,5.351595958,,,
217_117.mp4,28.08,30,1.257521177,,,
218_239.mp4,14.12,22,0.871800071,,,
219_220.mp4,14,3,5.127024889,,,
220_219.mp4,14.28,6,2.161992884,,,
221_206.mp4,28.72,0,0,,,
222_168.mp4,13.56666667,3,8.098980904,,,
223_586.mp4,5.6,2,0.730942726,,,
224_197.mp4,19.52,11,2.094418669,,,
225_151.mp4,10.13333333,0,0,,,
226_491.mp4,10.93333333,13,1.313220521,,,
227_169.mp4,14.7,18,1.252240153,,,
228_289.mp4,22.24,10,3.150809977,,,
229_247.mp4,15.68,0,0,,,
230_204.mp4,12.4,17,0.834703401,,,
231_663.mp4,22.92,54,0.55972174,,,
232_248.mp4,19.13333333,7,3.683467825,,,
233_995.mp4,22.5,35,0.959222843,,,
234_187.mp4,17.6,6,2.621379328,,,
235_194.mp4,12.48,11,1.396985579,,,
236_237.mp4,26.04,60,0.519936655,,,
237_236.mp4,30.28,11,3.341201568,,,
238_282.mp4,24.88,48,0.650314154,,,
239_218.mp4,23.52,49,0.58638982,,,
240_290.mp4,42.46666667,98,0.666343473,,,
241_210.mp4,9.733333333,29,0.540740771,,,
242_182.mp4,11.03333333,0,0,,,
243_156.mp4,15.48,24,0.694779666,,,
244_822.mp4,22.28,13,2.528056681,,,
245_157.mp4,13.36,16,1.128445403,,,
246_258.mp4,16.53333333,5,4.077188671,,,
247_229.mp4,15.96,1,0,,,
248_232.mp4,16.53333333,5,3.285512805,,,
249_280.mp4,21.06666667,58,0.539916737,,,
250_461.mp4,22.56,0,0,,,
251_375.mp4,13.84,0,0,,,
252_266.mp4,22.88,58,0.502970085,,,
253_183.mp4,16.7,1,0,,,
254_261.mp4,17.08,3,0.52606833,,,
255_214.mp4,15.66666667,23,0.975176844,,,
256_146.mp4,22.75,30,0.847789172,,,
257_420.mp4,30.52,76,0.498562632,,,
258_246.mp4,16.6,29,0.90135903,,,
259_345.mp4,17.76,30,0.749594244,,,
260_331.mp4,12.08,1,0,,,
261_254.mp4,27.08,0,0,,,
262_301.mp4,15.88,2,9.485548258,,,
263_284.mp4,10,6,2.407830572,,,
264_271.mp4,15.16666667,18,1.310305834,,,
265_475.mp4,22.08,9,3.873996794,,,
266_252.mp4,18.6,43,0.540916426,,,
267_286.mp4,10.2,17,0.809708074,,,
268_269.mp4,48.83333333,146,0.496598824,,,
269_268.mp4,12.9,16,0.957986101,,,
270_297.mp4,12.44,32,0.52586154,,,
271_264.mp4,16.33333333,26,0.897136869,,,
272_396.mp4,10.76666667,28,0.607884124,,,
273_807.mp4,10.73333333,3,2.131496429,,,
274_412.mp4,15.8,0,0,,,
275_887.mp4,16.96,0,0,,,
276_185.mp4,13.24,3,4.564280868,,,
277_335.mp4,32.2,55,0.92572014,,,
278_306.mp4,17.96,28,0.740420995,,,
279_298.mp4,30.2,42,0.860682104,,,
280_249.mp4,20.2,24,1.257483327,,,
281_474.mp4,10.3,27,0.54666996,,,
282_238.mp4,23.76,23,1.346926288,,,
283_313.mp4,32.2,28,1.804577845,,,
284_263.mp4,16.1,38,0.78718382,,,
285_136.mp4,12.76666667,33,0.569286279,,,
286_267.mp4,22.26666667,3,3.507702351,,,
287_426.mp4,15.83333333,1,0,,,
288_321.mp4,21.72,1,0,,,
289_228.mp4,23.88,6,5.236773252,,,
290_240.mp4,14.06666667,9,2.520197779,,,
291_874.mp4,11,10,1.69722369,,,
292_294.mp4,14.16666667,4,4.776432037,,,
293_296.mp4,30.32,29,1.247139999,,,
294_292.mp4,20.13333333,3,6.131508112,,,
295_099.mp4,16.44,10,1.425270451,,,
296_293.mp4,13.44,4,1.292051395,,,
297_270.mp4,15.6,0,0,,,
298_279.mp4,18.96666667,6,4.310098982,,,
299_145.mp4,20.93333333,1,0,,,
300_304.mp4,23.92,21,1.345400262,,,
301_262.mp4,30.52,63,0.605457817,,,
302_323.mp4,35,0,0,,,
303_309.mp4,22.84,55,0.539528825,,,
304_300.mp4,24.4,1,0,,,
305_513.mp4,33.72,76,0.600264184,,,
306_278.mp4,29.12,33,0.95640415,,,
307_365.mp4,15.12,34,0.567656076,,,
308_388.mp4,16.73333333,0,0,,,
309_303.mp4,34,6,5.735368347,,,
310_196.mp4,15,3,5.464551926,,,
311_387.mp4,12.26666667,37,0.485802703,,,
312_021.mp4,14.26666667,33,0.62118911,,,
313_283.mp4,16.03333333,20,1.228293482,,,
314_347.mp4,13.76666667,0,0,,,
315_322.mp4,10.13333333,0,0,,,
316_369.mp4,18.86666667,10,3.179251459,,,
317_359.mp4,22.73333333,11,3.304045272,,,
318_334.mp4,19,0,0,,,
319_352.mp4,28.68,6,5.830411243,,,
320_328.mp4,16.8,48,0.573895713,,,
321_288.mp4,22.68,8,2.608716215,,,
322_315.mp4,10.43333333,3,3.906148434,,,
323_302.mp4,18.24,45,0.526894261,,,
324_356.mp4,49.96,112,0.567531519,,,
325_492.mp4,47.36666667,143,0.525183041,,,
326_501.mp4,36.56,56,0.8472564,,,
327_329.mp4,16.5,39,0.651878671,,,
328_320.mp4,10.63333333,0,0,,,
329_327.mp4,13.83333333,0,0,,,
330_162.mp4,13.56666667,18,1.16801102,,,
331_260.mp4,18.76,39,0.650472691,,,
332_051.mp4,27.8,23,1.482127417,,,
333_377.mp4,14.3,43,0.476039211,,,
334_318.mp4,53.56,37,1.799133844,,,
335_277.mp4,12.8,38,0.516793038,,,
336_338.mp4,20.28,14,1.864431124,,,
337_522.mp4,13.24,26,0.69101656,,,
338_336.mp4,35.56,7,5.490297715,,,
339_392.mp4,15.23333333,15,1.602678384,,,
340_341.mp4,9.766666667,5,3.948291302,,,
341_340.mp4,27.56666667,8,4.992728438,,,
342_416.mp4,12.08,22,0.744911796,,,
343_363.mp4,11.96,23,0.667151354,,,
344_020.mp4,25.24,50,0.624479518,,,
345_259.mp4,16.92,43,0.477584481,,,
346_351.mp4,20.5,7,3.897075454,,,
347_314.mp4,15.26666667,46,0.507451979,,,
348_202.mp4,16.56,13,1.121351759,,,
349_350.mp4,18.84,12,1.934633168,,,
350_349.mp4,16.2,4,3.648290714,,,
351_346.mp4,22.8,68,0.500532004,,,
352_319.mp4,16.84,41,0.500072402,,,
353_383.mp4,11.93333333,10,1.592287117,,,
354_362.mp4,15.33333333,14,1.614820279,,,
355_748.mp4,16.63333333,4,5.538693349,,,
356_324.mp4,22.32,0,0,,,
357_432.mp4,11.53333333,0,0,,,
358_380.mp4,17.8,0,0,,,
359_317.mp4,15.2,32,0.691550624,,,
360_437.mp4,15.4,28,0.699772093,,,
361_448.mp4,15.16666667,0,0,,,
362_354.mp4,15.16666667,8,2.463489669,,,
363_343.mp4,18.92,45,0.536175218,,,
364_440.mp4,25.92,47,0.712199564,,,
365_307.mp4,14.76,36,0.502771044,,,
366_473.mp4,16.16,11,1.932790756,,,
367_371.mp4,25.96,18,1.760209841,,,
368_378.mp4,25.36666667,37,1.019804279,,,
369_316.mp4,10.66666667,0,0,,,
370_483.mp4,13.2,7,3.345510681,,,
371_367.mp4,28.72,0,0,,,
372_413.mp4,19.44,0,0,,,
373_394.mp4,24.08,12,2.44525127,,,
374_407.mp4,23.44,5,7.389237463,,,
375_251.mp4,14.12,13,1.419035256,,,
376_381.mp4,20.6,0,0,,,
377_333.mp4,13.26666667,35,0.570799947,,,
378_368.mp4,25.36666667,35,1.128746881,,,
379_158.mp4,11.36666667,23,0.751388127,,,
380_358.mp4,15.16666667,0,0,,,
381_376.mp4,23.12,29,0.975982751,,,
382_409.mp4,12.52,8,2.19915809,,,
383_353.mp4,15.5,7,4.31279552,,,
384_932.mp4,18.48,0,0,,,
385_414.mp4,11.63333333,25,0.734304031,,,
386_154.mp4,14.96666667,18,1.677903288,,,
387_311.mp4,17.6,4,6.242987156,,,
388_308.mp4,21.2,17,1.434890836,,,
389_480.mp4,12.56,14,1.401897174,,,
390_709.mp4,33.70833333,8,5.380534717,,,
391_406.mp4,21.88,7,3.650963902,,,
392_339.mp4,49.86666667,92,0.847218773,,,
393_405.mp4,23.16,28,1.006538453,,,
394_373.mp4,16.8,39,0.561524184,,,
395_401.mp4,14.93333333,45,0.534049852,,,
396_272.mp4,17.5,20,1.464083032,,,
397_602.mp4,11.83333333,9,2.581266671,,,
398_457.mp4,23.28,6,3.183947325,,,
399_488.mp4,28.73333333,73,0.597691509,,,
400_476.mp4,14.28,16,1.173370377,,,
401_395.mp4,16.4,38,0.647350137,,,
402_453.mp4,14.1,10,2.923750268,,,
403_497.mp4,23.56666667,45,0.792538383,,,
404_429.mp4,31.92,77,0.54029887,,,
405_393.mp4,21.24,0,0,,,
406_391.mp4,20.48,3,11.57643199,,,
407_374.mp4,20.16,49,0.51454326,,,
408_424.mp4,12.24,31,0.495258443,,,
409_382.mp4,14.44,23,0.841588443,,,
410_411.mp4,15.3,14,1.962004148,,,
411_410.mp4,17.63333333,29,1.141674621,,,
412_274.mp4,19.06666667,20,1.325043339,,,
413_372.mp4,15.16,12,1.4858719,,,
414_385.mp4,19.56666667,12,2.994592688,,,
415_484.mp4,18.76666667,47,0.58255689,,,
416_342.mp4,12.52,31,0.525412544,,,
417_496.mp4,28.7,4,8.867070516,,,
418_507.mp4,13.29166667,11,1.593917942,,,
419_824.mp4,8.116666667,12,1.910842115,,,
420_257.mp4,45.04,50,1.076428915,,,
421_423.mp4,41.52,97,0.538531457,,,
422_695.mp4,10.53333333,4,0.748280207,,,
423_421.mp4,72.56,7,9.456425905,,,
424_408.mp4,12.44,1,0,,,
425_485.mp4,11.2,33,0.505851723,,,
426_287.mp4,11.16666667,3,10.02987373,,,
427_637.mp4,7.8,0,0,,,
428_466.mp4,18,10,2.43236147,,,
429_404.mp4,18.28,22,0.9509131,,,
430_459.mp4,11.9,7,3.49271524,,,
431_447.mp4,20.53333333,62,0.490832337,,,
432_357.mp4,12,28,0.654257889,,,
433_498.mp4,21.28,38,0.72999391,,,
434_438.mp4,11.23333333,8,2.091336591,,,
435_456.mp4,19.04,46,0.510134617,,,
436_526.mp4,17.26666667,46,0.545488575,,,
437_360.mp4,23.72,22,1.392769723,,,
438_434.mp4,18.06666667,1,0,,,
439_441.mp4,15.4,13,1.788095911,,,
440_364.mp4,16.76,42,0.505585002,,,
441_439.mp4,10.16666667,0,0,,,
442_195.mp4,14.2,0,0,,,
443_514.mp4,45.84,109,0.517256262,,,
444_655.mp4,14.56666667,32,0.692608526,,,
445_494.mp4,42.12,85,0.629860867,,,
446_667.mp4,16.92,4,0.62190191,,,
447_431.mp4,10.86666667,5,1.722752392,,,
448_361.mp4,17.6,50,0.531728419,,,
449_451.mp4,10.2,31,0.533797948,,,
450_533.mp4,25.8,37,1.351451344,,,
451_449.mp4,12.76666667,9,1.454436153,,,
452_550.mp4,20.2,17,1.436615616,,,
453_402.mp4,21.5,15,2.044200744,,,
454_527.mp4,12.8,18,0.969457444,,,
455_471.mp4,14.8,0,0,,,
456_435.mp4,24.32,0,0,,,
457_398.mp4,21.12,27,0.937240747,,,
458_722.mp4,14.625,8,2.025812966,,,
459_430.mp4,17.53333333,18,1.534382498,,,
460_678.mp4,21.33333333,18,1.473553686,,,
461_250.mp4,24.48,8,2.482007674,,,
462_467.mp4,19.5,25,1.138499151,,,
463_464.mp4,12.6,26,0.590665846,,,
464_463.mp4,16.16,40,0.49388968,,,
465_482.mp4,10.96666667,15,1.034652148,,,
466_428.mp4,11.13333333,4,3.393288851,,,
467_462.mp4,14.1,37,0.558202704,,,
468_470.mp4,23.88,1,0,,,
469_481.mp4,13.8,6,2.142877674,,,
470_468.mp4,36.2,60,0.777612023,,,
471_455.mp4,21.6,54,0.505767953,,,
472_511.mp4,19.16,10,2.326004002,,,
473_366.mp4,22.96,1,0,,,
474_281.mp4,9.866666667,14,1.155240114,,,
475_265.mp4,13.48,8,2.045158795,,,
476_400.mp4,12.4,5,1.354704142,,,
477_487.mp4,12.16666667,8,1.910844905,,,
478_506.mp4,24.96666667,59,0.631347812,,,
479_706.mp4,16.26666667,0,0,,,
480_389.mp4,19.4,0,0,,,
481_469.mp4,13.8,36,0.574139575,,,
482_465.mp4,11.8,4,2.65825057,,,
483_370.mp4,12.5,0,0,,,
484_415.mp4,10.63333333,29,0.507141267,,,
485_425.mp4,26.76666667,6,3.956572819,,,
486_680.mp4,22.56,1,0,,,
487_477.mp4,10.63333333,9,1.5971919,,,
488_399.mp4,17.26666667,11,1.854176807,,,
489_022.mp4,18.86666667,1,0,,,
490_534.mp4,25.4,62,0.647513866,,,
491_226.mp4,14.23333333,1,0,,,
492_325.mp4,11.56666667,32,0.550205915,,,
493_538.mp4,15.8,15,1.302474039,,,
494_445.mp4,32.08,78,0.521525188,,,
495_512.mp4,22.92,12,1.992359942,,,
496_417.mp4,49.86666667,5,6.984220386,,,
497_403.mp4,20.7,63,0.530427575,,,
498_433.mp4,12.68,12,1.430395972,,,
499_539.mp4,17.13333333,49,0.530488238,,,
500_592.mp4,9.733333333,29,0.628611462,,,
501_326.mp4,20.88,44,0.62162162,,,
502_504.mp4,10.56666667,13,1.30303661,,,
503_756.mp4,22.46666667,4,4.229114532,,,
504_502.mp4,10.56666667,28,0.577815771,,,
505_600.mp4,18.1,2,2.248676538,,,
506_478.mp4,22.26666667,2,14.93986225,,,
507_418.mp4,19.54166667,0,0,,,
508_831.mp4,20.1,2,3.821166515,,,
509_525.mp4,18.76666667,45,0.621575215,,,
510_528.mp4,13.6,34,0.488716992,,,
511_472.mp4,32.36,1,0,,,
512_495.mp4,30,64,0.567758984,,,
513_305.mp4,19.76,42,0.599110557,,,
514_443.mp4,14.44,16,1.056122907,,,
515_519.mp4,30.64,76,0.511808955,,,
516_555.mp4,11.8,6,3.475343513,,,
517_521.mp4,12.43333333,0,0,,,
518_131.mp4,19.66666667,0,0,,,
519_515.mp4,30.04,26,1.483955183,,,
520_542.mp4,14,8,2.368126426,,,
521_517.mp4,10.13333333,26,0.55729475,,,
522_337.mp4,28.52,70,0.500043409,,,
523_541.mp4,15,32,0.648421695,,,
524_580.mp4,17.56666667,0,0,,,
525_509.mp4,17.23333333,26,1.049454374,,,
526_436.mp4,27.93333333,0,0,,,
527_454.mp4,11.4,1,0,,,
528_510.mp4,15.08,22,0.806263424,,,
529_633.mp4,11.16666667,5,3.356636882,,,
530_594.mp4,28.64,1,0,,,
531_549.mp4,12.76,7,2.595312556,,,
532_544.mp4,13.03333333,2,9.024663448,,,
533_450.mp4,18.6,12,3.087024949,,,
534_490.mp4,15.36,20,1.034655069,,,
535_587.mp4,22.23333333,3,10.26807082,,,
536_540.mp4,24.12,6,4.806778669,,,
537_563.mp4,12.83333333,29,0.661983703,,,
538_493.mp4,23.84,28,1.125548513,,,
539_499.mp4,10.43333333,2,1.73275876,,,
540_536.mp4,38.28,1,0,,,
541_523.mp4,15.6,0,0,,,
542_520.mp4,12.8,7,2.376802047,,,
543_559.mp4,28.72,46,0.785529804,,,
544_532.mp4,11.83333333,12,1.459688252,,,
545_553.mp4,14.53333333,31,0.685709842,,,
546_621.mp4,23.8,14,2.733369277,,,
547_574.mp4,19.84,0,0,,,
548_632.mp4,22.92,8,2.849329506,,,
549_531.mp4,24.96,53,0.587244217,,,
550_452.mp4,14.8,2,16.43266344,,,
551_631.mp4,29.08,21,1.587472332,,,
552_851.mp4,12.625,15,1.128414069,,,
553_545.mp4,12.13333333,0,0,,,
554_572.mp4,27.6,29,1.506543338,,,
555_516.mp4,19.06666667,50,0.709268273,,,
556_588.mp4,14.88,12,1.024093996,,,
557_560.mp4,16.96666667,16,1.598738988,,,
558_583.mp4,17.83333333,7,1.998248299,,,
559_543.mp4,13.36,33,0.486194268,,,
560_557.mp4,11.63333333,24,0.679316002,,,
561_998.mp4,13.86666667,8,3.419356755,,,
562_626.mp4,15.56666667,10,1.826164749,,,
563_537.mp4,13,28,0.673072179,,,
564_971.mp4,21.6,7,3.695172747,,,
565_589.mp4,17.2,0,0,,,
566_617.mp4,28.92,1,0,,,
567_606.mp4,13.6,1,0,,,
568_628.mp4,22.8,4,4.491925875,,,
569_921.mp4,11.16666667,16,1.305063534,,,
570_624.mp4,17.2,1,0,,,
571_746.mp4,19.2,0,0,,,
572_554.mp4,11.56666667,21,0.811904168,,,
573_757.mp4,20.43333333,23,1.266290394,,,
574_547.mp4,20.28,5,1.076549649,,,
575_603.mp4,22.28,13,2.183104217,,,
576_155.mp4,18.44,12,1.645911433,,,
577_593.mp4,11.46666667,0,0,,,
578_636.mp4,18.8,33,0.846998058,,,
579_701.mp4,15.86666667,26,1.188382111,,,
580_524.mp4,9.733333333,16,0.815510972,,,
581_697.mp4,12.73333333,14,1.5456441,,,
582_172.mp4,14.36666667,22,0.891521397,,,
583_558.mp4,15.83333333,0,0,,,
584_823.mp4,19.79166667,6,4.468468046,,,
585_599.mp4,11.96666667,8,2.049338477,,,
586_223.mp4,6.316666667,0,0,,,
587_535.mp4,20.86666667,2,10.0819869,,,
588_556.mp4,21.76,1,0,,,
589_565.mp4,27.44,69,0.474794069,,,
590_034.mp4,20,44,0.858004537,,,
591_605.mp4,21.64,19,1.485171914,,,
592_500.mp4,12.76666667,0,0,,,
593_577.mp4,17.83333333,44,0.7966072,,,
594_530.mp4,11.76,3,1.979349852,,,
595_597.mp4,18.83333333,17,1.733940721,,,
596_609.mp4,22.28,55,0.481930627,,,
597_595.mp4,9.9,6,2.516983271,,,
598_178.mp4,27.44,4,7.514555613,,,
599_585.mp4,13.26666667,39,0.508090465,,,
600_505.mp4,12.93333333,19,1.064987832,,,
601_653.mp4,12.13333333,36,0.537490416,,,
602_397.mp4,22.23333333,24,1.646682874,,,
603_575.mp4,11.84,10,1.496163925,,,
604_703.mp4,27.5,28,1.495192899,,,
605_591.mp4,26.56,31,0.939724072,,,
606_567.mp4,15.48,30,0.598126091,,,
607_683.mp4,15.13333333,0,0,,,
608_675.mp4,48.2,121,0.493750081,,,
609_596.mp4,19.56,0,0,,,
610_692.mp4,15.76,40,0.486231614,,,
611_760.mp4,21.5,60,0.527824091,,,
612_702.mp4,14,13,1.222640038,,,
613_685.mp4,16.6,23,0.828354229,,,
614_616.mp4,20.28,48,0.520445895,,,
615_687.mp4,18.08,0,0,,,
616_614.mp4,26.52,19,1.732094818,,,
617_566.mp4,12.48,5,1.899766088,,,
618_629.mp4,15.28,11,1.910707402,,,
619_620.mp4,12.2,2,2.430873394,,,
620_619.mp4,25.12,21,1.638776028,,,
621_546.mp4,12.33333333,17,1.197411343,,,
622_647.mp4,12.36666667,0,0,,,
623_630.mp4,14.08,20,0.860480923,,,
624_570.mp4,14,3,2.153819561,,,
625_650.mp4,13.28,0,0,,,
626_562.mp4,32.5,3,5.415159345,,,
627_658.mp4,14.96,6,2.257589674,,,
628_568.mp4,35.8,88,0.517460009,,,
629_618.mp4,39.6,12,3.626891895,,,
630_623.mp4,16.92,0,0,,,
631_551.mp4,16.96,4,0.54192551,,,
632_548.mp4,17.08,3,7.417324901,,,
633_529.mp4,17.06666667,15,1.283867189,,,
634_660.mp4,13.52,21,0.720287979,,,
635_642.mp4,30.56,0,0,,,
636_578.mp4,11.16666667,0,0,,,
637_427.mp4,10.2,0,0,,,
638_640.mp4,23.26666667,34,0.968993779,,,
639_841.mp4,22.06666667,64,0.479538622,,,
640_638.mp4,10.2,31,0.484798034,,,
641_662.mp4,11.66666667,9,1.586917639,,,
642_635.mp4,22.92,11,1.989961624,,,
643_646.mp4,12.13333333,37,0.462880519,,,
644_657.mp4,16.52,0,0,,,
645_688.mp4,18.46666667,38,0.881461279,,,
646_643.mp4,14.66666667,0,0,,,
647_622.mp4,23.3,0,0,,,
648_654.mp4,18.84,3,6.058183193,,,
649_816.mp4,31,23,1.856227756,,,
650_625.mp4,27.72,29,1.085322525,,,
651_835.mp4,15.2,0,0,,,
652_773.mp4,15.2,45,0.467816846,,,
653_601.mp4,24.36666667,0,0,,,
654_648.mp4,16.4,35,0.540468041,,,
655_444.mp4,22.6,52,0.595929711,,,
656_666.mp4,20.2,44,0.531235068,,,
657_644.mp4,21.84,42,0.600784145,,,
658_627.mp4,16.16,39,0.463505325,,,
659_749.mp4,33.36666667,17,2.802859098,,,
660_634.mp4,13.6,0,0,,,
661_670.mp4,20.52,0,0,,,
662_641.mp4,16.53333333,10,1.630370882,,,
663_231.mp4,12.64,24,0.623032715,,,
664_668.mp4,9.766666667,26,0.507162428,,,
665_679.mp4,12.96,3,2.550758719,,,
666_656.mp4,15.32,1,0,,,
667_446.mp4,18.76,42,0.661370475,,,
668_664.mp4,13.26666667,7,2.80459098,,,
669_682.mp4,19.56,49,0.460676918,,,
670_661.mp4,19.24,49,0.457341671,,,
671_677.mp4,11.43333333,0,0,,,
672_720.mp4,18.03333333,23,1.070649255,,,
673_728.mp4,19.73333333,8,3.028681925,,,
674_744.mp4,12.23333333,26,0.662936525,,,
675_608.mp4,16.84,18,1.09118571,,,
676_776.mp4,17.16666667,44,0.556603088,,,
677_671.mp4,10.46666667,15,0.967497434,,,
678_460.mp4,13.33333333,0,0,,,
679_665.mp4,16.64,42,0.458771176,,,
680_486.mp4,12,14,0.806587238,,,
681_711.mp4,33.6,62,0.629681349,,,
682_669.mp4,38.6,83,0.526528056,,,
683_607.mp4,10.06666667,9,1.950720489,,,
684_717.mp4,16.56666667,15,2.056890113,,,
685_613.mp4,20.88,53,0.471826718,,,
686_696.mp4,13.68,31,0.475141795,,,
687_615.mp4,18.76,38,0.575809801,,,
688_645.mp4,19.03333333,9,1.393108636,,,
689_690.mp4,15.16666667,8,1.564492975,,,
690_689.mp4,11.03333333,34,0.464937304,,,
691_732.mp4,21.6,54,0.48148704,,,
692_610.mp4,14.16,0,0,,,
693_698.mp4,23.8,10,2.839297639,,,
694_767.mp4,11.96,30,0.462031447,,,
695_422.mp4,10.33333333,6,2.81143899,,,
696_686.mp4,16.2,9,1.847065419,,,
697_581.mp4,15.5,47,0.466354215,,,
698_693.mp4,12.16,0,0,,,
699_734.mp4,20.96,49,0.492814153,,,
700_813.mp4,13.875,33,0.468387261,,,
701_579.mp4,13.1,5,5.205264986,,,
702_612.mp4,24.96666667,51,0.69599256,,,
703_604.mp4,12.5,34,0.525766076,,,
704_723.mp4,18,0,0,,,
705_707.mp4,15.76666667,42,0.530195853,,,
706_479.mp4,10.93333333,8,2.278325932,,,
707_705.mp4,34.46666667,62,0.786546199,,,
708_772.mp4,21.96,9,3.432049632,,,
709_390.mp4,12.5,0,0,,,
710_788.mp4,15.12,38,0.457014348,,,
711_681.mp4,11.68,30,0.607208573,,,
712_716.mp4,22,16,1.520696926,,,
713_726.mp4,17.56666667,0,0,,,
714_842.mp4,22.4,3,8.079398155,,,
715_721.mp4,28.53333333,16,2.539547412,,,
716_712.mp4,25.12,3,5.097363472,,,
717_684.mp4,12.46666667,0,0,,,
718_972.mp4,23.12,1,0,,,
719_737.mp4,16.08,6,2.836187363,,,
720_672.mp4,18.8,23,1.043498419,,,
721_715.mp4,19.36666667,56,0.475201416,,,
722_458.mp4,16.5,23,0.865203391,,,
723_704.mp4,29.2,39,0.806637494,,,
724_725.mp4,20,0,0,,,
725_724.mp4,23.3,6,2.648419046,,,
726_713.mp4,13.66666667,9,2.49916482,,,
727_729.mp4,22.16,26,0.963587198,,,
728_673.mp4,18.93333333,14,1.873097658,,,
729_727.mp4,25.44,63,0.46501535,,,
730_815.mp4,28.76,46,0.723624945,,,
731_741.mp4,31.12,1,0,,,
732_691.mp4,17.04,8,1.098338911,,,
733_935.mp4,20.72,0,0,,,
734_699.mp4,43.92,44,1.177533449,,,
735_774.mp4,26.73333333,0,0,,,
736_785.mp4,16.56,1,0,,,
737_719.mp4,14.76,0,0,,,
738_804.mp4,13.9,30,0.65909597,,,
739_865.mp4,6.08,26,0.560518351,,,
740_796.mp4,14.5,3,1.434048176,,,
741_731.mp4,14.8,35,0.494963513,,,
742_775.mp4,20.76666667,0,0,,,
743_750.mp4,10.36666667,16,0.755656195,,,
744_674.mp4,9.8,18,0.76287616,,,
745_777.mp4,18.96666667,32,0.777048042,,,
746_571.mp4,16.43333333,35,0.681684578,,,
747_854.mp4,18.8,1,0,,,
748_355.mp4,10.6,0,0,,,
749_659.mp4,23.1,14,2.44337003,,,
750_743.mp4,14.7,6,5.132828093,,,
751_752.mp4,11.03333333,3,1.715033889,,,
752_751.mp4,33.86666667,60,0.800892482,,,
753_789.mp4,22.86666667,11,1.594370317,,,
754_758.mp4,13.36666667,1,0,,,
755_759.mp4,11.2,2,7.575480223,,,
756_503.mp4,19,0,0,,,
757_573.mp4,14.7,5,2.687670887,,,
758_754.mp4,13.03333333,5,3.47201395,,,
759_755.mp4,14.46666667,0,0,,,
760_611.mp4,10.2,9,1.012804717,,,
761_766.mp4,13.72,1,0,,,
762_832.mp4,16.64,39,0.495214431,,,
763_930.mp4,27.06666667,0,0,,,
764_850.mp4,12.3,31,0.610715159,,,
765_867.mp4,12.93333333,0,0,,,
766_761.mp4,34.4,72,0.558344018,,,
767_694.mp4,16.28,1,0,,,
768_793.mp4,13.2,11,0.996203256,,,
769_784.mp4,16.13333333,49,0.475853786,,,
770_791.mp4,21.76666667,0,0,,,
771_849.mp4,25.36,35,0.833446615,,,
772_708.mp4,13.64,8,2.057077817,,,
773_652.mp4,19.3,36,0.718561574,,,
774_735.mp4,10.43333333,31,0.471902402,,,
775_742.mp4,18.63333333,23,1.131681345,,,
776_676.mp4,11.03333333,9,0.921843499,,,
777_745.mp4,10.83333333,18,0.762323576,,,
778_798.mp4,10.93333333,1,0,,,
779_794.mp4,12.24,28,0.517775253,,,
780_869.mp4,16.08,5,2.64148277,,,
781_806.mp4,19,4,3.213068724,,,
782_787.mp4,22.24,50,0.51382531,,,
783_916.mp4,13.43333333,2,0.504915237,,,
784_769.mp4,18.56666667,0,0,,,
785_736.mp4,16.52,36,0.525404951,,,
786_819.mp4,20.8,8,3.206568718,,,
787_782.mp4,20.08,4,6.919360876,,,
788_710.mp4,21.36,4,5.846752405,,,
789_753.mp4,18.9,21,1.670734811,,,
790_014.mp4,23,35,0.645443965,,,
791_770.mp4,11.1,22,0.705098039,,,
792_903.mp4,15.32,0,0,,,
793_768.mp4,23.6,54,0.523202982,,,
794_779.mp4,35.16,11,3.8313761,,,
795_907.mp4,18.33333333,10,2.068417231,,,
796_740.mp4,41.70833333,22,1.560888699,,,
797_844.mp4,14.46666667,32,0.63303506,,,
798_778.mp4,12.36666667,34,0.650272796,,,
799_809.mp4,49.08,35,1.683163797,,,
800_840.mp4,11.26666667,31,0.518384163,,,
801_855.mp4,17.76,2,0.454033852,,,
802_885.mp4,14.04,0,0,,,
803_017.mp4,9.9,30,0.46558903,,,
804_738.mp4,11.96666667,0,0,,,
805_011.mp4,17.125,11,1.589671993,,,
806_781.mp4,12.04,1,0,,,
807_273.mp4,21.66666667,9,4.64115575,,,
808_829.mp4,21.23333333,0,0,,,
809_799.mp4,14.68,9,1.355327964,,,
810_838.mp4,35.06666667,0,0,,,
811_920.mp4,21.68,2,21.47603106,,,
812_821.mp4,14.43333333,4,0.548513254,,,
813_700.mp4,15,10,1.719934411,,,
814_871.mp4,18.33333333,20,1.142426114,,,
815_730.mp4,18.08,37,0.579064343,,,
816_649.mp4,13.7,5,3.821716845,,,
817_827.mp4,13.96666667,5,3.561792433,,,
818_820.mp4,18.64,47,0.466778848,,,
819_786.mp4,37.08,20,2.523863504,,,
820_818.mp4,26.6,51,0.611770234,,,
821_812.mp4,14.1,15,0.566057937,,,
822_244.mp4,11.88,0,0,,,
823_584.mp4,28,63,0.497504865,,,
824_419.mp4,9.616666667,15,1.508153473,,,
825_074.mp4,21.88,3,7.012744069,,,
826_833.mp4,14.2,18,0.971724678,,,
827_817.mp4,10.36666667,0,0,,,
828_830.mp4,12.76,1,0,,,
829_808.mp4,26.7,80,0.46444397,,,
830_828.mp4,20.44,22,1.030440047,,,
831_508.mp4,10.9,0,0,,,
832_762.mp4,22.12,28,0.933583251,,,
833_826.mp4,24,59,0.640391321,,,
834_852.mp4,12.12,29,0.487930928,,,
835_651.mp4,17.04,8,2.344093221,,,
836_950.mp4,11.43333333,12,1.411363645,,,
837_890.mp4,14.76666667,41,0.52183944,,,
838_810.mp4,15.23333333,46,0.469784774,,,
839_864.mp4,15.4,0,0,,,
840_800.mp4,28,12,3.244083708,,,
841_639.mp4,17.3,0,0,,,
842_714.mp4,17.88,43,0.469818269,,,
843_859.mp4,10.6,18,0.747352306,,,
844_797.mp4,28.4,82,0.480118699,,,
845_846.mp4,14.24,15,1.051563689,,,
846_845.mp4,14.12,13,1.146056453,,,
847_906.mp4,10.03333333,6,2.560046673,,,
848_894.mp4,14.4,36,0.612670932,,,
849_771.mp4,12.88,0,0,,,
850_764.mp4,20.4,0,0,,,
851_552.mp4,34.70833333,9,1.662989378,,,
852_834.mp4,17.08,43,0.450470362,,,
853_863.mp4,20.53333333,62,0.452795521,,,
854_747.mp4,11.76,30,0.454189153,,,
855_801.mp4,25.2,31,0.902480936,,,
856_881.mp4,36.76666667,22,2.379944007,,,
857_909.mp4,21.33333333,62,0.470713948,,,
858_861.mp4,19.32,32,0.701017211,,,
859_843.mp4,11.1,12,1.334730322,,,
860_905.mp4,15.3,0,0,,,
861_858.mp4,23.76,42,0.595139166,,,
862_047.mp4,15.66666667,0,0,,,
863_853.mp4,17.1,11,1.730722523,,,
864_839.mp4,13.04,9,1.356770903,,,
865_739.mp4,5.783333333,0,0,,,
866_878.mp4,16.96666667,27,1.206416882,,,
867_765.mp4,49.63333333,23,2.990108132,,,
868_949.mp4,14.36666667,0,0,,,
869_780.mp4,13.32,0,0,,,
870_001.mp4,24.16,27,1.045820841,,,
871_814.mp4,11.6,35,0.459688257,,,
872_873.mp4,18.96,38,0.586658407,,,
873_872.mp4,35.36,0,0,,,
874_291.mp4,15.63333333,25,1.017711898,,,
875_979.mp4,14.06666667,14,1.492795999,,,
876_891.mp4,10.43333333,31,0.501272742,,,
877_886.mp4,22.8,57,0.481871814,,,
878_866.mp4,24.53333333,74,0.483372675,,,
879_963.mp4,27.96666667,10,2.999328242,,,
880_135.mp4,18.125,0,0,,,
881_856.mp4,21.26666667,64,0.472808671,,,
882_952.mp4,11.1,9,2.48779875,,,
883_013.mp4,17.32,43,0.484431431,,,
884_968.mp4,13.72,35,0.478742677,,,
885_802.mp4,13.16,2,7.355870008,,,
886_877.mp4,21,0,0,,,
887_275.mp4,13.56,0,0,,,
888_937.mp4,12.28,31,0.45635194,,,
889_045.mp4,13.16,2,11.44622159,,,
890_837.mp4,11.36666667,0,0,,,
891_876.mp4,9.866666667,30,0.476974512,,,
892_112.mp4,10.36666667,20,0.974008686,,,
893_913.mp4,17.9,4,2.530980666,,,
894_848.mp4,13.12,15,1.310076509,,,
895_915.mp4,11.76,0,0,,,
896_128.mp4,21.24,30,0.772103597,,,
897_969.mp4,13.32,7,1.618520061,,,
898_922.mp4,13.96,18,0.495343419,,,
899_914.mp4,18.66666667,45,0.56739327,,,
900_926.mp4,13.64,2,2.57400322,,,
901_902.mp4,17.43333333,49,0.505121201,,,
902_901.mp4,9.833333333,12,1.013497764,,,
903_792.mp4,22.68,33,0.679526292,,,
904_046.mp4,11.96666667,7,3.319254041,,,
905_860.mp4,12.73333333,10,1.784722567,,,
906_847.mp4,12.96666667,38,0.630833085,,,
907_795.mp4,17.5,2,1.012571335,,,
908_207.mp4,27.79166667,16,2.226597722,,,
909_857.mp4,21.23333333,6,1.700263071,,,
910_911.mp4,9.733333333,0,0,,,
911_910.mp4,10.96666667,31,0.494930251,,,
912_927.mp4,25.88,7,2.862115741,,,
913_893.mp4,21.13333333,40,0.570300371,,,
914_899.mp4,10.23333333,28,0.528695566,,,
915_895.mp4,14.08,30,0.554855585,,,
916_783.mp4,16.13333333,4,0.505422354,,,
917_924.mp4,17.92,2,9.077153921,,,
918_934.mp4,18.88,9,1.865380675,,,
919_015.mp4,17.8,6,3.870497894,,,
920_811.mp4,14.84,19,1.204835574,,,
921_569.mp4,9.866666667,1,0,,,
922_898.mp4,24.64,37,0.746988045,,,
923_023.mp4,24.08,23,1.154001344,,,
924_917.mp4,49.92,2,1.660274506,,,
925_933.mp4,11.86666667,0,0,,,
926_900.mp4,13.32,1,0,,,
927_912.mp4,27.88,54,0.58733152,,,
928_160.mp4,12.53333333,2,0.464945555,,,
929_962.mp4,15.4,1,0,,,
930_763.mp4,14.93333333,45,0.456178709,,,
931_936.mp4,12.76,8,1.705491611,,,
932_384.mp4,19.36,44,0.52504937,,,
933_925.mp4,16.46666667,25,0.737995058,,,
934_918.mp4,15.08,0,0,,,
935_733.mp4,21.6,6,5.810924768,,,
936_931.mp4,11.88,6,2.484352016,,,
937_888.mp4,18.2,0,0,,,
938_987.mp4,14.76,0,0,,,
939_115.mp4,17.03333333,49,0.479423518,,,
940_941.mp4,12.36,5,3.273373008,,,
941_940.mp4,19.76,47,0.483407461,,,
942_943.mp4,19.8,41,0.558145285,,,
943_942.mp4,18.8,0,0,,,
944_032.mp4,11.4,6,1.696193838,,,
945_044.mp4,25.36666667,31,1.166998212,,,
946_049.mp4,15.4,35,0.620322452,,,
947_951.mp4,21.36666667,47,0.641922889,,,
948_965.mp4,14.46666667,2,1.199721813,,,
949_868.mp4,22.86666667,0,0,,,
950_836.mp4,25.43333333,58,0.807266035,,,
951_947.mp4,39.2,8,6.53934598,,,
952_882.mp4,23.33333333,3,11.474195,,,
953_974.mp4,14.04,35,0.475277676,,,
954_976.mp4,15.04,7,2.58247451,,,
955_078.mp4,21.24,18,1.283318281,,,
956_958.mp4,21.68,36,0.716673865,,,
957_959.mp4,13.93333333,21,1.273569202,,,
958_956.mp4,15.68,2,0.468111753,,,
959_957.mp4,16.06666667,32,0.952397323,,,
960_999.mp4,11.5,35,0.485039928,,,
961_069.mp4,10.76666667,4,0.758824507,,,
962_929.mp4,15.33333333,5,2.363348186,,,
963_879.mp4,23.06666667,70,0.475981526,,,
964_174.mp4,7.516666667,2,11.04166365,,,
965_948.mp4,11.6,3,5.910662532,,,
966_988.mp4,14.56,0,0,,,
967_984.mp4,16.48,11,1.826415396,,,
968_884.mp4,12,11,0.685512304,,,
969_897.mp4,14.24,13,1.149978499,,,
970_973.mp4,19.04,3,7.710556388,,,
971_564.mp4,11.8,31,0.712699278,,,
972_718.mp4,12.44,1,0,,,
973_970.mp4,21.32,31,0.819179416,,,
974_953.mp4,12.72,32,0.472081023,,,
975_978.mp4,10.13333333,0,0,,,
976_954.mp4,13.12,1,0,,,
977_075.mp4,21.7,9,2.797394335,,,
978_975.mp4,25.23333333,29,1.157518472,,,
979_875.mp4,11.16666667,6,2.899793053,,,
980_992.mp4,15.32,3,2.546315074,,,
981_985.mp4,14.88,34,0.511777589,,,
982_004.mp4,33.8,15,2.733081085,,,
983_113.mp4,16.24,9,2.265818924,,,
984_967.mp4,13.56,0,0,,,
985_981.mp4,13.72,1,0,,,
986_994.mp4,33.12,34,1.078054074,,,
987_938.mp4,23,58,0.459516124,,,
988_966.mp4,18.2,46,0.456210915,,,
989_993.mp4,38.4,57,0.781954437,,,
990_008.mp4,12.2,22,0.473083996,,,
991_064.mp4,16.08,12,1.362902468,,,
992_980.mp4,28.72,3,0.914027452,,,
993_989.mp4,16.36,3,4.59091115,,,
994_986.mp4,12.64,1,0,,,
995_233.mp4,18.26666667,18,1.106933089,,,
996_056.mp4,12.48,32,0.457838097,,,
997_040.mp4,17.52,5,2.948997676,,,
998_561.mp4,11.46666667,10,1.618988355,,,
999_960.mp4,11.16666667,8,1.402751752,,,
