Video_name,happy,angry,sad,surprise,disgust,fear,neutral,label,,
000.mp4,0,0,8,0,336,23,30,1,,neutral≈‹≤ßº∆
001.mp4,10,0,69,36,250,90,7,1,,2508.661516
002.mp4,63,0,178,33,355,59,58,1,,
003.mp4,210,1,12,13,6,61,0,1,,
004.mp4,5,0,10,8,173,113,0,1,,
005.mp4,7,0,5,4,317,57,0,1,,
006.mp4,0,0,0,38,121,151,0,1,,
007.mp4,4,0,15,225,238,3,9,1,,
008.mp4,2,0,50,16,32,486,54,1,,
009.mp4,101,0,12,16,9,450,0,1,,
010.mp4,6,0,348,0,246,148,0,1,,
011.mp4,214,1,10,0,785,7,256,1,,
012.mp4,1,0,5,76,35,153,93,1,,
013.mp4,0,0,27,3,241,6,18,1,,
014.mp4,7,0,12,115,553,34,1,1,,
015.mp4,353,9,31,1,2,3,40,1,,
016.mp4,6,6,83,0,478,16,89,1,,
017.mp4,49,5,48,60,22,165,1,1,,
018.mp4,12,1,1,301,68,41,8,1,,
019.mp4,407,22,272,14,187,92,290,1,,
020.mp4,260,72,8,11,37,12,0,1,,
021.mp4,50,11,91,97,84,111,9,1,,
022.mp4,205,0,18,10,25,67,46,1,,
023.mp4,17,0,9,0,527,3,0,1,,
024.mp4,6,0,40,0,62,12,120,1,,
025.mp4,130,0,168,69,271,31,94,1,,
026.mp4,43,31,111,51,124,15,7,1,,
027.mp4,1,0,35,0,165,7,0,1,,
028.mp4,87,4,10,173,121,42,11,1,,
029.mp4,20,0,5,3,364,6,49,1,,
030.mp4,21,0,6,27,213,25,2,1,,
031.mp4,259,0,46,1,211,50,0,1,,
032.mp4,0,0,4,120,186,0,0,1,,
033.mp4,628,6,124,0,459,473,0,1,,
034.mp4,41,3,20,210,127,7,2,1,,
035.mp4,42,0,182,0,56,136,7,1,,
036.mp4,1,0,0,95,229,0,12,1,,
037.mp4,0,0,2,1,451,0,0,1,,
038.mp4,2,0,8,85,197,6,6,1,,
039.mp4,47,0,31,2,420,112,0,1,,
040.mp4,63,54,38,24,291,48,33,1,,
041.mp4,155,0,37,0,155,0,2,1,,
042.mp4,85,4,27,0,185,13,24,1,,
043.mp4,36,0,7,0,3,445,0,1,,
044.mp4,0,2,8,128,194,0,9,1,,
045.mp4,0,0,13,27,71,190,53,1,,
046.mp4,16,15,19,262,179,2,11,1,,
047.mp4,3,0,17,0,282,16,1,1,,
048.mp4,128,2,337,0,382,87,4,1,,
049.mp4,0,0,0,54,13,118,0,1,,
050.mp4,515,0,0,0,0,15,0,1,,
051.mp4,13,5,26,102,482,31,58,1,,
052.mp4,25,0,260,19,38,20,7,1,,
053.mp4,15,0,9,6,264,68,56,1,,
054.mp4,37,0,3,53,201,55,19,1,,
055.mp4,161,6,1,56,50,168,0,1,,
056.mp4,37,0,77,8,49,225,4,1,,
057.mp4,3,0,1,1,416,1,10,1,,
058.mp4,0,0,33,52,594,0,2,1,,
059.mp4,32,7,33,8,610,33,0,1,,
060.mp4,159,5,256,74,79,518,7,1,,
061.mp4,193,0,16,0,144,1,0,1,,
062.mp4,0,0,16,48,365,0,0,1,,
063.mp4,4,9,51,191,583,87,5,1,,
064.mp4,2,0,1,0,338,61,0,1,,
065.mp4,45,0,77,94,105,106,17,1,,
066.mp4,3,0,0,17,3,67,0,1,,
067.mp4,2,0,165,88,220,39,24,1,,
068.mp4,1,1,40,5,184,142,28,1,,
069.mp4,19,0,188,41,351,27,160,1,,
070.mp4,1,0,75,32,165,59,0,1,,
071.mp4,29,1,136,22,158,37,80,1,,
072.mp4,4,0,5,0,273,18,11,1,,
073.mp4,0,0,98,1,238,366,0,1,,
074.mp4,3,0,2,0,330,5,8,1,,
075.mp4,48,0,10,385,170,427,2,1,,
076.mp4,51,16,7,0,257,4,0,1,,
077.mp4,11,0,120,16,215,271,42,1,,
078.mp4,15,0,85,1,409,0,13,1,,
079.mp4,22,0,4,35,343,20,0,1,,
080.mp4,5,0,3,17,442,15,1,1,,
081.mp4,38,0,41,14,912,46,119,1,,
082.mp4,6,2,1,10,285,1,12,1,,
083.mp4,429,0,34,129,157,648,4,1,,
084.mp4,47,0,102,378,127,38,4,1,,
085.mp4,5,3,104,0,205,4,8,1,,
086.mp4,0,0,5,0,633,292,3,1,,
087.mp4,301,0,0,0,0,4,0,1,,
088.mp4,25,22,21,0,526,18,55,1,,
089.mp4,34,1,92,0,606,92,0,1,,
090.mp4,11,0,29,252,248,2,152,1,,
091.mp4,275,0,86,10,343,91,68,1,,
092.mp4,0,0,5,0,455,1,0,1,,
093.mp4,1,0,83,157,136,11,5,1,,
094.mp4,1,0,258,1,544,5,0,1,,
095.mp4,224,0,270,125,111,239,79,1,,
096.mp4,1,0,76,13,129,277,8,1,,
097.mp4,61,0,0,20,366,31,0,1,,
098.mp4,5,0,189,0,96,15,5,1,,
099.mp4,8,0,7,217,368,22,1,1,,
100.mp4,124,0,6,101,164,13,17,1,,
101.mp4,249,31,113,131,399,90,105,1,,
102.mp4,216,11,0,0,0,100,0,1,,
103.mp4,25,0,88,2,303,150,29,1,,
104.mp4,0,1,19,189,32,240,0,1,,
105.mp4,0,0,10,21,246,12,23,1,,
106.mp4,226,7,57,0,64,0,2,1,,
107.mp4,3,0,78,0,440,0,35,1,,
108.mp4,2,0,109,67,2,74,47,1,,
109.mp4,263,0,6,0,8,22,0,1,,
110.mp4,116,75,200,36,84,0,25,1,,
111.mp4,81,0,1,58,202,38,7,1,,
112.mp4,3,1,34,28,181,152,7,1,,
113.mp4,3,0,82,0,615,31,156,1,,
114.mp4,788,0,20,0,202,259,0,1,,
115.mp4,232,1,105,28,0,4,1,1,,
116.mp4,0,0,29,21,204,72,1,1,,
117.mp4,9,12,131,178,134,36,66,1,,
118.mp4,0,0,0,22,315,15,0,1,,
119.mp4,3,0,16,28,430,0,26,1,,
120.mp4,41,0,124,11,163,5,101,1,,
121.mp4,4,7,243,173,38,14,75,1,,
122.mp4,18,0,9,78,209,4,0,1,,
123.mp4,84,0,29,104,221,2,74,1,,
124.mp4,1,0,19,13,42,26,234,1,,
125.mp4,0,0,0,139,352,3,7,1,,
126.mp4,8,0,85,71,158,3,3,1,,
127.mp4,259,3,535,17,164,494,391,1,,
128.mp4,163,0,12,46,278,82,0,1,,
129.mp4,309,0,11,1,220,107,0,1,,
130.mp4,12,0,49,13,452,17,123,1,,
131.mp4,31,0,92,0,0,113,70,1,,
132.mp4,29,0,59,2,246,59,18,1,,
133.mp4,314,0,11,10,11,361,1,1,,
134.mp4,15,0,18,104,176,1,32,1,,
135.mp4,0,0,15,168,132,11,2,1,,
136.mp4,5,0,16,117,400,75,1,1,,
137.mp4,16,0,32,0,539,19,0,1,,
138.mp4,6,1,29,0,43,56,275,1,,
139.mp4,9,0,4,0,357,0,8,1,,
140.mp4,89,0,18,0,5,191,0,1,,
141.mp4,7,0,46,64,335,5,74,1,,
142.mp4,160,0,65,367,96,269,1,1,,
143.mp4,135,0,10,0,266,3,0,1,,
144.mp4,0,0,38,2,173,121,11,1,,
145.mp4,28,0,60,82,263,9,0,1,,
146.mp4,63,30,437,200,115,69,84,1,,
147.mp4,390,3,2,0,205,69,0,1,,
148.mp4,621,0,204,0,95,14,1,1,,
149.mp4,4,6,13,129,102,105,6,1,,
150.mp4,4,0,55,0,272,109,16,1,,
151.mp4,60,0,0,70,58,0,159,1,,
152.mp4,37,0,11,0,8,150,107,1,,
153.mp4,208,0,52,132,175,81,84,1,,
154.mp4,185,7,18,144,611,12,83,1,,
155.mp4,0,0,259,59,428,65,18,1,,
156.mp4,6,1,23,2,893,75,12,1,,
157.mp4,47,0,18,4,387,30,10,1,,
158.mp4,12,0,49,211,125,37,28,1,,
159.mp4,3,0,53,43,218,7,1,1,,
160.mp4,19,0,108,17,350,2,38,1,,
161.mp4,14,0,66,183,93,21,0,1,,
162.mp4,46,68,20,39,477,26,39,1,,
163.mp4,2,1,2,162,97,35,5,1,,
164.mp4,344,0,152,5,208,286,26,1,,
165.mp4,18,0,2,0,355,11,1,1,,
166.mp4,32,0,24,165,493,14,28,1,,
167.mp4,81,3,24,32,202,8,27,1,,
168.mp4,0,0,107,252,198,729,194,1,,
169.mp4,15,0,135,0,12,173,314,1,,
170.mp4,6,2,74,127,159,1,100,1,,
171.mp4,17,0,4,17,2,148,1,1,,
172.mp4,372,0,146,1,93,48,90,1,,
173.mp4,29,1,52,291,338,31,36,1,,
174.mp4,4,0,56,386,23,29,1,1,,
175.mp4,11,0,26,29,380,5,26,1,,
176.mp4,4,0,51,137,288,3,5,1,,
177.mp4,2,4,10,155,238,8,2,1,,
178.mp4,1,0,154,0,133,224,9,1,,
179.mp4,721,22,506,277,237,0,9,1,,
180.mp4,70,3,32,28,370,11,73,1,,
181.mp4,17,0,71,9,137,101,143,1,,
182.mp4,16,2,139,20,134,89,220,1,,
183.mp4,3,0,114,0,107,139,0,1,,
184.mp4,1,0,280,48,953,20,0,1,,
185.mp4,24,0,0,0,822,0,3,1,,
186.mp4,12,9,351,1646,285,28,0,1,,
187.mp4,111,1,581,365,383,3,52,1,,
188.mp4,4,0,6,34,273,3,13,1,,
189.mp4,9,0,94,23,368,28,2,1,,
190.mp4,9,0,29,41,174,64,37,1,,
191.mp4,80,0,45,73,83,40,73,1,,
192.mp4,0,0,12,18,176,72,45,1,,
193.mp4,2,1,6,119,201,14,26,1,,
194.mp4,10,0,0,2,565,2,0,1,,
195.mp4,8,0,16,32,256,29,0,1,,
196.mp4,0,0,93,0,105,54,0,1,,
197.mp4,216,14,214,361,52,0,23,1,,
198.mp4,4,0,267,3,360,9,4,1,,
199.mp4,13,0,0,2,352,2,0,1,,
200.mp4,11,0,10,135,537,17,7,1,,
201.mp4,10,10,213,8,433,19,170,1,,
202.mp4,0,0,6,13,247,18,39,1,,
203.mp4,6,3,3,92,365,29,0,1,,
204.mp4,3,0,36,24,245,55,53,1,,
205.mp4,84,1,21,3,154,10,35,1,,
206.mp4,7,0,20,1,264,7,461,1,,
207.mp4,1,0,11,47,137,6,138,1,,
208.mp4,77,0,15,0,302,70,1,1,,
209.mp4,112,0,459,0,106,60,4,1,,
210.mp4,6,405,218,0,118,75,17,1,,
211.mp4,288,2,19,37,135,150,0,1,,
212.mp4,0,0,1,25,367,22,1,1,,
213.mp4,165,19,77,40,37,37,13,1,,
214.mp4,2,0,14,3,2,392,37,1,,
215.mp4,368,5,0,0,69,147,0,1,,
216.mp4,0,0,66,29,237,143,11,1,,
217.mp4,62,4,45,420,168,16,22,1,,
218.mp4,1,0,0,2,349,1,0,1,,
219.mp4,6,0,30,16,260,38,48,1,,
220.mp4,5,0,5,58,285,4,0,1,,
221.mp4,740,34,16,209,348,413,22,1,,
222.mp4,14,0,57,79,172,25,61,1,,
223.mp4,6,0,48,4,214,96,19,1,,
224.mp4,1,0,1,1,459,0,27,1,,
225.mp4,9,0,48,5,73,112,33,1,,
226.mp4,24,1,115,7,82,117,77,1,,
227.mp4,45,179,4,97,40,35,41,1,,
228.mp4,16,4,104,6,410,11,1,1,,
229.mp4,2,0,10,155,183,24,17,1,,
230.mp4,35,1,25,66,33,75,137,1,,
231.mp4,98,0,252,4,427,279,0,1,,
232.mp4,2,0,410,57,172,103,120,1,,
233.mp4,8,0,416,610,1208,323,5,1,,
234.mp4,0,0,19,0,299,0,210,1,,
235.mp4,3,0,4,1,305,2,0,1,,
236.mp4,91,0,0,3,482,26,78,1,,
237.mp4,274,0,284,0,98,87,15,1,,
238.mp4,30,0,132,99,341,22,0,1,,
239.mp4,653,1,232,0,63,202,4,1,,
240.mp4,32,7,28,736,1258,47,14,1,,
241.mp4,168,2,40,0,32,31,19,1,,
242.mp4,0,0,15,0,6,2,190,1,,
243.mp4,68,0,12,11,309,17,0,1,,
244.mp4,5,0,91,287,152,0,22,1,,
245.mp4,0,0,20,3,364,43,0,1,,
246.mp4,4,0,76,3,388,29,19,1,,
247.mp4,35,0,71,20,184,30,60,1,,
248.mp4,14,0,33,68,256,1,89,1,,
249.mp4,61,3,251,53,164,111,39,1,,
250.mp4,28,0,47,60,327,61,43,1,,
251.mp4,24,0,26,12,247,35,14,1,,
252.mp4,30,1,0,34,516,9,1,1,,
253.mp4,10,2,29,37,392,24,7,1,,
254.mp4,34,14,136,8,114,53,68,1,,
255.mp4,1,0,142,16,274,35,7,1,,
256.mp4,0,0,40,38,427,13,22,1,,
257.mp4,5,0,27,20,724,23,3,1,,
258.mp4,3,0,26,37,299,68,71,1,,
259.mp4,89,0,135,6,185,63,0,1,,
260.mp4,0,0,1,3,70,228,0,1,,
261.mp4,521,0,81,12,2,42,21,1,,
262.mp4,83,0,130,23,89,8,65,1,,
263.mp4,2,0,30,0,259,189,2,1,,
264.mp4,9,6,80,116,211,48,0,1,,
265.mp4,0,0,19,239,228,4,19,1,,
266.mp4,0,0,2,0,462,2,0,1,,
267.mp4,0,0,0,2,280,24,0,1,,
268.mp4,245,2,655,12,301,88,174,1,,
269.mp4,0,0,2,5,158,194,1,1,,
270.mp4,12,0,22,0,297,2,0,1,,
271.mp4,7,0,9,444,43,3,0,1,,
272.mp4,15,1,6,8,250,34,9,1,,
273.mp4,87,0,51,2,2,106,24,1,,
274.mp4,30,0,30,25,143,51,30,1,,
275.mp4,0,1,0,0,202,220,2,1,,
276.mp4,9,0,2,32,319,30,0,1,,
277.mp4,185,0,218,5,577,450,1,1,,
278.mp4,50,2,12,0,378,15,0,1,,
279.mp4,38,0,189,87,46,27,137,1,,
280.mp4,5,0,52,117,242,142,6,1,,
281.mp4,5,0,3,22,252,24,7,1,,
282.mp4,7,0,40,0,504,34,66,1,,
283.mp4,2,0,676,0,35,253,0,1,,
284.mp4,16,2,46,165,260,30,0,1,,
285.mp4,45,0,194,112,57,40,12,1,,
286.mp4,453,84,233,1,66,21,50,1,,
287.mp4,0,2,117,59,100,46,44,1,,
288.mp4,20,0,38,62,490,43,63,1,,
289.mp4,255,266,172,6,577,37,3,1,,
290.mp4,0,1,5,110,321,3,0,1,,
291.mp4,40,0,70,54,46,78,38,1,,
292.mp4,4,0,119,79,169,29,31,1,,
293.mp4,118,0,274,2,65,301,15,1,,
294.mp4,24,0,1,0,533,10,36,1,,
295.mp4,1,0,116,3,245,20,6,1,,
296.mp4,321,0,3,0,6,7,0,1,,
297.mp4,21,0,0,0,364,5,0,1,,
298.mp4,13,0,118,0,374,10,54,1,,
299.mp4,1,0,4,2,4,273,25,1,,
300.mp4,124,0,77,0,379,13,0,1,,
301.mp4,54,1,280,128,628,99,171,1,,
302.mp4,26,1,10,0,46,730,0,1,,
303.mp4,15,0,6,2,525,0,2,1,,
304.mp4,0,0,0,0,601,9,0,1,,
305.mp4,371,9,158,153,979,180,48,1,,
306.mp4,79,89,8,0,548,0,4,1,,
307.mp4,90,0,135,17,95,28,0,1,,
308.mp4,3,0,44,49,131,281,4,1,,
309.mp4,103,0,43,75,128,213,290,1,,
310.mp4,33,0,7,212,97,26,0,1,,
311.mp4,0,1,66,13,221,2,43,1,,
312.mp4,6,0,15,40,357,11,0,1,,
313.mp4,15,0,8,15,424,2,18,1,,
314.mp4,258,2,82,3,54,15,0,1,,
315.mp4,0,0,0,66,215,16,7,1,,
316.mp4,29,0,61,35,431,10,0,1,,
317.mp4,14,1,2,3,626,8,10,1,,
318.mp4,0,0,0,47,308,112,8,1,,
319.mp4,6,0,22,0,642,47,0,1,,
320.mp4,81,0,51,0,234,170,37,1,,
321.mp4,180,0,12,1,44,201,129,1,,
322.mp4,109,0,44,51,53,7,59,1,,
323.mp4,29,0,0,37,367,2,21,1,,
324.mp4,614,0,174,1,14,99,40,1,,
325.mp4,161,525,696,79,214,243,2,1,,
326.mp4,331,0,214,3,70,168,126,1,,
327.mp4,229,0,167,4,68,14,13,1,,
328.mp4,25,0,71,108,56,15,33,1,,
329.mp4,61,0,9,28,215,78,24,1,,
330.mp4,0,0,62,9,322,8,8,1,,
331.mp4,6,2,173,75,82,8,119,1,,
332.mp4,196,6,222,33,4,255,28,1,,
333.mp4,106,0,1,0,277,46,0,1,,
334.mp4,29,0,93,79,892,224,22,1,,
335.mp4,53,0,170,19,167,150,28,1,,
336.mp4,5,0,86,48,307,58,3,1,,
337.mp4,0,0,1,36,295,5,0,1,,
338.mp4,76,0,73,371,655,30,9,1,,
339.mp4,1,0,0,20,431,0,5,1,,
340.mp4,5,1,19,10,225,29,4,1,,
341.mp4,14,1,3,75,723,7,9,1,,
342.mp4,15,0,61,2,130,81,0,1,,
343.mp4,0,0,151,0,18,117,0,1,,
344.mp4,160,0,94,7,232,657,130,1,,
345.mp4,1,0,6,62,732,46,0,1,,
346.mp4,6,1,173,0,1,381,53,1,,
347.mp4,319,0,2,0,2,1,0,1,,
348.mp4,41,0,0,14,353,4,6,1,,
349.mp4,9,0,146,162,233,116,1,1,,
350.mp4,9,1,13,125,260,0,1,1,,
351.mp4,602,0,33,16,64,28,3,1,,
352.mp4,1,0,14,107,310,1,0,1,,
353.mp4,110,191,15,14,7,21,0,1,,
354.mp4,36,0,187,44,95,13,27,1,,
355.mp4,173,22,21,18,208,2,62,1,,
356.mp4,75,0,316,86,56,228,1,1,,
357.mp4,6,0,134,346,116,90,0,1,,
358.mp4,7,0,105,6,405,21,1,1,,
359.mp4,1,0,96,40,245,57,13,1,,
360.mp4,1,1,9,216,160,0,1,1,,
361.mp4,2,0,4,168,196,2,54,1,,
362.mp4,53,1,21,158,195,110,0,1,,
363.mp4,65,0,269,9,71,68,0,1,,
364.mp4,9,0,220,44,344,30,1,1,,
365.mp4,162,0,91,0,29,80,7,1,,
366.mp4,23,0,6,144,217,0,14,1,,
367.mp4,37,0,72,0,262,48,231,1,,
368.mp4,48,53,46,6,81,525,0,1,,
369.mp4,0,0,0,10,307,2,1,1,,
370.mp4,4,0,14,19,206,87,58,1,,
371.mp4,49,4,101,5,135,113,312,1,,
372.mp4,27,0,13,40,363,2,41,1,,
373.mp4,6,0,362,65,204,1,0,1,,
374.mp4,83,0,42,0,401,7,54,1,,
375.mp4,11,0,17,12,295,19,9,1,,
376.mp4,24,0,104,95,168,23,110,1,,
377.mp4,1,0,35,0,351,2,9,1,,
378.mp4,24,0,181,360,60,154,18,1,,
379.mp4,1,0,30,18,12,277,6,1,,
380.mp4,196,0,11,0,216,25,7,1,,
381.mp4,4,0,3,30,445,7,89,1,,
382.mp4,35,0,2,1,258,20,0,1,,
383.mp4,93,0,37,0,312,6,44,1,,
384.mp4,14,0,75,0,293,24,55,1,,
385.mp4,18,26,94,1,36,58,45,1,,
386.mp4,3,0,16,100,242,0,56,1,,
387.mp4,0,2,30,24,446,4,21,1,,
388.mp4,187,3,127,42,193,11,73,1,,
389.mp4,0,0,33,0,258,21,3,1,,
390.mp4,7,0,81,220,504,53,12,1,,
391.mp4,0,0,1,0,524,0,22,1,,
392.mp4,705,1,24,356,202,15,199,1,,
393.mp4,43,0,3,0,475,18,40,1,,
394.mp4,5,0,4,0,402,7,4,1,,
395.mp4,9,0,53,16,359,6,5,1,,
396.mp4,37,36,4,38,282,106,22,1,,
397.mp4,8,0,52,32,250,6,9,1,,
398.mp4,11,0,4,1,379,13,181,1,,
399.mp4,7,7,59,20,820,2,0,1,,
400.mp4,98,2,66,8,122,78,66,1,,
401.mp4,188,0,48,35,107,105,13,1,,
402.mp4,13,1,35,5,258,29,93,1,,
403.mp4,36,0,1,35,103,533,0,1,,
404.mp4,101,0,306,160,199,155,14,1,,
405.mp4,71,0,67,2,203,279,0,1,,
406.mp4,64,30,11,15,360,63,5,1,,
407.mp4,4,0,304,1,166,47,2,1,,
408.mp4,1,0,0,37,272,0,0,1,,
409.mp4,48,3,21,11,250,33,13,1,,
410.mp4,4,2,39,176,186,132,3,1,,
411.mp4,92,21,462,77,154,113,75,1,,
412.mp4,242,18,35,0,160,105,30,1,,
413.mp4,317,0,10,0,9,41,2,1,,
414.mp4,43,0,114,260,52,13,82,1,,
415.mp4,0,0,175,0,196,167,10,1,,
416.mp4,63,0,19,36,61,107,0,1,,
417.mp4,24,0,0,87,706,0,45,1,,
418.mp4,0,0,1,11,279,33,0,1,,
419.mp4,1,0,29,187,254,481,27,1,,
420.mp4,51,0,778,1,239,50,9,1,,
421.mp4,83,0,16,304,580,55,0,1,,
422.mp4,1,9,11,198,98,0,14,1,,
423.mp4,786,2,451,112,91,309,58,1,,
424.mp4,16,0,19,1,275,0,0,1,,
425.mp4,39,0,118,22,95,17,45,1,,
426.mp4,1,1,310,238,96,9,0,1,,
427.mp4,0,0,30,1,396,124,14,1,,
428.mp4,0,1,30,1,234,25,205,1,,
429.mp4,4,0,156,5,263,29,0,1,,
430.mp4,2,0,3,4,343,5,0,1,,
431.mp4,0,26,119,30,459,76,0,1,,
432.mp4,43,0,30,0,219,22,47,1,,
433.mp4,330,0,18,5,46,137,0,1,,
434.mp4,3,0,5,76,247,1,3,1,,
435.mp4,2,0,39,1,337,89,10,1,,
436.mp4,4,0,9,7,468,37,6,1,,
437.mp4,8,0,2,59,505,0,14,1,,
438.mp4,13,0,37,87,152,7,246,1,,
439.mp4,0,0,173,0,37,239,13,1,,
440.mp4,256,0,37,2,32,93,0,1,,
441.mp4,6,0,10,1,179,91,0,1,,
442.mp4,0,0,1,327,28,8,0,1,,
443.mp4,412,1,428,621,19,11,2,1,,
444.mp4,2,0,70,48,250,64,3,1,,
445.mp4,259,0,496,167,517,345,0,1,,
446.mp4,19,0,103,36,321,89,0,1,,
447.mp4,25,0,6,15,355,126,1,1,,
448.mp4,275,1,7,3,94,103,13,1,,
449.mp4,7,0,0,1,23,278,0,1,,
450.mp4,0,0,39,0,643,7,6,1,,
451.mp4,1,0,4,35,340,1,2,1,,
452.mp4,185,1,188,1,35,157,60,1,,
453.mp4,3,0,219,14,261,10,138,1,,
454.mp4,0,0,8,270,68,37,1,1,,
455.mp4,213,18,0,3,136,0,0,1,,
456.mp4,45,4,405,7,64,76,1,1,,
457.mp4,4,0,44,4,477,13,0,1,,
458.mp4,164,0,28,28,63,1,34,1,,
459.mp4,0,0,34,3,451,45,23,1,,
460.mp4,1,0,105,14,211,153,156,1,,
461.mp4,0,0,9,34,560,9,11,1,,
462.mp4,12,1,17,456,75,37,3,1,,
463.mp4,30,0,86,0,161,15,23,1,,
464.mp4,135,0,147,1,48,23,49,1,,
465.mp4,46,0,46,31,191,13,3,1,,
466.mp4,7,5,30,1,265,7,20,1,,
467.mp4,3,0,107,56,30,149,63,1,,
468.mp4,149,1,27,1,191,244,0,1,,
469.mp4,24,71,71,27,200,15,7,1,,
470.mp4,129,23,26,138,445,108,40,1,,
471.mp4,34,0,7,48,511,18,7,1,,
472.mp4,398,5,5,0,67,12,0,1,,
473.mp4,284,0,159,11,145,112,14,1,,
474.mp4,11,3,28,5,271,2,0,1,,
475.mp4,9,0,6,152,38,3,127,1,,
476.mp4,1,0,19,109,131,14,35,1,,
477.mp4,60,0,1,259,114,20,2,1,,
478.mp4,36,0,67,3,148,499,0,1,,
479.mp4,3,0,53,335,30,0,67,1,,
480.mp4,0,0,13,0,46,1,64,1,,
481.mp4,135,8,21,48,170,20,71,1,,
482.mp4,16,0,105,57,75,70,17,1,,
483.mp4,2,0,51,17,237,82,62,1,,
484.mp4,123,0,16,29,131,20,0,1,,
485.mp4,48,5,92,363,293,11,3,1,,
486.mp4,7,0,26,0,84,338,116,1,,
487.mp4,22,0,38,0,211,0,48,1,,
488.mp4,2,0,2,112,401,1,0,1,,
489.mp4,78,0,3,28,388,50,59,1,,
490.mp4,72,34,33,72,285,137,5,1,,
491.mp4,7,0,10,33,232,112,38,1,,
492.mp4,113,0,2,14,206,7,6,1,,
493.mp4,4,1,9,55,173,42,39,1,,
494.mp4,389,0,9,75,189,125,0,1,,
495.mp4,168,0,71,1,267,61,0,1,,
496.mp4,915,2,120,0,328,402,38,1,,
497.mp4,34,0,29,220,248,13,63,1,,
498.mp4,32,0,8,2,68,208,0,1,,
499.mp4,2,0,12,42,453,0,5,1,,
500.mp4,15,1,36,140,88,12,2,1,,
501.mp4,1,0,0,0,520,0,1,1,,
502.mp4,16,2,49,0,197,63,0,1,,
503.mp4,9,0,5,10,641,18,0,1,,
504.mp4,137,0,4,1,112,84,11,1,,
505.mp4,3,0,4,20,437,13,66,1,,
506.mp4,8,3,15,229,324,15,74,1,,
507.mp4,33,0,29,177,195,20,14,1,,
508.mp4,1,0,178,97,126,2,199,1,,
509.mp4,146,0,18,82,226,25,33,1,,
510.mp4,294,0,70,0,25,225,2,1,,
511.mp4,82,0,56,0,401,52,77,1,,
512.mp4,78,31,1,94,241,292,8,1,,
513.mp4,43,0,2,0,400,28,0,1,,
514.mp4,36,0,76,0,247,2,0,1,,
515.mp4,280,1,9,116,309,51,0,1,,
516.mp4,2,0,76,2,258,0,0,1,,
517.mp4,1,0,108,55,129,100,49,1,,
518.mp4,0,0,55,28,138,71,1,1,,
519.mp4,0,0,11,6,695,46,0,1,,
520.mp4,84,63,12,12,96,76,13,1,,
521.mp4,0,0,4,0,44,0,13,1,,
522.mp4,218,15,259,0,505,415,50,1,,
523.mp4,3,0,140,10,70,148,11,1,,
524.mp4,0,0,91,3,84,325,24,1,,
525.mp4,52,0,181,0,132,152,0,1,,
526.mp4,25,0,100,371,538,180,4,1,,
527.mp4,78,30,4,42,100,88,6,1,,
528.mp4,0,0,1,105,275,0,0,1,,
529.mp4,58,28,23,180,37,5,7,1,,
530.mp4,12,0,577,0,111,13,6,1,,
531.mp4,2,0,13,2,30,243,0,1,,
532.mp4,5,0,26,76,146,15,142,1,,
533.mp4,0,0,10,0,507,0,41,1,,
534.mp4,0,0,36,180,161,7,4,1,,
535.mp4,13,0,22,25,394,11,202,1,,
536.mp4,11,0,37,223,74,18,231,1,,
537.mp4,6,0,5,253,6,121,0,1,,
538.mp4,7,0,7,0,581,0,1,1,,
539.mp4,8,0,1,38,160,104,2,1,,
540.mp4,6,0,21,40,787,29,74,1,,
541.mp4,10,0,2,12,347,19,0,1,,
542.mp4,0,0,59,31,215,6,69,1,,
543.mp4,14,5,1,2,384,154,0,1,,
544.mp4,242,1,20,151,352,8,24,1,,
545.mp4,13,0,2,0,266,129,29,1,,
546.mp4,89,0,19,12,554,40,0,1,,
547.mp4,21,0,125,26,354,19,8,1,,
548.mp4,53,77,789,173,37,9,7,1,,
549.mp4,18,11,26,259,250,12,49,1,,
550.mp4,0,0,271,1,72,5,95,1,,
551.mp4,109,16,10,8,215,311,70,1,,
552.mp4,281,0,1,0,0,5,0,1,,
553.mp4,38,0,3,13,299,8,0,1,,
554.mp4,22,7,58,27,688,78,16,1,,
555.mp4,1,0,1,321,173,83,0,1,,
556.mp4,73,18,21,1,243,14,2,1,,
557.mp4,302,0,47,19,123,39,0,1,,
558.mp4,87,0,133,39,199,17,63,1,,
559.mp4,12,0,113,56,34,31,10,1,,
560.mp4,0,0,0,42,295,12,0,1,,
561.mp4,3,2,36,89,242,23,23,1,,
562.mp4,327,0,113,104,18,68,15,1,,
563.mp4,42,21,33,166,64,37,27,1,,
564.mp4,621,0,6,0,11,2,17,1,,
565.mp4,66,0,66,1,3,286,8,1,,
566.mp4,82,5,932,332,1047,390,10,1,,
567.mp4,4,0,107,18,164,47,0,1,,
568.mp4,19,0,0,0,549,1,1,1,,
569.mp4,76,0,117,41,93,14,14,1,,
570.mp4,8,0,52,285,22,40,22,1,,
571.mp4,19,7,65,40,436,401,13,1,,
572.mp4,51,0,1,203,19,28,57,1,,
573.mp4,0,0,17,92,256,187,61,1,,
574.mp4,17,1,15,6,366,21,0,1,,
575.mp4,86,4,34,207,116,6,103,1,,
576.mp4,0,0,0,0,460,1,0,1,,
577.mp4,22,0,62,206,317,38,3,1,,
578.mp4,15,0,311,12,12,179,42,1,,
579.mp4,31,0,26,0,314,69,41,1,,
580.mp4,32,51,11,111,108,0,4,1,,
581.mp4,1,0,6,11,341,5,3,1,,
582.mp4,9,0,0,40,339,0,43,1,,
583.mp4,26,0,12,293,153,5,5,1,,
584.mp4,14,0,0,0,384,78,1,1,,
585.mp4,24,0,16,5,338,3,1,1,,
586.mp4,7,0,20,81,289,14,29,1,,
587.mp4,11,0,10,0,604,1,0,1,,
588.mp4,0,0,44,107,66,317,10,1,,
589.mp4,340,14,31,14,64,223,0,1,,
590.mp4,130,101,16,115,237,9,15,1,,
591.mp4,1,0,1,95,391,159,8,1,,
592.mp4,129,62,22,25,10,106,16,1,,
593.mp4,1,0,174,112,118,99,29,1,,
594.mp4,170,0,0,3,194,218,1,1,,
595.mp4,1,0,40,61,384,73,7,1,,
596.mp4,28,0,11,5,360,21,132,1,,
597.mp4,3,0,10,9,270,0,5,1,,
598.mp4,32,0,65,68,236,164,121,1,,
599.mp4,22,4,74,178,84,62,6,1,,
600.mp4,3,0,0,7,377,1,0,1,,
601.mp4,8,0,22,7,277,44,6,1,,
602.mp4,15,13,64,281,544,5,110,1,,
603.mp4,4,0,3,10,291,2,0,1,,
604.mp4,20,0,119,453,278,19,15,1,,
605.mp4,9,0,509,15,9,113,9,1,,
606.mp4,3,0,14,0,355,1,14,1,,
607.mp4,1,0,1,5,63,151,100,1,,
608.mp4,972,1,139,5,67,79,0,1,,
609.mp4,13,0,119,12,360,9,17,1,,
610.mp4,0,0,4,184,133,2,72,1,,
611.mp4,4,0,0,6,620,0,0,1,,
612.mp4,63,0,34,6,22,278,28,1,,
613.mp4,35,0,34,4,218,221,0,1,,
614.mp4,10,1,82,4,428,8,5,1,,
615.mp4,0,0,47,20,311,30,34,1,,
616.mp4,531,0,52,0,69,0,11,1,,
617.mp4,2,0,0,6,305,2,1,1,,
618.mp4,16,0,5,12,342,6,17,1,,
619.mp4,216,0,14,10,47,13,5,1,,
620.mp4,226,0,104,0,405,11,0,1,,
621.mp4,47,0,4,0,319,0,0,1,,
622.mp4,34,15,142,2,127,36,22,1,,
623.mp4,4,0,54,0,78,151,51,1,,
624.mp4,13,0,50,59,288,17,24,1,,
625.mp4,4,5,144,2,86,7,85,1,,
626.mp4,21,0,434,26,439,62,44,1,,
627.mp4,16,0,59,10,254,35,0,1,,
628.mp4,0,0,1,10,884,0,0,1,,
629.mp4,2,10,39,668,176,53,41,1,,
630.mp4,1,0,5,0,391,23,3,1,,
631.mp4,18,0,113,146,87,60,0,1,,
632.mp4,8,1,33,65,311,11,0,1,,
633.mp4,71,0,71,8,50,129,82,1,,
634.mp4,146,0,79,11,67,2,42,1,,
635.mp4,1,0,30,3,680,77,5,1,,
636.mp4,45,0,62,107,141,178,91,1,,
637.mp4,5,12,71,194,169,59,0,1,,
638.mp4,49,0,567,2,134,25,14,1,,
639.mp4,212,0,41,116,218,1,70,1,,
640.mp4,33,0,91,39,59,2,23,1,,
641.mp4,7,5,47,192,54,24,34,1,,
642.mp4,89,0,83,1,365,46,5,1,,
643.mp4,34,0,126,100,70,31,11,1,,
644.mp4,1,1,8,42,291,18,48,1,,
645.mp4,55,10,96,103,208,109,91,1,,
646.mp4,0,0,8,23,8,360,0,1,,
647.mp4,301,12,23,88,221,31,49,1,,
648.mp4,42,6,47,21,317,36,3,1,,
649.mp4,17,14,116,304,635,3,7,1,,
650.mp4,0,0,7,8,677,0,1,1,,
651.mp4,107,2,84,66,75,40,6,1,,
652.mp4,0,0,182,12,312,78,45,1,,
653.mp4,2,0,0,13,691,0,0,1,,
654.mp4,17,0,14,18,280,81,0,1,,
655.mp4,97,0,190,5,327,59,8,1,,
656.mp4,0,0,0,0,497,0,8,1,,
657.mp4,26,4,50,0,349,108,12,1,,
658.mp4,1,0,0,5,398,0,0,1,,
659.mp4,29,0,276,39,327,300,30,1,,
660.mp4,6,3,68,186,46,6,6,1,,
661.mp4,1,0,43,171,288,20,0,1,,
662.mp4,0,0,0,12,463,14,5,1,,
663.mp4,51,0,1,0,161,103,0,1,,
664.mp4,40,1,141,115,27,17,1,1,,
665.mp4,0,0,89,0,169,61,5,1,,
666.mp4,56,0,0,52,272,2,1,1,,
667.mp4,29,0,257,241,25,425,8,1,,
668.mp4,6,0,152,0,55,174,11,1,,
669.mp4,6,0,283,0,174,0,25,1,,
670.mp4,85,1,47,0,337,8,5,1,,
671.mp4,7,0,7,167,49,2,115,1,,
672.mp4,71,15,115,7,288,30,17,1,,
673.mp4,7,0,63,48,927,2,137,1,,
674.mp4,8,0,27,116,169,9,40,1,,
675.mp4,82,2,183,0,3,149,2,1,,
676.mp4,1,0,18,444,44,25,0,1,,
677.mp4,3,4,0,144,127,6,30,1,,
678.mp4,4,0,17,49,315,10,31,1,,
679.mp4,21,1,4,0,281,109,0,1,,
680.mp4,137,0,1,1,179,9,15,1,,
681.mp4,0,0,15,50,765,10,0,1,,
682.mp4,689,0,26,9,169,32,95,1,,
683.mp4,0,2,6,147,137,0,3,1,,
684.mp4,0,0,89,3,298,93,20,1,,
685.mp4,375,0,1,63,63,16,0,1,,
686.mp4,27,8,84,65,87,14,31,1,,
687.mp4,11,0,18,68,295,63,14,1,,
688.mp4,51,0,137,256,207,1,51,1,,
689.mp4,0,0,43,37,340,14,8,1,,
690.mp4,166,0,1,0,4,188,12,1,,
691.mp4,294,186,19,13,61,2,13,1,,
692.mp4,5,3,70,5,60,429,4,1,,
693.mp4,153,0,30,13,255,5,139,1,,
694.mp4,38,0,4,0,33,227,1,1,,
695.mp4,0,0,33,59,38,171,0,1,,
696.mp4,0,2,9,0,370,14,11,1,,
697.mp4,0,0,1,305,155,1,3,1,,
698.mp4,1,0,68,1,209,5,21,1,,
699.mp4,31,0,66,3,354,40,31,1,,
700.mp4,3,66,122,60,39,22,20,1,,
701.mp4,47,1,246,4,335,4,4,1,,
702.mp4,215,0,51,16,294,63,18,1,,
703.mp4,0,0,17,132,218,3,19,1,,
704.mp4,12,0,36,187,34,153,22,1,,
705.mp4,86,0,30,0,11,342,26,1,,
706.mp4,2,0,4,122,194,0,6,1,,
707.mp4,25,2,51,156,863,18,0,1,,
708.mp4,40,2,58,100,284,10,67,1,,
709.mp4,7,2,23,63,141,89,0,1,,
710.mp4,0,0,6,0,361,11,0,1,,
711.mp4,31,0,17,2,263,5,0,1,,
712.mp4,17,2,171,53,245,45,46,1,,
713.mp4,7,12,54,285,145,4,17,1,,
714.mp4,255,17,35,58,360,12,52,1,,
715.mp4,20,1,94,20,504,210,7,1,,
716.mp4,340,0,154,2,26,160,0,1,,
717.mp4,4,0,3,31,315,19,2,1,,
718.mp4,27,14,231,112,339,8,8,1,,
719.mp4,32,0,0,5,356,1,8,1,,
720.mp4,16,0,32,146,143,140,35,1,,
721.mp4,259,0,34,15,242,15,7,1,,
722.mp4,2,0,142,24,61,120,10,1,,
723.mp4,1,0,0,0,719,0,11,1,,
724.mp4,0,0,9,143,334,40,74,1,,
725.mp4,4,0,42,1,588,12,62,1,,
726.mp4,26,0,5,123,206,14,36,1,,
727.mp4,6,6,138,60,363,7,1,1,,
728.mp4,11,34,38,138,240,262,1,1,,
729.mp4,453,0,9,13,124,37,0,1,,
730.mp4,529,0,109,62,0,19,0,1,,
731.mp4,58,2,166,0,394,229,82,1,,
732.mp4,14,0,26,52,237,78,0,1,,
733.mp4,8,0,0,28,482,0,0,1,,
734.mp4,42,0,39,0,877,126,12,1,,
735.mp4,30,0,18,107,634,66,23,1,,
736.mp4,78,0,223,2,89,343,8,1,,
737.mp4,1,0,1,1,368,0,0,1,,
738.mp4,4,0,21,202,117,4,51,1,,
739.mp4,1,0,24,98,163,0,18,1,,
740.mp4,4,4,1,216,75,38,1,1,,
741.mp4,185,0,123,0,3,33,26,1,,
742.mp4,79,0,4,74,429,31,6,1,,
743.mp4,41,5,81,7,56,157,7,1,,
744.mp4,0,0,0,0,293,0,0,1,,
745.mp4,1,0,46,43,401,101,0,1,,
746.mp4,301,0,266,4,71,80,21,1,,
747.mp4,11,0,0,0,445,9,5,1,,
748.mp4,27,0,12,47,153,47,12,1,,
749.mp4,492,0,4,0,232,60,139,1,,
750.mp4,9,20,23,108,226,41,23,1,,
751.mp4,0,0,26,71,81,16,0,1,,
752.mp4,325,0,17,61,587,7,19,1,,
753.mp4,50,4,34,151,285,21,10,1,,
754.mp4,65,125,35,0,16,1,165,1,,
755.mp4,325,1,47,2,59,1,0,1,,
756.mp4,1,0,4,178,294,1,93,1,,
757.mp4,11,0,84,18,31,245,63,1,,
758.mp4,0,0,2,17,307,46,0,1,,
759.mp4,8,7,6,71,733,16,4,1,,
760.mp4,129,0,52,188,78,60,22,1,,
761.mp4,0,0,60,29,176,19,59,1,,
762.mp4,16,0,140,22,181,14,43,1,,
763.mp4,5,0,15,333,239,9,103,1,,
764.mp4,212,0,50,2,300,46,71,1,,
765.mp4,353,0,10,27,230,338,133,1,,
766.mp4,23,0,10,2,827,8,29,1,,
767.mp4,0,0,0,4,379,24,0,1,,
768.mp4,311,3,0,0,16,0,0,1,,
769.mp4,143,1,21,6,164,102,53,1,,
770.mp4,100,1,51,155,259,91,2,1,,
771.mp4,40,0,46,0,400,3,145,1,,
772.mp4,0,4,44,71,43,20,91,1,,
773.mp4,0,0,5,15,524,35,0,1,,
774.mp4,25,0,64,0,204,11,9,1,,
775.mp4,14,0,5,0,509,1,30,1,,
776.mp4,35,0,108,166,11,28,19,1,,
777.mp4,0,0,69,0,153,103,0,1,,
778.mp4,21,2,159,8,129,3,6,1,,
779.mp4,228,39,13,0,0,64,3,1,,
780.mp4,19,0,64,0,197,0,131,1,,
781.mp4,0,3,13,0,222,232,5,1,,
782.mp4,2,0,29,0,543,5,3,1,,
783.mp4,142,231,180,16,8,7,10,1,,
784.mp4,4,0,22,34,566,348,28,1,,
785.mp4,1,0,27,15,343,21,13,1,,
786.mp4,5,0,132,246,136,51,14,1,,
787.mp4,92,0,98,1,127,201,32,1,,
788.mp4,34,1,373,8,7,31,25,1,,
789.mp4,1,9,51,297,208,7,0,1,,
790.mp4,3,0,374,5,94,274,0,1,,
791.mp4,53,0,13,4,157,86,4,1,,
792.mp4,79,0,17,24,260,1,4,1,,
793.mp4,4,0,213,14,325,19,15,1,,
794.mp4,62,0,59,74,910,195,0,1,,
795.mp4,0,0,85,23,183,217,41,1,,
796.mp4,23,11,213,101,536,222,32,1,,
797.mp4,1,0,0,0,403,34,0,1,,
798.mp4,13,2,4,59,233,23,34,1,,
799.mp4,35,0,86,7,186,1053,1,1,,
800.mp4,55,0,26,7,202,21,27,1,,
801.mp4,337,0,10,396,47,13,0,1,,
802.mp4,2,0,2,0,265,0,82,1,,
803.mp4,3,0,88,132,64,1,3,1,,
804.mp4,44,4,63,148,94,20,0,1,,
805.mp4,6,0,1,0,120,30,4,1,,
806.mp4,88,0,4,0,77,121,11,1,,
807.mp4,162,2,9,24,60,500,3,1,,
808.mp4,0,0,58,105,11,70,0,1,,
809.mp4,2,0,0,0,201,76,0,1,,
810.mp4,30,33,84,263,563,87,7,1,,
811.mp4,110,0,33,0,13,368,0,1,,
812.mp4,88,0,5,54,496,101,0,1,,
813.mp4,41,0,24,23,190,37,60,1,,
814.mp4,13,5,8,210,250,15,43,1,,
815.mp4,114,11,20,50,102,129,33,1,,
816.mp4,2,0,0,84,301,1,26,1,,
817.mp4,0,4,13,202,66,275,2,1,,
818.mp4,273,1,431,26,281,3,22,1,,
819.mp4,102,0,40,169,523,249,5,1,,
820.mp4,196,1,243,16,41,174,0,1,,
821.mp4,243,5,19,56,74,0,9,1,,
822.mp4,27,0,8,1,139,122,11,1,,
823.mp4,190,0,278,4,377,160,0,1,,
824.mp4,31,2,70,847,453,5,40,1,,
825.mp4,21,11,1,16,485,5,8,1,,
826.mp4,0,0,81,1,0,59,0,1,,
827.mp4,5,0,16,1,24,85,182,1,,
828.mp4,96,0,12,1,134,77,0,1,,
829.mp4,37,9,24,30,626,87,14,1,,
830.mp4,40,0,148,369,227,425,15,1,,
831.mp4,4,0,21,28,241,48,4,1,,
832.mp4,0,0,1,68,486,131,0,1,,
833.mp4,48,0,47,16,440,21,68,1,,
834.mp4,0,0,0,3,300,0,0,1,,
835.mp4,2,0,175,21,365,4,4,1,,
836.mp4,1,0,1,19,276,40,0,1,,
837.mp4,26,0,18,27,152,113,108,1,,
838.mp4,282,1,7,20,43,101,3,1,,
839.mp4,81,0,0,0,73,222,9,1,,
840.mp4,69,1,36,3,608,62,61,1,,
841.mp4,275,0,1,0,81,162,0,1,,
842.mp4,1,0,18,1,2,3,8,1,,
843.mp4,3,0,127,0,8,176,0,1,,
844.mp4,99,79,86,8,12,540,28,1,,
845.mp4,171,1,152,28,30,26,9,1,,
846.mp4,2,0,1,0,299,51,0,1,,
847.mp4,17,0,33,3,205,16,29,1,,
848.mp4,254,0,73,39,21,15,1,1,,
849.mp4,76,8,2,0,230,6,0,1,,
850.mp4,16,22,156,79,130,201,1,1,,
851.mp4,30,0,110,0,511,100,42,1,,
852.mp4,16,0,17,0,280,114,0,1,,
853.mp4,34,0,24,339,151,19,50,1,,
854.mp4,33,0,29,8,130,18,0,1,,
855.mp4,30,0,21,5,417,284,24,1,,
856.mp4,4,0,5,1,1092,1,1,1,,
857.mp4,470,0,0,8,5,4,1,1,,
858.mp4,127,1,17,0,240,99,0,1,,
859.mp4,42,0,0,163,66,60,0,1,,
860.mp4,4,0,2,5,575,0,2,1,,
861.mp4,282,1,0,1,282,39,3,1,,
862.mp4,0,0,49,38,310,71,2,1,,
863.mp4,49,1,8,48,356,51,0,1,,
864.mp4,250,0,37,3,15,22,2,1,,
865.mp4,8,0,0,201,61,27,49,1,,
866.mp4,88,0,19,20,275,101,8,1,,
867.mp4,14,2,18,487,934,6,28,1,,
868.mp4,52,0,152,34,13,42,138,1,,
869.mp4,129,0,240,49,615,219,42,1,,
870.mp4,30,0,11,0,255,308,0,1,,
871.mp4,6,2,17,202,125,0,0,1,,
872.mp4,58,0,97,3,399,16,14,1,,
873.mp4,289,0,744,42,1033,1015,84,1,,
874.mp4,10,2,33,129,281,8,18,1,,
875.mp4,30,5,188,4,40,221,8,1,,
876.mp4,138,0,9,0,148,6,12,1,,
877.mp4,84,0,138,1,189,176,17,1,,
878.mp4,222,1,4,239,114,151,2,1,,
879.mp4,4,0,224,34,189,337,17,1,,
880.mp4,0,4,60,0,452,18,8,1,,
881.mp4,266,0,83,0,15,274,0,1,,
882.mp4,5,0,1,68,268,8,0,1,,
883.mp4,1,0,0,166,267,1,0,1,,
884.mp4,3,6,2,255,79,2,0,1,,
885.mp4,1,0,28,0,191,103,6,1,,
886.mp4,144,108,17,49,4,203,0,1,,
887.mp4,192,2,12,1,1,129,0,1,,
888.mp4,52,6,22,0,107,124,0,1,,
889.mp4,0,0,23,21,257,200,7,1,,
890.mp4,3,1,20,172,125,7,13,1,,
891.mp4,16,0,5,2,84,41,0,1,,
892.mp4,3,0,18,199,111,1,7,1,,
893.mp4,3,0,155,69,289,23,0,1,,
894.mp4,104,0,0,212,15,12,3,1,,
895.mp4,21,0,18,2,231,15,5,1,,
896.mp4,0,0,126,1,338,66,0,1,,
897.mp4,12,0,5,32,190,6,124,1,,
898.mp4,9,0,3,0,336,1,0,1,,
899.mp4,3,1,149,0,397,1,12,1,,
900.mp4,0,0,3,11,318,23,2,1,,
901.mp4,445,0,10,0,1,65,0,1,,
902.mp4,10,1,46,32,207,27,33,1,,
903.mp4,111,0,30,0,220,11,195,1,,
904.mp4,11,0,0,0,315,27,8,1,,
905.mp4,7,4,121,37,57,56,16,1,,
906.mp4,130,1,30,8,48,89,79,1,,
907.mp4,1,0,116,363,199,28,48,1,,
908.mp4,317,0,48,36,160,10,105,1,,
909.mp4,66,0,197,120,140,15,91,1,,
910.mp4,0,0,19,0,6,268,1,1,,
911.mp4,238,1,121,24,48,11,23,1,,
912.mp4,40,0,50,1,4,132,24,1,,
913.mp4,0,0,155,0,184,85,32,1,,
914.mp4,2,0,2,218,86,26,0,1,,
915.mp4,40,0,12,38,235,54,6,1,,
916.mp4,16,0,38,64,59,23,270,1,,
917.mp4,28,0,107,9,151,4,155,1,,
918.mp4,2,0,6,27,429,1,7,1,,
919.mp4,15,2,99,51,34,333,0,1,,
920.mp4,78,0,9,12,267,20,0,1,,
921.mp4,0,0,0,166,109,11,0,1,,
922.mp4,53,0,21,0,535,1,6,1,,
923.mp4,433,0,15,0,94,64,2,1,,
924.mp4,25,4,45,5,429,597,151,1,,
925.mp4,28,3,16,39,233,47,50,1,,
926.mp4,190,9,3,0,48,89,0,1,,
927.mp4,60,0,93,1,533,6,40,1,,
928.mp4,200,0,34,0,79,17,46,1,,
929.mp4,1,0,7,95,346,15,3,1,,
930.mp4,0,0,1,238,409,38,0,1,,
931.mp4,0,0,0,12,293,0,14,1,,
932.mp4,67,0,21,10,91,54,241,1,,
933.mp4,33,0,118,0,46,295,25,1,,
934.mp4,3,0,5,1,309,251,3,1,,
935.mp4,37,0,11,5,318,123,78,1,,
936.mp4,1,0,6,5,260,0,15,1,,
937.mp4,100,1,134,0,0,190,0,1,,
938.mp4,114,0,209,0,12,32,2,1,,
939.mp4,1,0,46,0,448,17,0,1,,
940.mp4,1,0,1,106,64,81,58,1,,
941.mp4,3,0,12,24,432,8,15,1,,
942.mp4,288,0,164,2,39,44,0,1,,
943.mp4,53,0,134,54,0,308,0,1,,
944.mp4,0,0,9,0,253,43,24,1,,
945.mp4,10,0,438,10,231,40,32,1,,
946.mp4,15,0,11,5,288,117,29,1,,
947.mp4,153,0,132,20,289,13,35,1,,
948.mp4,0,0,1,1,400,9,23,1,,
949.mp4,4,0,64,184,289,86,59,1,,
950.mp4,0,0,37,298,372,86,2,1,,
951.mp4,89,0,40,52,152,1083,12,1,,
952.mp4,57,3,364,256,74,67,9,1,,
953.mp4,24,0,203,41,8,161,3,1,,
954.mp4,87,0,72,0,18,166,33,1,,
955.mp4,102,226,1,0,62,140,0,1,,
956.mp4,7,7,73,5,325,84,49,1,,
957.mp4,1,0,12,4,349,62,0,1,,
958.mp4,0,0,4,98,273,17,0,1,,
959.mp4,24,17,35,35,323,36,31,1,,
960.mp4,51,0,35,66,73,108,3,1,,
961.mp4,47,1,61,166,56,9,3,1,,
962.mp4,14,2,25,5,394,0,20,1,,
963.mp4,1,0,294,0,203,55,139,1,,
964.mp4,3,0,87,50,193,116,14,1,,
965.mp4,5,0,112,59,137,0,35,1,,
966.mp4,17,0,6,112,228,1,0,1,,
967.mp4,15,4,53,5,476,96,3,1,,
968.mp4,20,24,178,25,32,36,1,1,,
969.mp4,23,1,85,0,214,25,28,1,,
970.mp4,93,0,27,1,157,198,0,1,,
971.mp4,12,0,7,4,258,24,39,1,,
972.mp4,93,0,105,38,16,52,7,1,,
973.mp4,327,2,38,0,135,77,12,1,,
974.mp4,7,0,93,95,116,8,0,1,,
975.mp4,13,1,15,59,146,5,65,1,,
976.mp4,1,1,34,49,236,18,9,1,,
977.mp4,176,15,217,28,59,104,52,1,,
978.mp4,108,20,135,27,426,47,54,1,,
979.mp4,94,0,102,5,112,1,18,1,,
980.mp4,20,0,1,0,320,34,8,1,,
981.mp4,54,1,79,14,197,79,0,1,,
982.mp4,584,1,59,28,31,79,1,1,,
983.mp4,71,0,137,27,69,43,59,1,,
984.mp4,24,0,26,15,242,38,4,1,,
985.mp4,40,0,314,11,250,66,9,1,,
986.mp4,16,7,75,17,656,53,19,1,,
987.mp4,4,0,0,74,474,0,23,1,,
988.mp4,320,0,29,17,69,12,8,1,,
989.mp4,108,21,82,4,509,43,212,1,,
990.mp4,0,2,8,26,216,32,6,1,,
991.mp4,8,0,0,0,303,0,91,1,,
992.mp4,24,11,24,27,337,258,43,1,,
993.mp4,56,2,243,44,15,44,5,1,,
994.mp4,3,0,2,188,281,15,3,1,,
995.mp4,48,0,2,1,231,262,3,1,,
996.mp4,27,7,1,148,106,23,0,1,,
997.mp4,0,0,25,18,368,29,27,1,,
998.mp4,279,0,13,19,0,30,3,1,,
999.mp4,0,0,20,177,3,3,0,1,,
