Video_name,happy,angry,sad,surprise,disgust,fear,neutral,emotion_change,each_video_emotion_count,YT,DF,F2F,FS,NT,all_emotion_count,all_neutral_count,all_neutral_%,
000.mp4,0,0,8,0,336,23,30,41,397,10%,0%,1%,0%,0%,556892,29022,5%,樣本變異數
001.mp4,10,0,69,36,250,90,7,139,462,30%,0%,0%,6%,0%,,,,52960.6221
002.mp4,63,0,178,33,355,59,58,315,746,42%,0%,1%,0%,9%,,,,
003.mp4,210,1,12,13,6,61,0,58,303,19%,0%,0%,0%,0%,,,,
004.mp4,5,0,10,8,173,113,0,51,309,17%,0%,0%,0%,0%,,,,
005.mp4,7,0,5,4,317,57,0,62,390,16%,0%,0%,0%,0%,,,,
006.mp4,0,0,0,38,121,151,0,61,310,20%,1%,0%,1%,0%,,,,
007.mp4,4,0,15,225,238,3,9,122,494,25%,3%,0%,14%,0%,,,,
008.mp4,2,0,50,16,32,486,54,131,640,20%,18%,16%,16%,13%,,,,
009.mp4,101,0,12,16,9,450,0,109,588,19%,0%,0%,0%,0%,,,,
010.mp4,6,0,348,0,246,148,0,458,748,61%,0%,0%,6%,0%,,,,
011.mp4,214,1,10,0,785,7,256,861,1273,68%,0%,2%,16%,3%,,,,
012.mp4,1,0,5,76,35,153,93,123,363,34%,25%,4%,24%,12%,,,,
013.mp4,0,0,27,3,241,6,18,47,295,16%,0%,4%,18%,11%,,,,
014.mp4,7,0,12,115,553,34,1,133,722,18%,0%,0%,6%,0%,,,,
015.mp4,353,9,31,1,2,3,40,73,439,17%,1%,0%,0%,6%,,,,
016.mp4,6,6,83,0,478,16,89,141,678,21%,0%,2%,4%,7%,,,,
017.mp4,49,5,48,60,22,165,1,144,350,41%,0%,0%,0%,0%,,,,
018.mp4,12,1,1,301,68,41,8,79,432,18%,14%,1%,6%,3%,,,,
019.mp4,407,22,272,14,187,92,290,477,1284,37%,0%,6%,4%,23%,,,,
020.mp4,260,72,8,11,37,12,0,142,400,36%,0%,0%,0%,0%,,,,
021.mp4,50,11,91,97,84,111,9,189,453,42%,0%,0%,1%,3%,,,,
022.mp4,205,0,18,10,25,67,46,144,371,39%,12%,9%,12%,11%,,,,
023.mp4,17,0,9,0,527,3,0,19,556,3%,0%,0%,2%,0%,,,,
024.mp4,6,0,40,0,62,12,120,91,240,38%,0%,27%,0%,28%,,,,
025.mp4,130,0,168,69,271,31,94,191,763,25%,0%,6%,5%,13%,,,,
026.mp4,43,31,111,51,124,15,7,209,382,55%,0%,7%,3%,5%,,,,
027.mp4,1,0,35,0,165,7,0,39,208,19%,0%,0%,0%,0%,,,,
028.mp4,87,4,10,173,121,42,11,128,448,29%,3%,0%,17%,0%,,,,
029.mp4,20,0,5,3,364,6,49,97,447,22%,0%,3%,3%,7%,,,,
030.mp4,21,0,6,27,213,25,2,54,294,18%,18%,1%,1%,0%,,,,
031.mp4,259,0,46,1,211,50,0,260,567,46%,0%,0%,0%,0%,,,,
032.mp4,0,0,4,120,186,0,0,40,310,13%,0%,0%,0%,0%,,,,
033.mp4,628,6,124,0,459,473,0,1434,1690,85%,0%,0%,1%,0%,,,,
034.mp4,41,3,20,210,127,7,2,89,410,22%,0%,4%,0%,5%,,,,
035.mp4,42,0,182,0,56,136,7,156,423,37%,0%,0%,1%,0%,,,,
036.mp4,1,0,0,95,229,0,12,50,337,15%,0%,0%,2%,1%,,,,
037.mp4,0,0,2,1,451,0,0,6,454,1%,0%,0%,0%,0%,,,,
038.mp4,2,0,8,85,197,6,6,68,304,22%,0%,0%,0%,1%,,,,
039.mp4,47,0,31,2,420,112,0,120,612,20%,0%,0%,0%,0%,,,,
040.mp4,63,54,38,24,291,48,33,168,551,30%,0%,3%,4%,2%,,,,
041.mp4,155,0,37,0,155,0,2,106,349,30%,0%,0%,0%,1%,,,,
042.mp4,85,4,27,0,185,13,24,118,338,35%,1%,1%,6%,2%,,,,
043.mp4,36,0,7,0,3,445,0,35,491,7%,0%,0%,3%,0%,,,,
044.mp4,0,2,8,128,194,0,9,55,341,16%,32%,0%,8%,0%,,,,
045.mp4,0,0,13,27,71,190,53,126,354,36%,0%,15%,4%,11%,,,,
046.mp4,16,15,19,262,179,2,11,74,504,15%,0%,0%,1%,0%,,,,
047.mp4,3,0,17,0,282,16,1,30,319,9%,0%,0%,0%,0%,,,,
048.mp4,128,2,337,0,382,87,4,546,940,58%,0%,0%,1%,0%,,,,
049.mp4,0,0,0,54,13,118,0,17,185,9%,0%,0%,0%,0%,,,,
050.mp4,515,0,0,0,0,15,0,21,530,4%,0%,0%,0%,0%,,,,
051.mp4,13,5,26,102,482,31,58,210,717,29%,0%,41%,7%,68%,,,,
052.mp4,25,0,260,19,38,20,7,143,369,39%,0%,1%,1%,1%,,,,
053.mp4,15,0,9,6,264,68,56,128,418,31%,15%,5%,14%,10%,,,,
054.mp4,37,0,3,53,201,55,19,69,368,19%,37%,0%,49%,1%,,,,
055.mp4,161,6,1,56,50,168,0,157,442,36%,0%,0%,0%,0%,,,,
056.mp4,37,0,77,8,49,225,4,136,400,34%,0%,0%,4%,0%,,,,
057.mp4,3,0,1,1,416,1,10,22,432,5%,0%,0%,0%,1%,,,,
058.mp4,0,0,33,52,594,0,2,67,681,10%,0%,0%,0%,0%,,,,
059.mp4,32,7,33,8,610,33,0,114,723,16%,0%,0%,0%,0%,,,,
060.mp4,159,5,256,74,79,518,7,570,1098,52%,3%,0%,16%,0%,,,,
061.mp4,193,0,16,0,144,1,0,66,354,19%,0%,0%,2%,0%,,,,
062.mp4,0,0,16,48,365,0,0,26,429,6%,0%,0%,0%,0%,,,,
063.mp4,4,9,51,191,583,87,5,161,930,17%,5%,0%,3%,2%,,,,
064.mp4,2,0,1,0,338,61,0,42,402,10%,0%,0%,0%,0%,,,,
065.mp4,45,0,77,94,105,106,17,217,444,49%,0%,1%,25%,0%,,,,
066.mp4,3,0,0,17,3,67,0,17,90,19%,0%,0%,0%,0%,,,,
067.mp4,2,0,165,88,220,39,24,158,538,29%,2%,1%,9%,7%,,,,
068.mp4,1,1,40,5,184,142,28,92,401,23%,12%,25%,7%,20%,,,,
069.mp4,19,0,188,41,351,27,160,244,786,31%,0%,9%,20%,20%,,,,
070.mp4,1,0,75,32,165,59,0,119,332,36%,1%,1%,48%,0%,,,,
071.mp4,29,1,136,22,158,37,80,143,463,31%,0%,2%,2%,15%,,,,
072.mp4,4,0,5,0,273,18,11,46,311,15%,0%,0%,5%,0%,,,,
073.mp4,0,0,98,1,238,366,0,212,703,30%,8%,0%,17%,0%,,,,
074.mp4,3,0,2,0,330,5,8,27,348,8%,0%,5%,0%,3%,,,,
075.mp4,48,0,10,385,170,427,2,860,1042,83%,1%,0%,2%,0%,,,,
076.mp4,51,16,7,0,257,4,0,57,335,17%,0%,0%,2%,0%,,,,
077.mp4,11,0,120,16,215,271,42,318,675,47%,0%,9%,11%,4%,,,,
078.mp4,15,0,85,1,409,0,13,111,523,21%,0%,0%,0%,3%,,,,
079.mp4,22,0,4,35,343,20,0,53,424,13%,0%,0%,0%,0%,,,,
080.mp4,5,0,3,17,442,15,1,33,483,7%,0%,0%,0%,0%,,,,
081.mp4,38,0,41,14,912,46,119,202,1170,17%,0%,1%,9%,6%,,,,
082.mp4,6,2,1,10,285,1,12,33,317,10%,2%,0%,1%,0%,,,,
083.mp4,429,0,34,129,157,648,4,982,1401,70%,0%,0%,1%,0%,,,,
084.mp4,47,0,102,378,127,38,4,504,696,72%,0%,0%,2%,2%,,,,
085.mp4,5,3,104,0,205,4,8,74,329,22%,5%,0%,15%,0%,,,,
086.mp4,0,0,5,0,633,292,3,165,933,18%,3%,0%,2%,0%,,,,
087.mp4,301,0,0,0,0,4,0,8,305,3%,5%,0%,0%,0%,,,,
088.mp4,25,22,21,0,526,18,55,101,667,15%,0%,2%,0%,3%,,,,
089.mp4,34,1,92,0,606,92,0,230,825,28%,0%,0%,0%,0%,,,,
090.mp4,11,0,29,252,248,2,152,211,694,30%,0%,4%,5%,17%,,,,
091.mp4,275,0,86,10,343,91,68,467,873,53%,0%,3%,1%,1%,,,,
092.mp4,0,0,5,0,455,1,0,6,461,1%,0%,0%,0%,0%,,,,
093.mp4,1,0,83,157,136,11,5,201,393,51%,22%,1%,15%,0%,,,,
094.mp4,1,0,258,1,544,5,0,430,809,53%,0%,0%,0%,0%,,,,
095.mp4,224,0,270,125,111,239,79,401,1048,38%,0%,0%,12%,1%,,,,
096.mp4,1,0,76,13,129,277,8,160,504,32%,0%,0%,5%,5%,,,,
097.mp4,61,0,0,20,366,31,0,69,478,14%,0%,0%,0%,0%,,,,
098.mp4,5,0,189,0,96,15,5,104,310,34%,0%,0%,2%,0%,,,,
099.mp4,8,0,7,217,368,22,1,115,623,18%,0%,0%,0%,0%,,,,
100.mp4,124,0,6,101,164,13,17,142,425,33%,0%,0%,0%,2%,,,,
101.mp4,249,31,113,131,399,90,105,466,1118,42%,1%,5%,2%,7%,,,,
102.mp4,216,11,0,0,0,100,0,65,327,20%,0%,0%,0%,0%,,,,
103.mp4,25,0,88,2,303,150,29,156,597,26%,0%,8%,4%,3%,,,,
104.mp4,0,1,19,189,32,240,0,129,481,27%,8%,0%,1%,0%,,,,
105.mp4,0,0,10,21,246,12,23,53,312,17%,8%,0%,17%,8%,,,,
106.mp4,226,7,57,0,64,0,2,56,356,16%,0%,0%,5%,0%,,,,
107.mp4,3,0,78,0,440,0,35,84,556,15%,0%,0%,31%,0%,,,,
108.mp4,2,0,109,67,2,74,47,55,301,18%,8%,18%,42%,16%,,,,
109.mp4,263,0,6,0,8,22,0,32,299,11%,1%,0%,0%,0%,,,,
110.mp4,116,75,200,36,84,0,25,138,536,26%,0%,38%,2%,31%,,,,
111.mp4,81,0,1,58,202,38,7,126,387,33%,0%,0%,0%,5%,,,,
112.mp4,3,1,34,28,181,152,7,203,406,50%,0%,3%,8%,1%,,,,
113.mp4,3,0,82,0,615,31,156,254,887,29%,41%,1%,16%,6%,,,,
114.mp4,788,0,20,0,202,259,0,179,1269,14%,0%,0%,0%,0%,,,,
115.mp4,232,1,105,28,0,4,1,114,371,31%,0%,0%,0%,1%,,,,
116.mp4,0,0,29,21,204,72,1,75,327,23%,1%,0%,11%,1%,,,,
117.mp4,9,12,131,178,134,36,66,204,566,36%,0%,11%,2%,5%,,,,
118.mp4,0,0,0,22,315,15,0,28,352,8%,0%,0%,0%,0%,,,,
119.mp4,3,0,16,28,430,0,26,70,503,14%,0%,1%,13%,8%,,,,
120.mp4,41,0,124,11,163,5,101,219,445,49%,0%,6%,19%,11%,,,,
121.mp4,4,7,243,173,38,14,75,191,554,34%,0%,6%,1%,5%,,,,
122.mp4,18,0,9,78,209,4,0,55,318,17%,0%,6%,5%,2%,,,,
123.mp4,84,0,29,104,221,2,74,141,514,27%,1%,1%,4%,11%,,,,
124.mp4,1,0,19,13,42,26,234,99,335,30%,6%,57%,46%,76%,,,,
125.mp4,0,0,0,139,352,3,7,47,501,9%,0%,0%,7%,9%,,,,
126.mp4,8,0,85,71,158,3,3,32,328,10%,0%,3%,5%,0%,,,,
127.mp4,259,3,535,17,164,494,391,1694,1863,91%,13%,20%,14%,23%,,,,
128.mp4,163,0,12,46,278,82,0,141,581,24%,0%,0%,0%,0%,,,,
129.mp4,309,0,11,1,220,107,0,590,648,91%,1%,0%,2%,0%,,,,
130.mp4,12,0,49,13,452,17,123,188,666,28%,0%,2%,6%,4%,,,,
131.mp4,31,0,92,0,0,113,70,110,306,36%,0%,14%,46%,18%,,,,
132.mp4,29,0,59,2,246,59,18,108,413,26%,0%,0%,0%,1%,,,,
133.mp4,314,0,11,10,11,361,1,179,708,25%,0%,0%,0%,0%,,,,
134.mp4,15,0,18,104,176,1,32,63,346,18%,4%,5%,0%,10%,,,,
135.mp4,0,0,15,168,132,11,2,84,328,26%,0%,0%,2%,0%,,,,
136.mp4,5,0,16,117,400,75,1,113,614,18%,4%,0%,0%,0%,,,,
137.mp4,16,0,32,0,539,19,0,79,606,13%,0%,0%,0%,0%,,,,
138.mp4,6,1,29,0,43,56,275,91,410,22%,1%,30%,42%,30%,,,,
139.mp4,9,0,4,0,357,0,8,22,378,6%,24%,2%,4%,4%,,,,
140.mp4,89,0,18,0,5,191,0,80,303,26%,0%,0%,0%,0%,,,,
141.mp4,7,0,46,64,335,5,74,155,531,29%,0%,5%,7%,8%,,,,
142.mp4,160,0,65,367,96,269,1,232,958,24%,13%,0%,0%,0%,,,,
143.mp4,135,0,10,0,266,3,0,105,414,25%,0%,0%,0%,0%,,,,
144.mp4,0,0,38,2,173,121,11,90,345,26%,7%,1%,4%,1%,,,,
145.mp4,28,0,60,82,263,9,0,155,442,35%,0%,0%,0%,6%,,,,
146.mp4,63,30,437,200,115,69,84,432,998,43%,0%,11%,3%,9%,,,,
147.mp4,390,3,2,0,205,69,0,146,669,22%,0%,0%,0%,0%,,,,
148.mp4,621,0,204,0,95,14,1,590,935,63%,0%,0%,2%,0%,,,,
149.mp4,4,6,13,129,102,105,6,78,365,21%,5%,0%,1%,1%,,,,
150.mp4,4,0,55,0,272,109,16,101,456,22%,1%,2%,1%,2%,,,,
151.mp4,60,0,0,70,58,0,159,155,347,45%,10%,23%,35%,24%,,,,
152.mp4,37,0,11,0,8,150,107,112,313,36%,0%,7%,37%,12%,,,,
153.mp4,208,0,52,132,175,81,84,279,732,38%,0%,1%,10%,1%,,,,
154.mp4,185,7,18,144,611,12,83,627,1060,59%,7%,8%,6%,9%,,,,
155.mp4,0,0,259,59,428,65,18,239,829,29%,0%,0%,16%,1%,,,,
156.mp4,6,1,23,2,893,75,12,217,1012,21%,0%,0%,0%,0%,,,,
157.mp4,47,0,18,4,387,30,10,99,496,20%,0%,1%,0%,4%,,,,
158.mp4,12,0,49,211,125,37,28,113,462,24%,0%,0%,0%,1%,,,,
159.mp4,3,0,53,43,218,7,1,71,325,22%,22%,0%,3%,0%,,,,
160.mp4,19,0,108,17,350,2,38,172,534,32%,0%,9%,0%,1%,,,,
161.mp4,14,0,66,183,93,21,0,88,377,23%,3%,0%,3%,0%,,,,
162.mp4,46,68,20,39,477,26,39,157,715,22%,2%,0%,1%,0%,,,,
163.mp4,2,1,2,162,97,35,5,64,304,21%,0%,0%,0%,0%,,,,
164.mp4,344,0,152,5,208,286,26,279,1021,27%,0%,0%,1%,1%,,,,
165.mp4,18,0,2,0,355,11,1,29,387,7%,0%,0%,7%,0%,,,,
166.mp4,32,0,24,165,493,14,28,163,756,22%,6%,0%,1%,2%,,,,
167.mp4,81,3,24,32,202,8,27,158,377,42%,0%,2%,7%,2%,,,,
168.mp4,0,0,107,252,198,729,194,666,1480,45%,0%,17%,28%,17%,,,,
169.mp4,15,0,135,0,12,173,314,176,649,27%,22%,82%,97%,71%,,,,
170.mp4,6,2,74,127,159,1,100,135,469,29%,0%,3%,7%,5%,,,,
171.mp4,17,0,4,17,2,148,1,46,189,24%,0%,0%,2%,0%,,,,
172.mp4,372,0,146,1,93,48,90,240,750,32%,1%,8%,15%,9%,,,,
173.mp4,29,1,52,291,338,31,36,224,778,29%,0%,3%,1%,15%,,,,
174.mp4,4,0,56,386,23,29,1,179,499,36%,5%,0%,0%,0%,,,,
175.mp4,11,0,26,29,380,5,26,98,477,21%,0%,0%,0%,13%,,,,
176.mp4,4,0,51,137,288,3,5,246,488,50%,0%,1%,6%,0%,,,,
177.mp4,2,4,10,155,238,8,2,94,419,22%,0%,0%,0%,0%,,,,
178.mp4,1,0,154,0,133,224,9,135,521,26%,2%,1%,2%,0%,,,,
179.mp4,721,22,506,277,237,0,9,1123,1772,63%,1%,1%,1%,1%,,,,
180.mp4,70,3,32,28,370,11,73,158,587,27%,4%,8%,14%,14%,,,,
181.mp4,17,0,71,9,137,101,143,158,478,33%,0%,26%,0%,26%,,,,
182.mp4,16,2,139,20,134,89,220,193,620,31%,93%,25%,20%,37%,,,,
183.mp4,3,0,114,0,107,139,0,149,363,41%,1%,0%,0%,0%,,,,
184.mp4,1,0,280,48,953,20,0,275,1302,21%,0%,0%,0%,0%,,,,
185.mp4,24,0,0,0,822,0,3,29,849,3%,0%,0%,29%,0%,,,,
186.mp4,12,9,351,1646,285,28,0,1240,2331,53%,1%,0%,0%,0%,,,,
187.mp4,111,1,581,365,383,3,52,939,1496,63%,0%,0%,4%,0%,,,,
188.mp4,4,0,6,34,273,3,13,65,333,20%,0%,3%,3%,5%,,,,
189.mp4,9,0,94,23,368,28,2,113,524,22%,0%,0%,0%,0%,,,,
190.mp4,9,0,29,41,174,64,37,132,354,37%,0%,0%,1%,4%,,,,
191.mp4,80,0,45,73,83,40,73,154,394,39%,5%,3%,6%,2%,,,,
192.mp4,0,0,12,18,176,72,45,110,323,34%,5%,0%,22%,0%,,,,
193.mp4,2,1,6,119,201,14,26,83,369,22%,0%,0%,6%,1%,,,,
194.mp4,10,0,0,2,565,2,0,24,579,4%,0%,0%,0%,0%,,,,
195.mp4,8,0,16,32,256,29,0,65,341,19%,0%,0%,0%,0%,,,,
196.mp4,0,0,93,0,105,54,0,78,252,31%,0%,0%,0%,0%,,,,
197.mp4,216,14,214,361,52,0,23,289,880,33%,0%,0%,9%,0%,,,,
198.mp4,4,0,267,3,360,9,4,504,647,78%,0%,0%,0%,1%,,,,
199.mp4,13,0,0,2,352,2,0,18,369,5%,12%,0%,11%,0%,,,,
200.mp4,11,0,10,135,537,17,7,126,717,18%,0%,0%,15%,0%,,,,
201.mp4,10,10,213,8,433,19,170,261,863,30%,0%,30%,3%,37%,,,,
202.mp4,0,0,6,13,247,18,39,45,323,14%,0%,2%,19%,11%,,,,
203.mp4,6,3,3,92,365,29,0,120,498,24%,20%,0%,1%,0%,,,,
204.mp4,3,0,36,24,245,55,53,111,416,27%,0%,21%,9%,21%,,,,
205.mp4,84,1,21,3,154,10,35,108,308,35%,1%,2%,8%,12%,,,,
206.mp4,7,0,20,1,264,7,461,188,760,25%,0%,23%,29%,23%,,,,
207.mp4,1,0,11,47,137,6,138,91,340,27%,12%,15%,32%,14%,,,,
208.mp4,77,0,15,0,302,70,1,129,465,28%,0%,0%,0%,0%,,,,
209.mp4,112,0,459,0,106,60,4,409,741,55%,4%,1%,1%,0%,,,,
210.mp4,6,405,218,0,118,75,17,243,839,29%,21%,0%,15%,0%,,,,
211.mp4,288,2,19,37,135,150,0,327,631,52%,0%,0%,0%,0%,,,,
212.mp4,0,0,1,25,367,22,1,26,416,6%,0%,0%,0%,0%,,,,
213.mp4,165,19,77,40,37,37,13,104,388,27%,0%,1%,1%,1%,,,,
214.mp4,2,0,14,3,2,392,37,51,450,11%,0%,1%,9%,2%,,,,
215.mp4,368,5,0,0,69,147,0,172,589,29%,0%,0%,0%,0%,,,,
216.mp4,0,0,66,29,237,143,11,195,486,40%,1%,1%,15%,1%,,,,
217.mp4,62,4,45,420,168,16,22,241,737,33%,10%,1%,3%,0%,,,,
218.mp4,1,0,0,2,349,1,0,7,353,2%,0%,0%,0%,0%,,,,
219.mp4,6,0,30,16,260,38,48,166,398,42%,2%,3%,12%,14%,,,,
220.mp4,5,0,5,58,285,4,0,45,357,13%,1%,0%,0%,0%,,,,
221.mp4,740,34,16,209,348,413,22,1592,1782,89%,3%,1%,1%,1%,,,,
222.mp4,14,0,57,79,172,25,61,111,408,27%,4%,2%,17%,6%,,,,
223.mp4,6,0,48,4,214,96,19,142,387,37%,0%,3%,18%,2%,,,,
224.mp4,1,0,1,1,459,0,27,35,489,7%,13%,0%,6%,0%,,,,
225.mp4,9,0,48,5,73,112,33,106,280,38%,14%,6%,62%,20%,,,,
226.mp4,24,1,115,7,82,117,77,220,423,52%,0%,5%,7%,8%,,,,
227.mp4,45,179,4,97,40,35,41,160,441,36%,2%,11%,0%,8%,,,,
228.mp4,16,4,104,6,410,11,1,142,552,26%,0%,0%,2%,0%,,,,
229.mp4,2,0,10,155,183,24,17,103,391,26%,9%,3%,4%,5%,,,,
230.mp4,35,1,25,66,33,75,137,132,372,35%,5%,9%,14%,37%,,,,
231.mp4,98,0,252,4,427,279,0,844,1060,80%,0%,0%,0%,0%,,,,
232.mp4,2,0,410,57,172,103,120,554,864,64%,7%,2%,25%,11%,,,,
233.mp4,8,0,416,610,1208,323,5,1925,2570,75%,0%,0%,1%,0%,,,,
234.mp4,0,0,19,0,299,0,210,107,528,20%,5%,14%,0%,27%,,,,
235.mp4,3,0,4,1,305,2,0,15,315,5%,0%,0%,0%,0%,,,,
236.mp4,91,0,0,3,482,26,78,182,680,27%,0%,6%,2%,17%,,,,
237.mp4,274,0,284,0,98,87,15,284,758,37%,1%,0%,27%,0%,,,,
238.mp4,30,0,132,99,341,22,0,136,624,22%,13%,0%,0%,0%,,,,
239.mp4,653,1,232,0,63,202,4,797,1155,69%,0%,0%,1%,0%,,,,
240.mp4,32,7,28,736,1258,47,14,1202,2122,57%,0%,0%,1%,0%,,,,
241.mp4,168,2,40,0,32,31,19,87,292,30%,0%,7%,1%,3%,,,,
242.mp4,0,0,15,0,6,2,190,23,213,11%,3%,89%,95%,89%,,,,
243.mp4,68,0,12,11,309,17,0,97,417,23%,2%,0%,0%,0%,,,,
244.mp4,5,0,91,287,152,0,22,133,557,24%,0%,2%,4%,1%,,,,
245.mp4,0,0,20,3,364,43,0,118,430,27%,1%,0%,0%,0%,,,,
246.mp4,4,0,76,3,388,29,19,127,519,24%,2%,0%,4%,1%,,,,
247.mp4,35,0,71,20,184,30,60,142,400,36%,0%,0%,5%,3%,,,,
248.mp4,14,0,33,68,256,1,89,158,461,34%,13%,20%,13%,24%,,,,
249.mp4,61,3,251,53,164,111,39,276,682,40%,1%,0%,13%,0%,,,,
250.mp4,28,0,47,60,327,61,43,140,566,25%,1%,1%,5%,3%,,,,
251.mp4,24,0,26,12,247,35,14,100,358,28%,0%,1%,7%,7%,,,,
252.mp4,30,1,0,34,516,9,1,84,591,14%,0%,0%,0%,0%,,,,
253.mp4,10,2,29,37,392,24,7,78,501,16%,0%,0%,3%,0%,,,,
254.mp4,34,14,136,8,114,53,68,147,427,34%,17%,6%,14%,38%,,,,
255.mp4,1,0,142,16,274,35,7,118,475,25%,0%,5%,2%,6%,,,,
256.mp4,0,0,40,38,427,13,22,112,540,21%,1%,1%,13%,6%,,,,
257.mp4,5,0,27,20,724,23,3,92,802,11%,1%,0%,0%,0%,,,,
258.mp4,3,0,26,37,299,68,71,144,504,29%,2%,0%,7%,9%,,,,
259.mp4,89,0,135,6,185,63,0,194,478,41%,0%,0%,0%,0%,,,,
260.mp4,0,0,1,3,70,228,0,39,302,13%,6%,0%,8%,0%,,,,
261.mp4,521,0,81,12,2,42,21,100,679,15%,0%,4%,10%,0%,,,,
262.mp4,83,0,130,23,89,8,65,182,398,46%,41%,24%,4%,48%,,,,
263.mp4,2,0,30,0,259,189,2,246,482,51%,0%,0%,0%,0%,,,,
264.mp4,9,6,80,116,211,48,0,139,470,30%,0%,0%,0%,0%,,,,
265.mp4,0,0,19,239,228,4,19,111,509,22%,0%,9%,1%,17%,,,,
266.mp4,0,0,2,0,462,2,0,5,466,1%,0%,0%,0%,0%,,,,
267.mp4,0,0,0,2,280,24,0,31,306,10%,0%,0%,1%,0%,,,,
268.mp4,245,2,655,12,301,88,174,412,1477,28%,0%,1%,4%,4%,,,,
269.mp4,0,0,2,5,158,194,1,41,360,11%,0%,0%,0%,0%,,,,
270.mp4,12,0,22,0,297,2,0,55,333,17%,0%,0%,0%,0%,,,,
271.mp4,7,0,9,444,43,3,0,76,506,15%,0%,0%,0%,0%,,,,
272.mp4,15,1,6,8,250,34,9,53,323,16%,4%,0%,2%,1%,,,,
273.mp4,87,0,51,2,2,106,24,93,272,34%,0%,1%,0%,3%,,,,
274.mp4,30,0,30,25,143,51,30,153,309,50%,5%,0%,0%,13%,,,,
275.mp4,0,1,0,0,202,220,2,71,425,17%,0%,0%,1%,0%,,,,
276.mp4,9,0,2,32,319,30,0,132,392,34%,0%,0%,0%,0%,,,,
277.mp4,185,0,218,5,577,450,1,947,1436,66%,0%,0%,0%,0%,,,,
278.mp4,50,2,12,0,378,15,0,76,457,17%,0%,0%,0%,0%,,,,
279.mp4,38,0,189,87,46,27,137,186,524,35%,4%,48%,34%,24%,,,,
280.mp4,5,0,52,117,242,142,6,141,564,25%,9%,4%,2%,2%,,,,
281.mp4,5,0,3,22,252,24,7,40,313,13%,1%,0%,5%,5%,,,,
282.mp4,7,0,40,0,504,34,66,174,651,27%,0%,12%,1%,19%,,,,
283.mp4,2,0,676,0,35,253,0,259,966,27%,0%,0%,0%,0%,,,,
284.mp4,16,2,46,165,260,30,0,148,519,29%,0%,0%,0%,0%,,,,
285.mp4,45,0,194,112,57,40,12,204,460,44%,0%,0%,2%,0%,,,,
286.mp4,453,84,233,1,66,21,50,444,908,49%,0%,4%,0%,4%,,,,
287.mp4,0,2,117,59,100,46,44,142,368,39%,0%,11%,1%,8%,,,,
288.mp4,20,0,38,62,490,43,63,261,716,36%,22%,0%,6%,1%,,,,
289.mp4,255,266,172,6,577,37,3,1094,1316,83%,0%,0%,0%,0%,,,,
290.mp4,0,1,5,110,321,3,0,63,440,14%,0%,0%,0%,0%,,,,
291.mp4,40,0,70,54,46,78,38,110,326,34%,1%,13%,5%,12%,,,,
292.mp4,4,0,119,79,169,29,31,150,431,35%,0%,0%,15%,1%,,,,
293.mp4,118,0,274,2,65,301,15,245,775,32%,0%,0%,0%,0%,,,,
294.mp4,24,0,1,0,533,10,36,54,604,9%,6%,10%,1%,5%,,,,
295.mp4,1,0,116,3,245,20,6,104,391,27%,0%,0%,1%,1%,,,,
296.mp4,321,0,3,0,6,7,0,21,337,6%,0%,2%,0%,1%,,,,
297.mp4,21,0,0,0,364,5,0,30,390,8%,0%,0%,1%,0%,,,,
298.mp4,13,0,118,0,374,10,54,134,569,24%,49%,3%,13%,3%,,,,
299.mp4,1,0,4,2,4,273,25,32,309,10%,0%,2%,33%,1%,,,,
300.mp4,124,0,77,0,379,13,0,112,593,19%,0%,0%,0%,0%,,,,
301.mp4,54,1,280,128,628,99,171,935,1361,69%,2%,0%,12%,0%,,,,
302.mp4,26,1,10,0,46,730,0,106,813,13%,4%,0%,23%,0%,,,,
303.mp4,15,0,6,2,525,0,2,40,550,7%,4%,3%,0%,4%,,,,
304.mp4,0,0,0,0,601,9,0,12,610,2%,0%,0%,0%,0%,,,,
305.mp4,371,9,158,153,979,180,48,1420,1898,75%,2%,2%,2%,2%,,,,
306.mp4,79,89,8,0,548,0,4,153,728,21%,0%,0%,1%,0%,,,,
307.mp4,90,0,135,17,95,28,0,132,365,36%,0%,0%,0%,0%,,,,
308.mp4,3,0,44,49,131,281,4,151,512,29%,39%,0%,18%,0%,,,,
309.mp4,103,0,43,75,128,213,290,291,852,34%,1%,13%,28%,14%,,,,
310.mp4,33,0,7,212,97,26,0,90,375,24%,0%,0%,1%,0%,,,,
311.mp4,0,1,66,13,221,2,43,76,346,22%,0%,1%,24%,0%,,,,
312.mp4,6,0,15,40,357,11,0,60,429,14%,0%,0%,0%,0%,,,,
313.mp4,15,0,8,15,424,2,18,59,482,12%,0%,0%,5%,3%,,,,
314.mp4,258,2,82,3,54,15,0,125,414,30%,0%,0%,0%,0%,,,,
315.mp4,0,0,0,66,215,16,7,35,304,12%,28%,0%,0%,3%,,,,
316.mp4,29,0,61,35,431,10,0,104,566,18%,0%,0%,1%,0%,,,,
317.mp4,14,1,2,3,626,8,10,55,664,8%,0%,0%,0%,0%,,,,
318.mp4,0,0,0,47,308,112,8,94,475,20%,5%,0%,1%,0%,,,,
319.mp4,6,0,22,0,642,47,0,108,717,15%,0%,0%,0%,0%,,,,
320.mp4,81,0,51,0,234,170,37,237,573,41%,0%,5%,20%,7%,,,,
321.mp4,180,0,12,1,44,201,129,260,567,46%,9%,46%,69%,60%,,,,
322.mp4,109,0,44,51,53,7,59,141,323,44%,0%,15%,7%,8%,,,,
323.mp4,29,0,0,37,367,2,21,54,456,12%,0%,2%,0%,1%,,,,
324.mp4,614,0,174,1,14,99,40,289,942,31%,0%,19%,0%,8%,,,,
325.mp4,161,525,696,79,214,243,2,1045,1920,54%,0%,0%,3%,0%,,,,
326.mp4,331,0,214,3,70,168,126,280,912,31%,1%,16%,1%,24%,,,,
327.mp4,229,0,167,4,68,14,13,101,495,20%,0%,30%,1%,7%,,,,
328.mp4,25,0,71,108,56,15,33,121,308,39%,0%,8%,14%,5%,,,,
329.mp4,61,0,9,28,215,78,24,141,415,34%,53%,0%,7%,0%,,,,
330.mp4,0,0,62,9,322,8,8,67,409,16%,0%,2%,2%,0%,,,,
331.mp4,6,2,173,75,82,8,119,120,465,26%,0%,29%,0%,33%,,,,
332.mp4,196,6,222,33,4,255,28,271,744,36%,7%,0%,9%,0%,,,,
333.mp4,106,0,1,0,277,46,0,69,430,16%,1%,0%,3%,0%,,,,
334.mp4,29,0,93,79,892,224,22,312,1339,23%,0%,5%,1%,6%,,,,
335.mp4,53,0,170,19,167,150,28,395,587,67%,0%,0%,14%,0%,,,,
336.mp4,5,0,86,48,307,58,3,107,507,21%,0%,0%,1%,0%,,,,
337.mp4,0,0,1,36,295,5,0,48,337,14%,1%,0%,0%,0%,,,,
338.mp4,76,0,73,371,655,30,9,649,1214,53%,0%,0%,1%,0%,,,,
339.mp4,1,0,0,20,431,0,5,13,457,3%,23%,1%,7%,1%,,,,
340.mp4,5,1,19,10,225,29,4,59,293,20%,0%,0%,2%,0%,,,,
341.mp4,14,1,3,75,723,7,9,87,832,10%,3%,0%,0%,0%,,,,
342.mp4,15,0,61,2,130,81,0,119,289,41%,0%,0%,0%,0%,,,,
343.mp4,0,0,151,0,18,117,0,81,286,28%,0%,0%,0%,0%,,,,
344.mp4,160,0,94,7,232,657,130,1160,1280,91%,10%,18%,18%,17%,,,,
345.mp4,1,0,6,62,732,46,0,214,847,25%,0%,0%,0%,0%,,,,
346.mp4,6,1,173,0,1,381,53,180,615,29%,21%,0%,70%,0%,,,,
347.mp4,319,0,2,0,2,1,0,10,324,3%,0%,0%,7%,2%,,,,
348.mp4,41,0,0,14,353,4,6,61,418,15%,0%,0%,1%,0%,,,,
349.mp4,9,0,146,162,233,116,1,422,667,63%,0%,1%,1%,0%,,,,
350.mp4,9,1,13,125,260,0,1,70,409,17%,0%,0%,0%,0%,,,,
351.mp4,602,0,33,16,64,28,3,184,746,25%,0%,0%,0%,0%,,,,
352.mp4,1,0,14,107,310,1,0,71,433,16%,0%,0%,0%,0%,,,,
353.mp4,110,191,15,14,7,21,0,97,358,27%,8%,0%,4%,0%,,,,
354.mp4,36,0,187,44,95,13,27,118,402,29%,0%,0%,0%,3%,,,,
355.mp4,173,22,21,18,208,2,62,156,506,31%,0%,14%,1%,14%,,,,
356.mp4,75,0,316,86,56,228,1,412,762,54%,0%,0%,1%,0%,,,,
357.mp4,6,0,134,346,116,90,0,667,692,96%,1%,0%,0%,0%,,,,
358.mp4,7,0,105,6,405,21,1,81,545,15%,0%,0%,0%,0%,,,,
359.mp4,1,0,96,40,245,57,13,101,452,22%,2%,0%,5%,0%,,,,
360.mp4,1,1,9,216,160,0,1,57,388,15%,0%,0%,2%,0%,,,,
361.mp4,2,0,4,168,196,2,54,98,426,23%,0%,4%,13%,18%,,,,
362.mp4,53,1,21,158,195,110,0,209,538,39%,2%,0%,4%,0%,,,,
363.mp4,65,0,269,9,71,68,0,182,482,38%,0%,0%,0%,0%,,,,
364.mp4,9,0,220,44,344,30,1,165,648,25%,0%,0%,1%,0%,,,,
365.mp4,162,0,91,0,29,80,7,178,369,48%,0%,0%,0%,0%,,,,
366.mp4,23,0,6,144,217,0,14,79,404,20%,0%,0%,2%,0%,,,,
367.mp4,37,0,72,0,262,48,231,250,650,38%,10%,2%,12%,20%,,,,
368.mp4,48,53,46,6,81,525,0,245,759,32%,0%,0%,0%,0%,,,,
369.mp4,0,0,0,10,307,2,1,14,320,4%,0%,2%,18%,1%,,,,
370.mp4,4,0,14,19,206,87,58,130,388,34%,3%,0%,2%,49%,,,,
371.mp4,49,4,101,5,135,113,312,266,719,37%,28%,54%,54%,68%,,,,
372.mp4,27,0,13,40,363,2,41,78,486,16%,0%,1%,29%,4%,,,,
373.mp4,6,0,362,65,204,1,0,244,638,38%,0%,0%,2%,0%,,,,
374.mp4,83,0,42,0,401,7,54,178,587,30%,5%,2%,1%,3%,,,,
375.mp4,11,0,17,12,295,19,9,73,363,20%,0%,0%,0%,0%,,,,
376.mp4,24,0,104,95,168,23,110,190,524,36%,40%,4%,37%,15%,,,,
377.mp4,1,0,35,0,351,2,9,45,398,11%,0%,0%,0%,0%,,,,
378.mp4,24,0,181,360,60,154,18,273,797,34%,0%,0%,0%,0%,,,,
379.mp4,1,0,30,18,12,277,6,71,344,21%,3%,0%,26%,1%,,,,
380.mp4,196,0,11,0,216,25,7,136,455,30%,0%,0%,2%,0%,,,,
381.mp4,4,0,3,30,445,7,89,97,578,17%,0%,0%,1%,0%,,,,
382.mp4,35,0,2,1,258,20,0,48,316,15%,0%,0%,3%,0%,,,,
383.mp4,93,0,37,0,312,6,44,155,492,32%,0%,0%,1%,7%,,,,
384.mp4,14,0,75,0,293,24,55,155,461,34%,1%,1%,53%,0%,,,,
385.mp4,18,26,94,1,36,58,45,129,278,46%,1%,13%,11%,7%,,,,
386.mp4,3,0,16,100,242,0,56,74,417,18%,2%,1%,13%,3%,,,,
387.mp4,0,2,30,24,446,4,21,65,527,12%,1%,3%,0%,5%,,,,
388.mp4,187,3,127,42,193,11,73,140,636,22%,0%,4%,0%,5%,,,,
389.mp4,0,0,33,0,258,21,3,39,315,12%,5%,4%,0%,0%,,,,
390.mp4,7,0,81,220,504,53,12,295,877,34%,0%,0%,2%,0%,,,,
391.mp4,0,0,1,0,524,0,22,24,547,4%,0%,2%,1%,2%,,,,
392.mp4,705,1,24,356,202,15,199,351,1502,23%,0%,3%,8%,15%,,,,
393.mp4,43,0,3,0,475,18,40,107,579,18%,0%,5%,0%,8%,,,,
394.mp4,5,0,4,0,402,7,4,29,422,7%,0%,0%,0%,0%,,,,
395.mp4,9,0,53,16,359,6,5,93,448,21%,0%,1%,0%,2%,,,,
396.mp4,37,36,4,38,282,106,22,131,525,25%,0%,0%,8%,0%,,,,
397.mp4,8,0,52,32,250,6,9,60,357,17%,2%,5%,1%,3%,,,,
398.mp4,11,0,4,1,379,13,181,111,589,19%,33%,3%,34%,6%,,,,
399.mp4,7,7,59,20,820,2,0,153,915,17%,0%,0%,1%,0%,,,,
400.mp4,98,2,66,8,122,78,66,248,440,56%,1%,1%,8%,5%,,,,
401.mp4,188,0,48,35,107,105,13,170,496,34%,0%,0%,4%,0%,,,,
402.mp4,13,1,35,5,258,29,93,126,434,29%,10%,7%,14%,24%,,,,
403.mp4,36,0,1,35,103,533,0,152,708,21%,4%,0%,1%,0%,,,,
404.mp4,101,0,306,160,199,155,14,394,935,42%,11%,0%,4%,0%,,,,
405.mp4,71,0,67,2,203,279,0,297,622,48%,0%,0%,15%,0%,,,,
406.mp4,64,30,11,15,360,63,5,198,548,36%,7%,0%,1%,0%,,,,
407.mp4,4,0,304,1,166,47,2,153,524,29%,0%,0%,4%,0%,,,,
408.mp4,1,0,0,37,272,0,0,42,310,14%,0%,0%,0%,0%,,,,
409.mp4,48,3,21,11,250,33,13,101,379,27%,0%,1%,3%,2%,,,,
410.mp4,4,2,39,176,186,132,3,193,542,36%,0%,1%,0%,0%,,,,
411.mp4,92,21,462,77,154,113,75,831,994,84%,0%,1%,8%,2%,,,,
412.mp4,242,18,35,0,160,105,30,191,590,32%,3%,0%,26%,2%,,,,
413.mp4,317,0,10,0,9,41,2,60,379,16%,4%,0%,0%,0%,,,,
414.mp4,43,0,114,260,52,13,82,191,564,34%,2%,23%,8%,34%,,,,
415.mp4,0,0,175,0,196,167,10,143,548,26%,0%,2%,6%,0%,,,,
416.mp4,63,0,19,36,61,107,0,113,286,40%,0%,0%,0%,0%,,,,
417.mp4,24,0,0,87,706,0,45,95,862,11%,0%,1%,4%,1%,,,,
418.mp4,0,0,1,11,279,33,0,32,324,10%,0%,1%,0%,0%,,,,
419.mp4,1,0,29,187,254,481,27,940,979,96%,1%,0%,9%,0%,,,,
420.mp4,51,0,778,1,239,50,9,245,1128,22%,0%,0%,1%,0%,,,,
421.mp4,83,0,16,304,580,55,0,211,1038,20%,0%,1%,0%,2%,,,,
422.mp4,1,9,11,198,98,0,14,86,331,26%,0%,5%,0%,0%,,,,
423.mp4,786,2,451,112,91,309,58,619,1809,34%,0%,0%,7%,5%,,,,
424.mp4,16,0,19,1,275,0,0,40,311,13%,0%,0%,0%,0%,,,,
425.mp4,39,0,118,22,95,17,45,126,336,38%,0%,2%,0%,9%,,,,
426.mp4,1,1,310,238,96,9,0,612,655,93%,3%,0%,0%,0%,,,,
427.mp4,0,0,30,1,396,124,14,208,565,37%,0%,0%,3%,0%,,,,
428.mp4,0,1,30,1,234,25,205,122,496,25%,3%,13%,41%,25%,,,,
429.mp4,4,0,156,5,263,29,0,110,457,24%,0%,1%,0%,0%,,,,
430.mp4,2,0,3,4,343,5,0,22,357,6%,0%,0%,22%,0%,,,,
431.mp4,0,26,119,30,459,76,0,250,710,35%,2%,0%,1%,0%,,,,
432.mp4,43,0,30,0,219,22,47,98,361,27%,0%,0%,10%,0%,,,,
433.mp4,330,0,18,5,46,137,0,133,536,25%,0%,0%,0%,0%,,,,
434.mp4,3,0,5,76,247,1,3,33,335,10%,5%,0%,1%,1%,,,,
435.mp4,2,0,39,1,337,89,10,107,478,22%,0%,0%,0%,1%,,,,
436.mp4,4,0,9,7,468,37,6,78,531,15%,0%,0%,0%,0%,,,,
437.mp4,8,0,2,59,505,0,14,58,588,10%,0%,0%,3%,2%,,,,
438.mp4,13,0,37,87,152,7,246,133,542,25%,9%,3%,52%,11%,,,,
439.mp4,0,0,173,0,37,239,13,117,462,25%,0%,2%,11%,1%,,,,
440.mp4,256,0,37,2,32,93,0,154,420,37%,0%,0%,0%,0%,,,,
441.mp4,6,0,10,1,179,91,0,76,287,26%,7%,0%,2%,0%,,,,
442.mp4,0,0,1,327,28,8,0,36,364,10%,0%,0%,0%,0%,,,,
443.mp4,412,1,428,621,19,11,2,765,1494,51%,0%,0%,1%,0%,,,,
444.mp4,2,0,70,48,250,64,3,131,437,30%,0%,0%,0%,0%,,,,
445.mp4,259,0,496,167,517,345,0,1426,1784,80%,0%,0%,0%,0%,,,,
446.mp4,19,0,103,36,321,89,0,331,568,58%,0%,0%,0%,0%,,,,
447.mp4,25,0,6,15,355,126,1,234,528,44%,0%,0%,0%,0%,,,,
448.mp4,275,1,7,3,94,103,13,143,496,29%,13%,0%,3%,0%,,,,
449.mp4,7,0,0,1,23,278,0,32,309,10%,0%,0%,0%,0%,,,,
450.mp4,0,0,39,0,643,7,6,42,695,6%,5%,1%,0%,0%,,,,
451.mp4,1,0,4,35,340,1,2,22,383,6%,0%,0%,2%,0%,,,,
452.mp4,185,1,188,1,35,157,60,237,627,38%,0%,0%,35%,1%,,,,
453.mp4,3,0,219,14,261,10,138,164,645,25%,15%,6%,20%,13%,,,,
454.mp4,0,0,8,270,68,37,1,44,384,11%,0%,0%,0%,0%,,,,
455.mp4,213,18,0,3,136,0,0,111,370,30%,0%,0%,0%,0%,,,,
456.mp4,45,4,405,7,64,76,1,143,602,24%,0%,0%,4%,0%,,,,
457.mp4,4,0,44,4,477,13,0,80,542,15%,0%,0%,0%,0%,,,,
458.mp4,164,0,28,28,63,1,34,115,318,36%,21%,11%,5%,20%,,,,
459.mp4,0,0,34,3,451,45,23,111,556,20%,1%,0%,1%,3%,,,,
460.mp4,1,0,105,14,211,153,156,166,640,26%,0%,25%,25%,8%,,,,
461.mp4,0,0,9,34,560,9,11,75,623,12%,0%,0%,1%,0%,,,,
462.mp4,12,1,17,456,75,37,3,118,601,20%,4%,0%,3%,0%,,,,
463.mp4,30,0,86,0,161,15,23,100,315,32%,0%,4%,5%,7%,,,,
464.mp4,135,0,147,1,48,23,49,131,403,33%,1%,5%,20%,15%,,,,
465.mp4,46,0,46,31,191,13,3,65,330,20%,6%,0%,0%,0%,,,,
466.mp4,7,5,30,1,265,7,20,70,335,21%,50%,7%,3%,5%,,,,
467.mp4,3,0,107,56,30,149,63,167,408,41%,0%,9%,0%,19%,,,,
468.mp4,149,1,27,1,191,244,0,223,613,36%,0%,0%,9%,0%,,,,
469.mp4,24,71,71,27,200,15,7,113,415,27%,10%,0%,6%,3%,,,,
470.mp4,129,23,26,138,445,108,40,226,909,25%,0%,2%,0%,2%,,,,
471.mp4,34,0,7,48,511,18,7,166,625,27%,0%,0%,0%,0%,,,,
472.mp4,398,5,5,0,67,12,0,63,487,13%,1%,0%,3%,0%,,,,
473.mp4,284,0,159,11,145,112,14,384,725,53%,3%,0%,6%,1%,,,,
474.mp4,11,3,28,5,271,2,0,60,320,19%,0%,0%,1%,0%,,,,
475.mp4,9,0,6,152,38,3,127,72,335,21%,0%,6%,35%,1%,,,,
476.mp4,1,0,19,109,131,14,35,54,309,17%,6%,8%,7%,9%,,,,
477.mp4,60,0,1,259,114,20,2,171,456,38%,1%,0%,0%,13%,,,,
478.mp4,36,0,67,3,148,499,0,161,753,21%,0%,0%,0%,0%,,,,
479.mp4,3,0,53,335,30,0,67,105,488,22%,0%,8%,10%,16%,,,,
480.mp4,0,0,13,0,46,1,64,40,124,32%,1%,47%,19%,45%,,,,
481.mp4,135,8,21,48,170,20,71,218,473,46%,12%,0%,5%,2%,,,,
482.mp4,16,0,105,57,75,70,17,98,340,29%,0%,0%,9%,2%,,,,
483.mp4,2,0,51,17,237,82,62,242,451,54%,8%,17%,39%,8%,,,,
484.mp4,123,0,16,29,131,20,0,65,319,20%,0%,0%,1%,0%,,,,
485.mp4,48,5,92,363,293,11,3,239,815,29%,0%,0%,15%,0%,,,,
486.mp4,7,0,26,0,84,338,116,190,571,33%,2%,6%,47%,1%,,,,
487.mp4,22,0,38,0,211,0,48,76,319,24%,8%,0%,53%,3%,,,,
488.mp4,2,0,2,112,401,1,0,32,518,6%,0%,0%,0%,0%,,,,
489.mp4,78,0,3,28,388,50,59,162,606,27%,12%,1%,4%,8%,,,,
490.mp4,72,34,33,72,285,137,5,209,638,33%,0%,3%,2%,4%,,,,
491.mp4,7,0,10,33,232,112,38,119,432,28%,5%,1%,11%,5%,,,,
492.mp4,113,0,2,14,206,7,6,136,348,39%,1%,0%,1%,1%,,,,
493.mp4,4,1,9,55,173,42,39,86,323,27%,0%,8%,8%,25%,,,,
494.mp4,389,0,9,75,189,125,0,203,787,26%,0%,0%,0%,0%,,,,
495.mp4,168,0,71,1,267,61,0,180,568,32%,0%,0%,0%,0%,,,,
496.mp4,915,2,120,0,328,402,38,725,1805,40%,3%,0%,3%,1%,,,,
497.mp4,34,0,29,220,248,13,63,185,607,30%,0%,4%,1%,2%,,,,
498.mp4,32,0,8,2,68,208,0,105,318,33%,0%,0%,1%,0%,,,,
499.mp4,2,0,12,42,453,0,5,35,514,7%,0%,3%,7%,0%,,,,
500.mp4,15,1,36,140,88,12,2,67,294,23%,0%,0%,0%,2%,,,,
501.mp4,1,0,0,0,520,0,1,4,522,1%,6%,0%,17%,0%,,,,
502.mp4,16,2,49,0,197,63,0,73,327,22%,0%,0%,0%,0%,,,,
503.mp4,9,0,5,10,641,18,0,57,683,8%,0%,0%,31%,0%,,,,
504.mp4,137,0,4,1,112,84,11,131,349,38%,0%,0%,0%,1%,,,,
505.mp4,3,0,4,20,437,13,66,46,543,8%,0%,0%,4%,4%,,,,
506.mp4,8,3,15,229,324,15,74,157,668,24%,1%,3%,1%,22%,,,,
507.mp4,33,0,29,177,195,20,14,138,468,29%,0%,0%,12%,0%,,,,
508.mp4,1,0,178,97,126,2,199,183,603,30%,0%,61%,2%,42%,,,,
509.mp4,146,0,18,82,226,25,33,147,530,28%,0%,0%,0%,2%,,,,
510.mp4,294,0,70,0,25,225,2,471,616,76%,0%,0%,0%,0%,,,,
511.mp4,82,0,56,0,401,52,77,307,668,46%,0%,3%,0%,8%,,,,
512.mp4,78,31,1,94,241,292,8,187,745,25%,0%,0%,0%,2%,,,,
513.mp4,43,0,2,0,400,28,0,100,473,21%,1%,0%,22%,0%,,,,
514.mp4,36,0,76,0,247,2,0,99,361,27%,0%,0%,2%,0%,,,,
515.mp4,280,1,9,116,309,51,0,198,766,26%,0%,0%,1%,0%,,,,
516.mp4,2,0,76,2,258,0,0,125,338,37%,0%,0%,1%,0%,,,,
517.mp4,1,0,108,55,129,100,49,230,442,52%,19%,1%,13%,0%,,,,
518.mp4,0,0,55,28,138,71,1,66,293,23%,0%,0%,0%,1%,,,,
519.mp4,0,0,11,6,695,46,0,52,758,7%,0%,0%,0%,0%,,,,
520.mp4,84,63,12,12,96,76,13,153,356,43%,4%,2%,13%,0%,,,,
521.mp4,0,0,4,0,44,0,13,14,61,23%,0%,23%,7%,24%,,,,
522.mp4,218,15,259,0,505,415,50,1097,1462,75%,0%,1%,2%,4%,,,,
523.mp4,3,0,140,10,70,148,11,146,382,38%,0%,0%,5%,0%,,,,
524.mp4,0,0,91,3,84,325,24,125,527,24%,0%,4%,5%,5%,,,,
525.mp4,52,0,181,0,132,152,0,193,517,37%,0%,0%,0%,0%,,,,
526.mp4,25,0,100,371,538,180,4,814,1218,67%,3%,0%,6%,0%,,,,
527.mp4,78,30,4,42,100,88,6,116,348,33%,0%,0%,3%,0%,,,,
528.mp4,0,0,1,105,275,0,0,48,381,13%,1%,0%,0%,0%,,,,
529.mp4,58,28,23,180,37,5,7,106,338,31%,0%,0%,0%,1%,,,,
530.mp4,12,0,577,0,111,13,6,146,719,20%,0%,5%,0%,0%,,,,
531.mp4,2,0,13,2,30,243,0,50,290,17%,23%,0%,6%,0%,,,,
532.mp4,5,0,26,76,146,15,142,142,410,35%,22%,30%,33%,45%,,,,
533.mp4,0,0,10,0,507,0,41,41,558,7%,1%,0%,17%,1%,,,,
534.mp4,0,0,36,180,161,7,4,107,388,28%,0%,0%,1%,0%,,,,
535.mp4,13,0,22,25,394,11,202,151,667,23%,0%,23%,22%,37%,,,,
536.mp4,11,0,37,223,74,18,231,148,594,25%,0%,20%,9%,24%,,,,
537.mp4,6,0,5,253,6,121,0,59,391,15%,1%,0%,0%,0%,,,,
538.mp4,7,0,7,0,581,0,1,17,596,3%,0%,0%,0%,1%,,,,
539.mp4,8,0,1,38,160,104,2,50,313,16%,16%,0%,0%,1%,,,,
540.mp4,6,0,21,40,787,29,74,139,957,15%,27%,5%,26%,11%,,,,
541.mp4,10,0,2,12,347,19,0,33,390,8%,4%,0%,1%,0%,,,,
542.mp4,0,0,59,31,215,6,69,143,380,38%,0%,9%,0%,12%,,,,
543.mp4,14,5,1,2,384,154,0,135,560,24%,0%,0%,3%,0%,,,,
544.mp4,242,1,20,151,352,8,24,640,798,80%,1%,3%,5%,3%,,,,
545.mp4,13,0,2,0,266,129,29,64,439,15%,0%,2%,2%,0%,,,,
546.mp4,89,0,19,12,554,40,0,108,714,15%,0%,0%,0%,0%,,,,
547.mp4,21,0,125,26,354,19,8,264,553,48%,0%,1%,1%,2%,,,,
548.mp4,53,77,789,173,37,9,7,697,1145,61%,0%,0%,0%,0%,,,,
549.mp4,18,11,26,259,250,12,49,119,625,19%,0%,0%,0%,8%,,,,
550.mp4,0,0,271,1,72,5,95,85,444,19%,4%,12%,0%,27%,,,,
551.mp4,109,16,10,8,215,311,70,258,739,35%,0%,0%,5%,0%,,,,
552.mp4,281,0,1,0,0,5,0,12,287,4%,0%,0%,0%,0%,,,,
553.mp4,38,0,3,13,299,8,0,54,361,15%,0%,0%,0%,0%,,,,
554.mp4,22,7,58,27,688,78,16,271,896,30%,2%,0%,6%,0%,,,,
555.mp4,1,0,1,321,173,83,0,85,579,15%,0%,0%,0%,1%,,,,
556.mp4,73,18,21,1,243,14,2,115,372,31%,1%,0%,2%,1%,,,,
557.mp4,302,0,47,19,123,39,0,179,530,34%,0%,0%,2%,0%,,,,
558.mp4,87,0,133,39,199,17,63,231,538,43%,1%,1%,7%,1%,,,,
559.mp4,12,0,113,56,34,31,10,96,256,38%,0%,4%,0%,1%,,,,
560.mp4,0,0,0,42,295,12,0,29,349,8%,0%,0%,0%,1%,,,,
561.mp4,3,2,36,89,242,23,23,116,418,28%,0%,0%,3%,1%,,,,
562.mp4,327,0,113,104,18,68,15,391,645,61%,5%,0%,3%,0%,,,,
563.mp4,42,21,33,166,64,37,27,104,390,27%,0%,1%,1%,2%,,,,
564.mp4,621,0,6,0,11,2,17,31,657,5%,1%,0%,19%,0%,,,,
565.mp4,66,0,66,1,3,286,8,129,430,30%,0%,0%,16%,0%,,,,
566.mp4,82,5,932,332,1047,390,10,2144,2798,77%,0%,1%,1%,0%,,,,
567.mp4,4,0,107,18,164,47,0,136,340,40%,0%,0%,6%,0%,,,,
568.mp4,19,0,0,0,549,1,1,26,570,5%,0%,0%,0%,0%,,,,
569.mp4,76,0,117,41,93,14,14,152,355,43%,0%,0%,0%,2%,,,,
570.mp4,8,0,52,285,22,40,22,105,429,24%,34%,5%,6%,1%,,,,
571.mp4,19,7,65,40,436,401,13,671,981,68%,0%,0%,0%,0%,,,,
572.mp4,51,0,1,203,19,28,57,124,359,35%,0%,11%,7%,16%,,,,
573.mp4,0,0,17,92,256,187,61,171,613,28%,9%,37%,14%,17%,,,,
574.mp4,17,1,15,6,366,21,0,69,426,16%,0%,0%,0%,0%,,,,
575.mp4,86,4,34,207,116,6,103,205,556,37%,0%,3%,1%,4%,,,,
576.mp4,0,0,0,0,460,1,0,2,461,0%,0%,0%,0%,0%,,,,
577.mp4,22,0,62,206,317,38,3,553,648,85%,0%,0%,0%,0%,,,,
578.mp4,15,0,311,12,12,179,42,160,571,28%,0%,0%,8%,0%,,,,
579.mp4,31,0,26,0,314,69,41,153,481,32%,2%,0%,2%,2%,,,,
580.mp4,32,51,11,111,108,0,4,104,317,33%,1%,0%,0%,1%,,,,
581.mp4,1,0,6,11,341,5,3,27,367,7%,1%,0%,3%,0%,,,,
582.mp4,9,0,0,40,339,0,43,49,431,11%,3%,5%,1%,6%,,,,
583.mp4,26,0,12,293,153,5,5,120,494,24%,36%,4%,9%,11%,,,,
584.mp4,14,0,0,0,384,78,1,82,477,17%,0%,0%,72%,0%,,,,
585.mp4,24,0,16,5,338,3,1,68,387,18%,2%,1%,1%,1%,,,,
586.mp4,7,0,20,81,289,14,29,161,440,37%,2%,1%,7%,1%,,,,
587.mp4,11,0,10,0,604,1,0,27,626,4%,5%,0%,0%,0%,,,,
588.mp4,0,0,44,107,66,317,10,144,544,26%,0%,1%,0%,2%,,,,
589.mp4,340,14,31,14,64,223,0,204,686,30%,0%,0%,0%,0%,,,,
590.mp4,130,101,16,115,237,9,15,234,623,38%,2%,0%,4%,0%,,,,
591.mp4,1,0,1,95,391,159,8,281,655,43%,9%,1%,1%,1%,,,,
592.mp4,129,62,22,25,10,106,16,111,370,30%,0%,1%,36%,2%,,,,
593.mp4,1,0,174,112,118,99,29,151,533,28%,3%,0%,0%,0%,,,,
594.mp4,170,0,0,3,194,218,1,413,586,70%,0%,0%,0%,0%,,,,
595.mp4,1,0,40,61,384,73,7,107,566,19%,4%,1%,2%,0%,,,,
596.mp4,28,0,11,5,360,21,132,119,557,21%,4%,8%,6%,9%,,,,
597.mp4,3,0,10,9,270,0,5,16,297,5%,0%,2%,2%,0%,,,,
598.mp4,32,0,65,68,236,164,121,204,686,30%,6%,6%,26%,21%,,,,
599.mp4,22,4,74,178,84,62,6,176,430,41%,0%,0%,1%,1%,,,,
600.mp4,3,0,0,7,377,1,0,11,388,3%,15%,0%,0%,0%,,,,
601.mp4,8,0,22,7,277,44,6,83,364,23%,0%,0%,2%,0%,,,,
602.mp4,15,13,64,281,544,5,110,565,1032,55%,0%,2%,1%,3%,,,,
603.mp4,4,0,3,10,291,2,0,34,310,11%,27%,0%,0%,0%,,,,
604.mp4,20,0,119,453,278,19,15,262,904,29%,0%,0%,2%,0%,,,,
605.mp4,9,0,509,15,9,113,9,156,664,23%,0%,1%,0%,0%,,,,
606.mp4,3,0,14,0,355,1,14,42,387,11%,41%,1%,0%,0%,,,,
607.mp4,1,0,1,5,63,151,100,90,321,28%,0%,44%,67%,53%,,,,
608.mp4,972,1,139,5,67,79,0,280,1263,22%,0%,0%,0%,0%,,,,
609.mp4,13,0,119,12,360,9,17,164,530,31%,2%,3%,13%,0%,,,,
610.mp4,0,0,4,184,133,2,72,101,395,26%,0%,10%,0%,14%,,,,
611.mp4,4,0,0,6,620,0,0,16,630,3%,0%,0%,2%,0%,,,,
612.mp4,63,0,34,6,22,278,28,163,431,38%,0%,2%,10%,1%,,,,
613.mp4,35,0,34,4,218,221,0,190,512,37%,0%,0%,0%,0%,,,,
614.mp4,10,1,82,4,428,8,5,109,538,20%,0%,0%,1%,1%,,,,
615.mp4,0,0,47,20,311,30,34,103,442,23%,0%,8%,19%,4%,,,,
616.mp4,531,0,52,0,69,0,11,118,663,18%,0%,0%,0%,0%,,,,
617.mp4,2,0,0,6,305,2,1,22,316,7%,1%,0%,0%,0%,,,,
618.mp4,16,0,5,12,342,6,17,57,398,14%,0%,4%,3%,0%,,,,
619.mp4,216,0,14,10,47,13,5,45,305,15%,0%,0%,2%,0%,,,,
620.mp4,226,0,104,0,405,11,0,296,746,40%,0%,0%,0%,0%,,,,
621.mp4,47,0,4,0,319,0,0,33,370,9%,0%,0%,0%,0%,,,,
622.mp4,34,15,142,2,127,36,22,165,378,44%,1%,1%,20%,0%,,,,
623.mp4,4,0,54,0,78,151,51,172,338,51%,0%,11%,66%,10%,,,,
624.mp4,13,0,50,59,288,17,24,220,451,49%,0%,1%,6%,6%,,,,
625.mp4,4,5,144,2,86,7,85,93,333,28%,0%,10%,5%,19%,,,,
626.mp4,21,0,434,26,439,62,44,368,1026,36%,0%,4%,5%,2%,,,,
627.mp4,16,0,59,10,254,35,0,78,374,21%,0%,0%,8%,0%,,,,
628.mp4,0,0,1,10,884,0,0,10,895,1%,0%,0%,0%,0%,,,,
629.mp4,2,10,39,668,176,53,41,202,989,20%,1%,2%,1%,9%,,,,
630.mp4,1,0,5,0,391,23,3,41,423,10%,32%,0%,0%,0%,,,,
631.mp4,18,0,113,146,87,60,0,104,424,25%,7%,0%,0%,0%,,,,
632.mp4,8,1,33,65,311,11,0,107,429,25%,0%,0%,0%,0%,,,,
633.mp4,71,0,71,8,50,129,82,151,411,37%,14%,20%,28%,2%,,,,
634.mp4,146,0,79,11,67,2,42,122,347,35%,0%,9%,3%,14%,,,,
635.mp4,1,0,30,3,680,77,5,144,796,18%,27%,0%,82%,0%,,,,
636.mp4,45,0,62,107,141,178,91,505,624,81%,8%,11%,4%,16%,,,,
637.mp4,5,12,71,194,169,59,0,89,510,17%,0%,0%,0%,2%,,,,
638.mp4,49,0,567,2,134,25,14,232,791,29%,0%,1%,9%,1%,,,,
639.mp4,212,0,41,116,218,1,70,213,658,32%,0%,1%,0%,2%,,,,
640.mp4,33,0,91,39,59,2,23,138,247,56%,0%,6%,2%,10%,,,,
641.mp4,7,5,47,192,54,24,34,91,363,25%,2%,0%,17%,0%,,,,
642.mp4,89,0,83,1,365,46,5,153,589,26%,0%,0%,0%,0%,,,,
643.mp4,34,0,126,100,70,31,11,121,372,33%,0%,4%,2%,11%,,,,
644.mp4,1,1,8,42,291,18,48,88,409,22%,2%,15%,11%,44%,,,,
645.mp4,55,10,96,103,208,109,91,387,672,58%,1%,6%,16%,10%,,,,
646.mp4,0,0,8,23,8,360,0,41,399,10%,0%,0%,10%,0%,,,,
647.mp4,301,12,23,88,221,31,49,215,725,30%,0%,19%,2%,28%,,,,
648.mp4,42,6,47,21,317,36,3,132,472,28%,0%,0%,1%,0%,,,,
649.mp4,17,14,116,304,635,3,7,390,1096,36%,0%,0%,1%,0%,,,,
650.mp4,0,0,7,8,677,0,1,18,693,3%,27%,0%,3%,0%,,,,
651.mp4,107,2,84,66,75,40,6,152,380,40%,0%,4%,0%,4%,,,,
652.mp4,0,0,182,12,312,78,45,416,629,66%,0%,2%,6%,2%,,,,
653.mp4,2,0,0,13,691,0,0,18,706,3%,1%,0%,0%,0%,,,,
654.mp4,17,0,14,18,280,81,0,61,410,15%,0%,0%,0%,0%,,,,
655.mp4,97,0,190,5,327,59,8,194,686,28%,0%,1%,1%,1%,,,,
656.mp4,0,0,0,0,497,0,8,4,505,1%,0%,0%,0%,0%,,,,
657.mp4,26,4,50,0,349,108,12,160,549,29%,3%,0%,1%,0%,,,,
658.mp4,1,0,0,5,398,0,0,12,404,3%,0%,0%,0%,0%,,,,
659.mp4,29,0,276,39,327,300,30,264,1001,26%,3%,8%,19%,19%,,,,
660.mp4,6,3,68,186,46,6,6,83,321,26%,11%,4%,2%,1%,,,,
661.mp4,1,0,43,171,288,20,0,102,523,20%,0%,0%,0%,0%,,,,
662.mp4,0,0,0,12,463,14,5,33,494,7%,0%,0%,0%,8%,,,,
663.mp4,51,0,1,0,161,103,0,58,316,18%,0%,0%,1%,0%,,,,
664.mp4,40,1,141,115,27,17,1,149,342,44%,0%,0%,0%,0%,,,,
665.mp4,0,0,89,0,169,61,5,106,324,33%,2%,0%,21%,0%,,,,
666.mp4,56,0,0,52,272,2,1,57,383,15%,0%,0%,17%,0%,,,,
667.mp4,29,0,257,241,25,425,8,848,985,86%,0%,0%,1%,0%,,,,
668.mp4,6,0,152,0,55,174,11,131,398,33%,0%,0%,2%,0%,,,,
669.mp4,6,0,283,0,174,0,25,159,488,33%,4%,1%,0%,0%,,,,
670.mp4,85,1,47,0,337,8,5,109,483,23%,0%,0%,0%,0%,,,,
671.mp4,7,0,7,167,49,2,115,89,347,26%,0%,9%,7%,10%,,,,
672.mp4,71,15,115,7,288,30,17,145,543,27%,0%,1%,0%,13%,,,,
673.mp4,7,0,63,48,927,2,137,476,1184,40%,0%,6%,1%,4%,,,,
674.mp4,8,0,27,116,169,9,40,103,369,28%,0%,1%,0%,6%,,,,
675.mp4,82,2,183,0,3,149,2,137,421,33%,0%,0%,2%,0%,,,,
676.mp4,1,0,18,444,44,25,0,74,532,14%,0%,0%,0%,0%,,,,
677.mp4,3,4,0,144,127,6,30,44,314,14%,1%,12%,3%,17%,,,,
678.mp4,4,0,17,49,315,10,31,66,426,15%,12%,2%,6%,6%,,,,
679.mp4,21,1,4,0,281,109,0,101,416,24%,0%,0%,0%,0%,,,,
680.mp4,137,0,1,1,179,9,15,79,342,23%,1%,2%,1%,1%,,,,
681.mp4,0,0,15,50,765,10,0,53,840,6%,0%,0%,0%,0%,,,,
682.mp4,689,0,26,9,169,32,95,326,1020,32%,1%,5%,0%,19%,,,,
683.mp4,0,2,6,147,137,0,3,75,295,25%,0%,0%,1%,0%,,,,
684.mp4,0,0,89,3,298,93,20,135,503,27%,0%,2%,4%,2%,,,,
685.mp4,375,0,1,63,63,16,0,107,518,21%,0%,0%,1%,0%,,,,
686.mp4,27,8,84,65,87,14,31,114,316,36%,0%,2%,0%,2%,,,,
687.mp4,11,0,18,68,295,63,14,93,469,20%,2%,6%,0%,9%,,,,
688.mp4,51,0,137,256,207,1,51,371,703,53%,2%,6%,1%,9%,,,,
689.mp4,0,0,43,37,340,14,8,80,442,18%,0%,1%,7%,0%,,,,
690.mp4,166,0,1,0,4,188,12,136,371,37%,0%,2%,9%,1%,,,,
691.mp4,294,186,19,13,61,2,13,211,588,36%,0%,1%,0%,1%,,,,
692.mp4,5,3,70,5,60,429,4,222,576,39%,17%,1%,26%,1%,,,,
693.mp4,153,0,30,13,255,5,139,195,595,33%,0%,22%,30%,25%,,,,
694.mp4,38,0,4,0,33,227,1,66,303,22%,0%,0%,0%,0%,,,,
695.mp4,0,0,33,59,38,171,0,67,301,22%,7%,1%,5%,4%,,,,
696.mp4,0,2,9,0,370,14,11,46,406,11%,6%,4%,11%,3%,,,,
697.mp4,0,0,1,305,155,1,3,56,465,12%,0%,29%,2%,12%,,,,
698.mp4,1,0,68,1,209,5,21,85,305,28%,3%,0%,4%,1%,,,,
699.mp4,31,0,66,3,354,40,31,160,525,30%,0%,2%,18%,1%,,,,
700.mp4,3,66,122,60,39,22,20,129,332,39%,0%,0%,8%,1%,,,,
701.mp4,47,1,246,4,335,4,4,512,641,80%,0%,1%,0%,0%,,,,
702.mp4,215,0,51,16,294,63,18,256,657,39%,8%,2%,1%,4%,,,,
703.mp4,0,0,17,132,218,3,19,85,389,22%,0%,18%,0%,10%,,,,
704.mp4,12,0,36,187,34,153,22,109,444,25%,0%,0%,6%,2%,,,,
705.mp4,86,0,30,0,11,342,26,126,495,25%,0%,2%,4%,1%,,,,
706.mp4,2,0,4,122,194,0,6,55,328,17%,7%,8%,1%,2%,,,,
707.mp4,25,2,51,156,863,18,0,252,1115,23%,0%,0%,0%,0%,,,,
708.mp4,40,2,58,100,284,10,67,182,561,32%,42%,9%,5%,13%,,,,
709.mp4,7,2,23,63,141,89,0,94,325,29%,0%,0%,0%,0%,,,,
710.mp4,0,0,6,0,361,11,0,13,378,3%,0%,0%,1%,0%,,,,
711.mp4,31,0,17,2,263,5,0,74,318,23%,0%,0%,2%,0%,,,,
712.mp4,17,2,171,53,245,45,46,251,579,43%,0%,0%,0%,7%,,,,
713.mp4,7,12,54,285,145,4,17,152,524,29%,1%,0%,1%,0%,,,,
714.mp4,255,17,35,58,360,12,52,460,789,58%,0%,0%,15%,5%,,,,
715.mp4,20,1,94,20,504,210,7,218,856,25%,7%,0%,0%,0%,,,,
716.mp4,340,0,154,2,26,160,0,234,682,34%,10%,0%,1%,0%,,,,
717.mp4,4,0,3,31,315,19,2,28,374,7%,2%,0%,4%,0%,,,,
718.mp4,27,14,231,112,339,8,8,354,739,48%,0%,0%,0%,0%,,,,
719.mp4,32,0,0,5,356,1,8,53,402,13%,0%,2%,0%,1%,,,,
720.mp4,16,0,32,146,143,140,35,130,512,25%,0%,0%,17%,0%,,,,
721.mp4,259,0,34,15,242,15,7,160,572,28%,0%,0%,2%,0%,,,,
722.mp4,2,0,142,24,61,120,10,138,359,38%,6%,9%,11%,13%,,,,
723.mp4,1,0,0,0,719,0,11,20,731,3%,0%,2%,2%,0%,,,,
724.mp4,0,0,9,143,334,40,74,107,600,18%,0%,3%,0%,10%,,,,
725.mp4,4,0,42,1,588,12,62,108,709,15%,0%,0%,40%,2%,,,,
726.mp4,26,0,5,123,206,14,36,113,410,28%,0%,1%,16%,4%,,,,
727.mp4,6,6,138,60,363,7,1,169,581,29%,0%,0%,0%,0%,,,,
728.mp4,11,34,38,138,240,262,1,349,724,48%,0%,0%,2%,0%,,,,
729.mp4,453,0,9,13,124,37,0,110,636,17%,0%,0%,0%,1%,,,,
730.mp4,529,0,109,62,0,19,0,91,719,13%,5%,0%,0%,0%,,,,
731.mp4,58,2,166,0,394,229,82,377,931,40%,2%,1%,13%,1%,,,,
732.mp4,14,0,26,52,237,78,0,128,407,31%,0%,0%,1%,0%,,,,
733.mp4,8,0,0,28,482,0,0,20,518,4%,3%,0%,6%,0%,,,,
734.mp4,42,0,39,0,877,126,12,171,1096,16%,22%,0%,0%,0%,,,,
735.mp4,30,0,18,107,634,66,23,227,878,26%,0%,0%,5%,0%,,,,
736.mp4,78,0,223,2,89,343,8,509,743,69%,2%,1%,2%,1%,,,,
737.mp4,1,0,1,1,368,0,0,6,371,2%,0%,0%,0%,0%,,,,
738.mp4,4,0,21,202,117,4,51,96,399,24%,0%,6%,4%,15%,,,,
739.mp4,1,0,24,98,163,0,18,56,304,18%,0%,0%,1%,9%,,,,
740.mp4,4,4,1,216,75,38,1,62,339,18%,0%,0%,3%,0%,,,,
741.mp4,185,0,123,0,3,33,26,84,370,23%,0%,18%,5%,6%,,,,
742.mp4,79,0,4,74,429,31,6,132,623,21%,48%,1%,0%,3%,,,,
743.mp4,41,5,81,7,56,157,7,150,354,42%,1%,6%,8%,2%,,,,
744.mp4,0,0,0,0,293,0,0,0,293,0%,4%,0%,2%,0%,,,,
745.mp4,1,0,46,43,401,101,0,108,592,18%,0%,0%,1%,0%,,,,
746.mp4,301,0,266,4,71,80,21,518,743,70%,0%,0%,1%,2%,,,,
747.mp4,11,0,0,0,445,9,5,36,470,8%,0%,0%,0%,0%,,,,
748.mp4,27,0,12,47,153,47,12,114,298,38%,34%,0%,23%,1%,,,,
749.mp4,492,0,4,0,232,60,139,332,927,36%,11%,0%,7%,21%,,,,
750.mp4,9,20,23,108,226,41,23,154,450,34%,0%,5%,2%,6%,,,,
751.mp4,0,0,26,71,81,16,0,34,194,18%,0%,0%,7%,1%,,,,
752.mp4,325,0,17,61,587,7,19,199,1016,20%,0%,0%,0%,0%,,,,
753.mp4,50,4,34,151,285,21,10,160,555,29%,0%,0%,0%,0%,,,,
754.mp4,65,125,35,0,16,1,165,148,407,36%,0%,19%,0%,26%,,,,
755.mp4,325,1,47,2,59,1,0,100,435,23%,0%,0%,2%,0%,,,,
756.mp4,1,0,4,178,294,1,93,98,571,17%,0%,2%,0%,16%,,,,
757.mp4,11,0,84,18,31,245,63,160,452,35%,0%,1%,27%,0%,,,,
758.mp4,0,0,2,17,307,46,0,40,372,11%,0%,0%,12%,0%,,,,
759.mp4,8,7,6,71,733,16,4,221,845,26%,1%,0%,0%,0%,,,,
760.mp4,129,0,52,188,78,60,22,375,529,71%,0%,0%,1%,1%,,,,
761.mp4,0,0,60,29,176,19,59,92,343,27%,3%,16%,11%,14%,,,,
762.mp4,16,0,140,22,181,14,43,131,416,31%,0%,23%,0%,32%,,,,
763.mp4,5,0,15,333,239,9,103,198,704,28%,0%,26%,0%,35%,,,,
764.mp4,212,0,50,2,300,46,71,559,681,82%,10%,10%,9%,11%,,,,
765.mp4,353,0,10,27,230,338,133,1049,1091,96%,0%,10%,25%,19%,,,,
766.mp4,23,0,10,2,827,8,29,90,899,10%,0%,0%,2%,0%,,,,
767.mp4,0,0,0,4,379,24,0,33,407,8%,0%,0%,0%,0%,,,,
768.mp4,311,3,0,0,16,0,0,28,330,8%,4%,0%,0%,0%,,,,
769.mp4,143,1,21,6,164,102,53,165,490,34%,0%,15%,3%,16%,,,,
770.mp4,100,1,51,155,259,91,2,218,659,33%,0%,0%,1%,0%,,,,
771.mp4,40,0,46,0,400,3,145,120,634,19%,3%,0%,37%,5%,,,,
772.mp4,0,4,44,71,43,20,91,112,273,41%,5%,27%,25%,17%,,,,
773.mp4,0,0,5,15,524,35,0,33,579,6%,0%,0%,0%,0%,,,,
774.mp4,25,0,64,0,204,11,9,83,313,27%,0%,4%,0%,1%,,,,
775.mp4,14,0,5,0,509,1,30,53,559,9%,0%,0%,9%,3%,,,,
776.mp4,35,0,108,166,11,28,19,127,367,35%,0%,1%,3%,1%,,,,
777.mp4,0,0,69,0,153,103,0,72,325,22%,0%,0%,0%,0%,,,,
778.mp4,21,2,159,8,129,3,6,98,328,30%,52%,4%,1%,4%,,,,
779.mp4,228,39,13,0,0,64,3,134,347,39%,0%,1%,0%,0%,,,,
780.mp4,19,0,64,0,197,0,131,121,411,29%,0%,19%,22%,18%,,,,
781.mp4,0,3,13,0,222,232,5,121,475,25%,0%,0%,2%,0%,,,,
782.mp4,2,0,29,0,543,5,3,66,582,11%,0%,0%,0%,1%,,,,
783.mp4,142,231,180,16,8,7,10,388,594,65%,19%,0%,0%,0%,,,,
784.mp4,4,0,22,34,566,348,28,791,1002,79%,5%,2%,6%,1%,,,,
785.mp4,1,0,27,15,343,21,13,89,420,21%,0%,1%,1%,1%,,,,
786.mp4,5,0,132,246,136,51,14,263,584,45%,0%,1%,1%,1%,,,,
787.mp4,92,0,98,1,127,201,32,262,551,48%,0%,0%,12%,0%,,,,
788.mp4,34,1,373,8,7,31,25,107,479,22%,0%,1%,1%,0%,,,,
789.mp4,1,9,51,297,208,7,0,102,573,18%,0%,0%,1%,0%,,,,
790.mp4,3,0,374,5,94,274,0,184,750,25%,0%,0%,0%,0%,,,,
791.mp4,53,0,13,4,157,86,4,85,317,27%,0%,0%,1%,0%,,,,
792.mp4,79,0,17,24,260,1,4,77,385,20%,27%,2%,1%,0%,,,,
793.mp4,4,0,213,14,325,19,15,160,590,27%,0%,0%,0%,0%,,,,
794.mp4,62,0,59,74,910,195,0,592,1300,46%,0%,0%,0%,0%,,,,
795.mp4,0,0,85,23,183,217,41,175,549,32%,5%,1%,12%,1%,,,,
796.mp4,23,11,213,101,536,222,32,473,1138,42%,2%,2%,2%,2%,,,,
797.mp4,1,0,0,0,403,34,0,43,438,10%,1%,0%,0%,0%,,,,
798.mp4,13,2,4,59,233,23,34,80,368,22%,0%,38%,8%,14%,,,,
799.mp4,35,0,86,7,186,1053,1,402,1368,29%,0%,0%,0%,0%,,,,
800.mp4,55,0,26,7,202,21,27,88,338,26%,1%,14%,5%,12%,,,,
801.mp4,337,0,10,396,47,13,0,691,803,86%,0%,0%,0%,0%,,,,
802.mp4,2,0,2,0,265,0,82,65,351,19%,49%,6%,51%,28%,,,,
803.mp4,3,0,88,132,64,1,3,90,291,31%,9%,0%,1%,0%,,,,
804.mp4,44,4,63,148,94,20,0,125,373,34%,0%,0%,1%,0%,,,,
805.mp4,6,0,1,0,120,30,4,25,161,16%,62%,0%,0%,1%,,,,
806.mp4,88,0,4,0,77,121,11,98,301,33%,0%,2%,2%,2%,,,,
807.mp4,162,2,9,24,60,500,3,260,760,34%,0%,0%,9%,0%,,,,
808.mp4,0,0,58,105,11,70,0,93,244,38%,0%,0%,2%,0%,,,,
809.mp4,2,0,0,0,201,76,0,57,279,20%,0%,0%,0%,0%,,,,
810.mp4,30,33,84,263,563,87,7,280,1067,26%,0%,0%,0%,2%,,,,
811.mp4,110,0,33,0,13,368,0,148,524,28%,0%,0%,0%,0%,,,,
812.mp4,88,0,5,54,496,101,0,385,744,52%,0%,0%,0%,0%,,,,
813.mp4,41,0,24,23,190,37,60,135,375,36%,33%,16%,5%,16%,,,,
814.mp4,13,5,8,210,250,15,43,97,544,18%,0%,0%,3%,2%,,,,
815.mp4,114,11,20,50,102,129,33,189,459,41%,0%,2%,0%,4%,,,,
816.mp4,2,0,0,84,301,1,26,53,414,13%,31%,1%,2%,17%,,,,
817.mp4,0,4,13,202,66,275,2,280,562,50%,7%,1%,2%,0%,,,,
818.mp4,273,1,431,26,281,3,22,911,1037,88%,0%,0%,0%,0%,,,,
819.mp4,102,0,40,169,523,249,5,464,1088,43%,11%,0%,0%,0%,,,,
820.mp4,196,1,243,16,41,174,0,258,671,38%,25%,0%,9%,0%,,,,
821.mp4,243,5,19,56,74,0,9,129,406,32%,0%,0%,1%,2%,,,,
822.mp4,27,0,8,1,139,122,11,93,308,30%,0%,1%,5%,1%,,,,
823.mp4,190,0,278,4,377,160,0,701,1009,69%,0%,0%,0%,0%,,,,
824.mp4,31,2,70,847,453,5,40,1031,1448,71%,1%,2%,0%,2%,,,,
825.mp4,21,11,1,16,485,5,8,66,547,12%,0%,0%,4%,0%,,,,
826.mp4,0,0,81,1,0,59,0,42,141,30%,0%,0%,1%,0%,,,,
827.mp4,5,0,16,1,24,85,182,96,313,31%,0%,61%,59%,39%,,,,
828.mp4,96,0,12,1,134,77,0,65,320,20%,13%,0%,0%,0%,,,,
829.mp4,37,9,24,30,626,87,14,147,827,18%,0%,0%,0%,0%,,,,
830.mp4,40,0,148,369,227,425,15,937,1224,77%,0%,0%,1%,0%,,,,
831.mp4,4,0,21,28,241,48,4,88,346,25%,9%,0%,20%,0%,,,,
832.mp4,0,0,1,68,486,131,0,293,686,43%,1%,0%,2%,0%,,,,
833.mp4,48,0,47,16,440,21,68,204,640,32%,0%,0%,10%,1%,,,,
834.mp4,0,0,0,3,300,0,0,4,303,1%,0%,0%,0%,0%,,,,
835.mp4,2,0,175,21,365,4,4,273,571,48%,1%,0%,1%,0%,,,,
836.mp4,1,0,1,19,276,40,0,49,337,15%,0%,0%,0%,0%,,,,
837.mp4,26,0,18,27,152,113,108,178,444,40%,0%,1%,9%,2%,,,,
838.mp4,282,1,7,20,43,101,3,166,457,36%,0%,0%,2%,0%,,,,
839.mp4,81,0,0,0,73,222,9,99,385,26%,0%,4%,2%,6%,,,,
840.mp4,69,1,36,3,608,62,61,186,840,22%,4%,1%,10%,4%,,,,
841.mp4,275,0,1,0,81,162,0,171,519,33%,6%,0%,53%,0%,,,,
842.mp4,1,0,18,1,2,3,8,16,33,48%,0%,14%,0%,0%,,,,
843.mp4,3,0,127,0,8,176,0,47,314,15%,0%,0%,0%,0%,,,,
844.mp4,99,79,86,8,12,540,28,251,852,29%,0%,0%,1%,0%,,,,
845.mp4,171,1,152,28,30,26,9,204,417,49%,0%,1%,0%,1%,,,,
846.mp4,2,0,1,0,299,51,0,25,353,7%,0%,0%,5%,0%,,,,
847.mp4,17,0,33,3,205,16,29,66,303,22%,2%,1%,23%,1%,,,,
848.mp4,254,0,73,39,21,15,1,162,403,40%,0%,0%,0%,0%,,,,
849.mp4,76,8,2,0,230,6,0,97,322,30%,0%,0%,0%,0%,,,,
850.mp4,16,22,156,79,130,201,1,182,605,30%,0%,1%,0%,0%,,,,
851.mp4,30,0,110,0,511,100,42,223,793,28%,1%,0%,0%,0%,,,,
852.mp4,16,0,17,0,280,114,0,106,427,25%,0%,0%,16%,0%,,,,
853.mp4,34,0,24,339,151,19,50,116,617,19%,0%,0%,5%,5%,,,,
854.mp4,33,0,29,8,130,18,0,79,218,36%,0%,0%,0%,0%,,,,
855.mp4,30,0,21,5,417,284,24,328,781,42%,0%,1%,1%,1%,,,,
856.mp4,4,0,5,1,1092,1,1,12,1104,1%,0%,0%,0%,0%,,,,
857.mp4,470,0,0,8,5,4,1,23,488,5%,0%,0%,3%,0%,,,,
858.mp4,127,1,17,0,240,99,0,99,484,20%,0%,0%,0%,0%,,,,
859.mp4,42,0,0,163,66,60,0,99,331,30%,0%,0%,0%,0%,,,,
860.mp4,4,0,2,5,575,0,2,23,588,4%,0%,0%,4%,0%,,,,
861.mp4,282,1,0,1,282,39,3,132,608,22%,0%,0%,3%,0%,,,,
862.mp4,0,0,49,38,310,71,2,100,470,21%,0%,0%,5%,0%,,,,
863.mp4,49,1,8,48,356,51,0,112,513,22%,0%,0%,0%,0%,,,,
864.mp4,250,0,37,3,15,22,2,75,329,23%,0%,0%,0%,0%,,,,
865.mp4,8,0,0,201,61,27,49,90,346,26%,1%,5%,18%,6%,,,,
866.mp4,88,0,19,20,275,101,8,172,511,34%,0%,0%,0%,0%,,,,
867.mp4,14,2,18,487,934,6,28,163,1489,11%,10%,1%,3%,0%,,,,
868.mp4,52,0,152,34,13,42,138,129,431,30%,1%,33%,26%,35%,,,,
869.mp4,129,0,240,49,615,219,42,994,1294,77%,12%,2%,5%,6%,,,,
870.mp4,30,0,11,0,255,308,0,96,604,16%,0%,0%,0%,0%,,,,
871.mp4,6,2,17,202,125,0,0,83,352,24%,0%,0%,0%,1%,,,,
872.mp4,58,0,97,3,399,16,14,288,587,49%,0%,1%,0%,7%,,,,
873.mp4,289,0,744,42,1033,1015,84,2630,3207,82%,0%,0%,7%,0%,,,,
874.mp4,10,2,33,129,281,8,18,155,481,32%,1%,0%,1%,0%,,,,
875.mp4,30,5,188,4,40,221,8,202,496,41%,3%,0%,7%,0%,,,,
876.mp4,138,0,9,0,148,6,12,113,313,36%,0%,1%,5%,2%,,,,
877.mp4,84,0,138,1,189,176,17,275,605,45%,0%,0%,0%,2%,,,,
878.mp4,222,1,4,239,114,151,2,252,733,34%,0%,0%,0%,0%,,,,
879.mp4,4,0,224,34,189,337,17,326,805,40%,18%,18%,1%,5%,,,,
880.mp4,0,4,60,0,452,18,8,166,542,31%,0%,1%,0%,2%,,,,
881.mp4,266,0,83,0,15,274,0,209,638,33%,0%,0%,0%,0%,,,,
882.mp4,5,0,1,68,268,8,0,71,350,20%,1%,0%,0%,0%,,,,
883.mp4,1,0,0,166,267,1,0,28,435,6%,0%,0%,0%,0%,,,,
884.mp4,3,6,2,255,79,2,0,35,347,10%,0%,0%,0%,0%,,,,
885.mp4,1,0,28,0,191,103,6,109,329,33%,0%,0%,2%,0%,,,,
886.mp4,144,108,17,49,4,203,0,218,525,42%,0%,0%,0%,0%,,,,
887.mp4,192,2,12,1,1,129,0,93,337,28%,0%,0%,0%,0%,,,,
888.mp4,52,6,22,0,107,124,0,141,311,45%,0%,0%,0%,0%,,,,
889.mp4,0,0,23,21,257,200,7,343,508,68%,18%,0%,3%,0%,,,,
890.mp4,3,1,20,172,125,7,13,73,341,21%,11%,9%,10%,8%,,,,
891.mp4,16,0,5,2,84,41,0,32,148,22%,0%,0%,0%,0%,,,,
892.mp4,3,0,18,199,111,1,7,89,339,26%,1%,1%,0%,1%,,,,
893.mp4,3,0,155,69,289,23,0,161,539,30%,0%,1%,0%,4%,,,,
894.mp4,104,0,0,212,15,12,3,103,346,30%,0%,6%,0%,2%,,,,
895.mp4,21,0,18,2,231,15,5,59,292,20%,0%,0%,0%,2%,,,,
896.mp4,0,0,126,1,338,66,0,172,531,32%,0%,0%,0%,0%,,,,
897.mp4,12,0,5,32,190,6,124,147,369,40%,10%,25%,5%,34%,,,,
898.mp4,9,0,3,0,336,1,0,20,349,6%,0%,0%,0%,0%,,,,
899.mp4,3,1,149,0,397,1,12,110,563,20%,0%,0%,0%,0%,,,,
900.mp4,0,0,3,11,318,23,2,38,357,11%,0%,0%,0%,0%,,,,
901.mp4,445,0,10,0,1,65,0,54,521,10%,1%,0%,0%,0%,,,,
902.mp4,10,1,46,32,207,27,33,160,356,45%,0%,8%,9%,11%,,,,
903.mp4,111,0,30,0,220,11,195,203,567,36%,0%,14%,21%,21%,,,,
904.mp4,11,0,0,0,315,27,8,40,361,11%,0%,0%,18%,0%,,,,
905.mp4,7,4,121,37,57,56,16,107,298,36%,0%,6%,1%,1%,,,,
906.mp4,130,1,30,8,48,89,79,145,385,38%,0%,15%,11%,20%,,,,
907.mp4,1,0,116,363,199,28,48,371,755,49%,1%,8%,4%,6%,,,,
908.mp4,317,0,48,36,160,10,105,198,676,29%,3%,6%,27%,61%,,,,
909.mp4,66,0,197,120,140,15,91,243,629,39%,0%,12%,0%,23%,,,,
910.mp4,0,0,19,0,6,268,1,29,294,10%,8%,0%,56%,0%,,,,
911.mp4,238,1,121,24,48,11,23,298,466,64%,0%,5%,0%,4%,,,,
912.mp4,40,0,50,1,4,132,24,90,251,36%,4%,0%,2%,0%,,,,
913.mp4,0,0,155,0,184,85,32,119,456,26%,4%,0%,12%,1%,,,,
914.mp4,2,0,2,218,86,26,0,113,334,34%,0%,0%,0%,0%,,,,
915.mp4,40,0,12,38,235,54,6,142,385,37%,0%,0%,7%,0%,,,,
916.mp4,16,0,38,64,59,23,270,118,470,25%,6%,17%,23%,61%,,,,
917.mp4,28,0,107,9,151,4,155,160,454,35%,5%,10%,24%,10%,,,,
918.mp4,2,0,6,27,429,1,7,33,472,7%,0%,0%,0%,0%,,,,
919.mp4,15,2,99,51,34,333,0,93,534,17%,0%,0%,9%,0%,,,,
920.mp4,78,0,9,12,267,20,0,107,386,28%,0%,0%,0%,0%,,,,
921.mp4,0,0,0,166,109,11,0,78,286,27%,0%,0%,2%,0%,,,,
922.mp4,53,0,21,0,535,1,6,58,616,9%,0%,0%,0%,1%,,,,
923.mp4,433,0,15,0,94,64,2,146,608,24%,0%,0%,4%,2%,,,,
924.mp4,25,4,45,5,429,597,151,403,1256,32%,13%,3%,2%,7%,,,,
925.mp4,28,3,16,39,233,47,50,187,416,45%,0%,4%,0%,8%,,,,
926.mp4,190,9,3,0,48,89,0,85,339,25%,0%,0%,1%,0%,,,,
927.mp4,60,0,93,1,533,6,40,197,733,27%,0%,2%,3%,4%,,,,
928.mp4,200,0,34,0,79,17,46,109,376,29%,0%,1%,15%,5%,,,,
929.mp4,1,0,7,95,346,15,3,67,467,14%,2%,1%,1%,1%,,,,
930.mp4,0,0,1,238,409,38,0,275,686,40%,0%,0%,1%,0%,,,,
931.mp4,0,0,0,12,293,0,14,18,319,6%,0%,4%,20%,9%,,,,
932.mp4,67,0,21,10,91,54,241,257,484,53%,2%,62%,1%,64%,,,,
933.mp4,33,0,118,0,46,295,25,165,517,32%,0%,0%,35%,3%,,,,
934.mp4,3,0,5,1,309,251,3,283,572,49%,0%,0%,10%,0%,,,,
935.mp4,37,0,11,5,318,123,78,169,572,30%,0%,3%,0%,9%,,,,
936.mp4,1,0,6,5,260,0,15,26,287,9%,0%,0%,1%,3%,,,,
937.mp4,100,1,134,0,0,190,0,137,425,32%,0%,0%,0%,0%,,,,
938.mp4,114,0,209,0,12,32,2,129,369,35%,0%,0%,0%,0%,,,,
939.mp4,1,0,46,0,448,17,0,51,512,10%,0%,0%,1%,0%,,,,
940.mp4,1,0,1,106,64,81,58,76,311,24%,13%,0%,15%,6%,,,,
941.mp4,3,0,12,24,432,8,15,77,494,16%,0%,0%,1%,7%,,,,
942.mp4,288,0,164,2,39,44,0,252,537,47%,0%,0%,0%,0%,,,,
943.mp4,53,0,134,54,0,308,0,287,549,52%,0%,0%,0%,0%,,,,
944.mp4,0,0,9,0,253,43,24,60,329,18%,0%,0%,14%,0%,,,,
945.mp4,10,0,438,10,231,40,32,159,761,21%,0%,8%,7%,15%,,,,
946.mp4,15,0,11,5,288,117,29,84,465,18%,3%,0%,4%,1%,,,,
947.mp4,153,0,132,20,289,13,35,192,642,30%,0%,5%,0%,5%,,,,
948.mp4,0,0,1,1,400,9,23,40,434,9%,3%,4%,9%,8%,,,,
949.mp4,4,0,64,184,289,86,59,148,686,22%,62%,2%,16%,8%,,,,
950.mp4,0,0,37,298,372,86,2,172,795,22%,0%,0%,1%,0%,,,,
951.mp4,89,0,40,52,152,1083,12,394,1428,28%,14%,0%,25%,0%,,,,
952.mp4,57,3,364,256,74,67,9,363,830,44%,0%,0%,0%,0%,,,,
953.mp4,24,0,203,41,8,161,3,210,440,48%,1%,0%,5%,1%,,,,
954.mp4,87,0,72,0,18,166,33,104,376,28%,0%,1%,12%,2%,,,,
955.mp4,102,226,1,0,62,140,0,188,531,35%,0%,0%,3%,0%,,,,
956.mp4,7,7,73,5,325,84,49,141,550,26%,0%,2%,6%,8%,,,,
957.mp4,1,0,12,4,349,62,0,81,428,19%,0%,0%,4%,0%,,,,
958.mp4,0,0,4,98,273,17,0,55,392,14%,14%,0%,1%,0%,,,,
959.mp4,24,17,35,35,323,36,31,147,501,29%,0%,1%,0%,12%,,,,
960.mp4,51,0,35,66,73,108,3,100,336,30%,0%,0%,0%,0%,,,,
961.mp4,47,1,61,166,56,9,3,121,343,35%,5%,0%,3%,1%,,,,
962.mp4,14,2,25,5,394,0,20,62,460,13%,0%,0%,2%,0%,,,,
963.mp4,1,0,294,0,203,55,139,179,692,26%,0%,7%,11%,5%,,,,
964.mp4,3,0,87,50,193,116,14,196,463,42%,0%,0%,2%,1%,,,,
965.mp4,5,0,112,59,137,0,35,84,348,24%,22%,1%,35%,7%,,,,
966.mp4,17,0,6,112,228,1,0,86,364,24%,0%,0%,3%,0%,,,,
967.mp4,15,4,53,5,476,96,3,276,652,42%,0%,0%,0%,0%,,,,
968.mp4,20,24,178,25,32,36,1,107,316,34%,0%,0%,3%,0%,,,,
969.mp4,23,1,85,0,214,25,28,119,376,32%,5%,0%,15%,0%,,,,
970.mp4,93,0,27,1,157,198,0,131,476,28%,0%,0%,0%,0%,,,,
971.mp4,12,0,7,4,258,24,39,66,344,19%,0%,11%,7%,16%,,,,
972.mp4,93,0,105,38,16,52,7,111,311,36%,0%,2%,10%,6%,,,,
973.mp4,327,2,38,0,135,77,12,176,591,30%,1%,3%,1%,2%,,,,
974.mp4,7,0,93,95,116,8,0,81,319,25%,4%,0%,0%,0%,,,,
975.mp4,13,1,15,59,146,5,65,96,304,32%,1%,30%,11%,40%,,,,
976.mp4,1,1,34,49,236,18,9,92,348,26%,8%,0%,1%,3%,,,,
977.mp4,176,15,217,28,59,104,52,231,651,35%,1%,1%,4%,1%,,,,
978.mp4,108,20,135,27,426,47,54,316,817,39%,5%,1%,6%,0%,,,,
979.mp4,94,0,102,5,112,1,18,159,332,48%,0%,4%,0%,2%,,,,
980.mp4,20,0,1,0,320,34,8,33,383,9%,1%,4%,0%,5%,,,,
981.mp4,54,1,79,14,197,79,0,183,424,43%,0%,0%,1%,0%,,,,
982.mp4,584,1,59,28,31,79,1,222,783,28%,0%,0%,0%,0%,,,,
983.mp4,71,0,137,27,69,43,59,163,406,40%,0%,9%,3%,7%,,,,
984.mp4,24,0,26,15,242,38,4,95,349,27%,8%,0%,1%,2%,,,,
985.mp4,40,0,314,11,250,66,9,617,690,89%,0%,0%,1%,0%,,,,
986.mp4,16,7,75,17,656,53,19,194,843,23%,0%,0%,14%,0%,,,,
987.mp4,4,0,0,74,474,0,23,61,575,11%,0%,0%,0%,0%,,,,
988.mp4,320,0,29,17,69,12,8,95,455,21%,0%,1%,0%,1%,,,,
989.mp4,108,21,82,4,509,43,212,282,979,29%,9%,26%,15%,31%,,,,
990.mp4,0,2,8,26,216,32,6,45,290,16%,0%,0%,0%,0%,,,,
991.mp4,8,0,0,0,303,0,91,69,402,17%,0%,0%,0%,0%,,,,
992.mp4,24,11,24,27,337,258,43,279,724,39%,1%,1%,69%,0%,,,,
993.mp4,56,2,243,44,15,44,5,121,409,30%,3%,0%,4%,0%,,,,
994.mp4,3,0,2,188,281,15,3,253,492,51%,2%,0%,0%,0%,,,,
995.mp4,48,0,2,1,231,262,3,177,547,32%,0%,0%,0%,0%,,,,
996.mp4,27,7,1,148,106,23,0,79,312,25%,0%,0%,0%,0%,,,,
997.mp4,0,0,25,18,368,29,27,106,467,23%,0%,1%,3%,7%,,,,
998.mp4,279,0,13,19,0,30,3,43,344,13%,7%,0%,6%,0%,,,,
999.mp4,0,0,20,177,3,3,0,25,203,12%,0%,0%,0%,0%,,,,
