Video_name,YT,DF,F2F,FS,NT,,,all_emotion_count,all_neutral_count,all_neutral_%,,,,
000.mp4,0.1,0,0.01,0,0,1.257406728,,556892,29022,5%,樣本變異數,,,
001.mp4,0.3,0,0,0.06,0,2.347964599,,,,,52960.6221,,,
002.mp4,0.42,0,0.01,0,0.09,1.752041684,,,,,,,,
003.mp4,0.19,0,0,0,0,1.978138415,,,,,,,,
004.mp4,0.17,0,0,0,0,1.832719519,,,,,,,,
005.mp4,0.16,0,0,0,0,1.754894483,,,,YT,DF,F2F,FS,NT
006.mp4,0.2,0.01,0,0.01,0,2.044430503,,,標準差,0.169604048,0.082641282,0.084233241,0.116761813,0.099012966
007.mp4,0.25,0.03,0,0.14,0,2.288253424,,,變異數,0.028765533,0.006829581,0.007095239,0.013633321,0.009803567
008.mp4,0.2,0.18,0.16,0.16,0.13,2.044430503,,,平均值,0.28982,0.03059,0.03242,0.06182,0.04481
009.mp4,0.19,0,0,0,0,1.978138415,,,四分位數,,,,,
010.mp4,0.61,0,0,0.06,0,0.395913029,,,第一（25%）,0.18,0,0,0,0
011.mp4,0.68,0,0.02,0.16,0.03,0.166813338,,,中位數（50%),0.27,0,0,0.01,0
012.mp4,0.34,0.25,0.04,0.24,0.12,2.251466842,,,第三（75%）,0.36,0.02,0.02,0.07,0.04
013.mp4,0.16,0,0.04,0.18,0.11,1.754894483,,,四分位差,0.18,0.02,0.02,0.07,0.04
014.mp4,0.18,0,0,0.06,0,1.907353664,,,,,,,,
015.mp4,0.17,0.01,0,0,0.06,1.832719519,,,,,,,,
016.mp4,0.21,0,0.02,0.04,0.07,2.105611546,,,,,,,,
017.mp4,0.41,0,0,0,0,1.829969211,,,不可用表格,,,,,
018.mp4,0.18,0.14,0.01,0.06,0.03,1.907353664,,,列標籤,加總 - F2F,加總 - YT,加總 - DF,加總 - FS,加總 - NT
019.mp4,0.37,0,0.06,0.04,0.23,2.103504467,,,資料組1,2.24,27.46,2.49,5.1,3.67
020.mp4,0.36,0,0,0,0,2.159205202,,,資料組2,4.88,29.35,3.5,7.86,6.04
021.mp4,0.42,0,0,0.01,0.03,1.752041684,,,資料組3,4.43,29.88,3.4,6.97,6.41
022.mp4,0.39,0.12,0.09,0.12,0.11,1.975664327,,,資料組4,3.44,27.46,3.61,7.28,4.64
023.mp4,0.03,0,0,0.02,0,0.727573107,,,資料組5,2.47,29.58,2.61,7,3.7
024.mp4,0.38,0,0.27,0,0.28,2.042129059,,,資料組6,3.02,29.2,2.67,5.53,3.96
025.mp4,0.25,0,0.06,0.05,0.13,2.288253424,,,資料組7,3.33,26.73,2.84,6.34,4.44
026.mp4,0.55,0,0.07,0.03,0.05,0.725209509,,,資料組8,3.21,29.28,3.52,4.68,3.84
027.mp4,0.19,0,0,0,0,1.978138415,,,資料組9,2.34,31.89,3.53,4.31,2.66
028.mp4,0.29,0.03,0,0.17,0,2.352196544,,,資料組10,3.06,28.99,2.42,6.75,5.45
029.mp4,0.22,0,0.03,0.03,0.07,2.161097599,,,總計,32.42,289.82,30.59,61.82,44.81
030.mp4,0.18,0.18,0.01,0.01,0,1.907353664,,,,,,,,
031.mp4,0.46,0,0,0,0,1.421835335,,,,,,,,
032.mp4,0.13,0,0,0,0,1.508889291,,,,,,,,
033.mp4,0.85,0,0,0.01,0,0.010060659,,,,,,,,
034.mp4,0.22,0,0.04,0,0.05,2.161097599,,,,,,,,
035.mp4,0.37,0,0,0.01,0,2.103504467,,,,,,,,
036.mp4,0.15,0,0,0.02,0.01,1.674542746,,,,,,,,
037.mp4,0.01,0,0,0,0,0.60311927,,,,,,,,
038.mp4,0.22,0,0,0,0.01,2.161097599,,,,,,,,
039.mp4,0.2,0,0,0,0,2.044430503,,,,,,,,
040.mp4,0.3,0,0.03,0.04,0.02,2.347964599,,,,,,,,
041.mp4,0.3,0,0,0,0.01,2.347964599,,,,,,,,
042.mp4,0.35,0.01,0.01,0.06,0.02,2.208689281,,,,,,,,
043.mp4,0.07,0,0,0.03,0,1.015561478,,,,,,,,
044.mp4,0.16,0.32,0,0.08,0,1.754894483,,,,,,,,
045.mp4,0.36,0,0.15,0.04,0.11,2.159205202,,,,,,,,
046.mp4,0.15,0,0,0.01,0,1.674542746,,,,,,,,
047.mp4,0.09,0,0,0,0,1.175066287,,,,,,,,
048.mp4,0.58,0,0,0.01,0,0.54428407,,,,,,,,
049.mp4,0.09,0,0,0,0,1.175066287,,,,,,,,
050.mp4,0.04,0,0,0,0,0.794966255,,,,,,,,
051.mp4,0.29,0,0.41,0.07,0.68,2.352196544,,,,,,,,
052.mp4,0.39,0,0.01,0.01,0.01,1.975664327,,,,,,,,
053.mp4,0.31,0.15,0.05,0.14,0.1,2.335606676,,,,,,,,
054.mp4,0.19,0.37,0,0.49,0.01,1.978138415,,,,,,,,
055.mp4,0.36,0,0,0,0,2.159205202,,,,,,,,
056.mp4,0.34,0,0,0.04,0,2.251466842,,,,,,,,
057.mp4,0.05,0,0,0,0.01,0.8655875,,,,,,,,
058.mp4,0.1,0,0,0,0,1.257406728,,,,,,,,
059.mp4,0.16,0,0,0,0,1.754894483,,,,,,,,
060.mp4,0.52,0.03,0,0.16,0,0.936512097,,,,,,,,
061.mp4,0.19,0,0,0.02,0,1.978138415,,,,,,,,
062.mp4,0.06,0,0,0,0,0.939211679,,,,,,,,
063.mp4,0.17,0.05,0,0.03,0.02,1.832719519,,,,,,,,
064.mp4,0.1,0,0,0,0,1.257406728,,,,,,,,
065.mp4,0.49,0,0.01,0.25,0,1.17212878,,,,,,,,
066.mp4,0.19,0,0,0,0,1.978138415,,,,,,,,
067.mp4,0.29,0.02,0.01,0.09,0.07,2.352196544,,,,,,,,
068.mp4,0.23,0.12,0.25,0.07,0.2,2.210348406,,,,,,,,
069.mp4,0.31,0,0.09,0.2,0.2,2.335606676,,,,,,,,
070.mp4,0.36,0.01,0.01,0.48,0,2.159205202,,,,,,,,
071.mp4,0.31,0,0.02,0.02,0.15,2.335606676,,,,,,,,
072.mp4,0.15,0,0,0.05,0,1.674542746,,,,,,,,
073.mp4,0.3,0.08,0,0.17,0,2.347964599,,,,,,,,
074.mp4,0.08,0,0.05,0,0.03,1.094307006,,,,,,,,
075.mp4,0.83,0.01,0,0.02,0,0.014748774,,,,,,,,
076.mp4,0.17,0,0,0.02,0,1.832719519,,,,,,,,
077.mp4,0.47,0,0.09,0.11,0.04,1.337830478,,,,,,,,
078.mp4,0.21,0,0,0,0.03,2.105611546,,,,,,,,
079.mp4,0.13,0,0,0,0,1.508889291,,,,,,,,
080.mp4,0.07,0,0,0,0,1.015561478,,,,,,,,
081.mp4,0.17,0,0.01,0.09,0.06,1.832719519,,,,,,,,
082.mp4,0.1,0.02,0,0.01,0,1.257406728,,,,,,,,
083.mp4,0.7,0,0,0.01,0,0.126297431,,,,,,,,
084.mp4,0.72,0,0,0.02,0.02,0.094301623,,,,,,,,
085.mp4,0.22,0.05,0,0.15,0,2.161097599,,,,,,,,
086.mp4,0.18,0.03,0,0.02,0,1.907353664,,,,,,,,
087.mp4,0.03,0.05,0,0,0,0.727573107,,,,,,,,
088.mp4,0.15,0,0.02,0,0.03,1.674542746,,,,,,,,
089.mp4,0.28,0,0,0,0,2.348258465,,,,,,,,
090.mp4,0.3,0,0.04,0.05,0.17,2.347964599,,,,,,,,
091.mp4,0.53,0,0.03,0.01,0.01,0.862991527,,,,,,,,
092.mp4,0.01,0,0,0,0,0.60311927,,,,,,,,
093.mp4,0.51,0.22,0.01,0.15,0,1.012769183,,,,,,,,
094.mp4,0.53,0,0,0,0,0.862991527,,,,,,,,
095.mp4,0.38,0,0,0.12,0.01,2.042129059,,,,,,,,
096.mp4,0.32,0,0,0.05,0.05,2.315251091,,,,,,,,
097.mp4,0.14,0,0,0,0,1.592324928,,,,,,,,
098.mp4,0.34,0,0,0.02,0,2.251466842,,,,,,,,
099.mp4,0.18,0,0,0,0,1.907353664,,,,,,,,
100.mp4,0.33,0,0,0,0.02,2.287108213,,,,,,,,
101.mp4,0.42,0.01,0.05,0.02,0.07,1.752041684,,,,,,,,
102.mp4,0.2,0,0,0,0,2.044430503,,,,,,,,
103.mp4,0.26,0,0.08,0.04,0.03,2.316120514,,,,,,,,
104.mp4,0.27,0.08,0,0.01,0,2.336191351,,,,,,,,
105.mp4,0.17,0.08,0,0.17,0.08,1.832719519,,,,,,,,
106.mp4,0.16,0,0,0.05,0,1.754894483,,,,,,,,
107.mp4,0.15,0,0,0.31,0,1.674542746,,,,,,,,
108.mp4,0.18,0.08,0.18,0.42,0.16,1.907353664,,,,,,,,
109.mp4,0.11,0.01,0,0,0,1.3408476,,,,,,,,
110.mp4,0.26,0,0.38,0.02,0.31,2.316120514,,,,,,,,
111.mp4,0.33,0,0,0,0.05,2.287108213,,,,,,,,
112.mp4,0.5,0,0.03,0.08,0.01,1.091434784,,,,,,,,
113.mp4,0.29,0.41,0.01,0.16,0.06,2.352196544,,,,,,,,
114.mp4,0.14,0,0,0,0,1.592324928,,,,,,,,
115.mp4,0.31,0,0,0,0.01,2.335606676,,,,,,,,
116.mp4,0.23,0.01,0,0.11,0.01,2.210348406,,,,,,,,
117.mp4,0.36,0,0.11,0.02,0.05,2.159205202,,,,,,,,
118.mp4,0.08,0,0,0,0,1.094307006,,,,,,,,
119.mp4,0.14,0,0.01,0.13,0.08,1.592324928,,,,,,,,
120.mp4,0.49,0,0.06,0.19,0.11,1.17212878,,,,,,,,
121.mp4,0.34,0,0.06,0.01,0.05,2.251466842,,,,,,,,
122.mp4,0.17,0,0.06,0.05,0.02,1.832719519,,,,,,,,
123.mp4,0.27,0.01,0.01,0.04,0.11,2.336191351,,,,,,,,
124.mp4,0.3,0.06,0.57,0.46,0.76,2.347964599,,,,,,,,
125.mp4,0.09,0,0,0.07,0.09,1.175066287,,,,,,,,
126.mp4,0.1,0,0.03,0.05,0,1.257406728,,,,,,,,
127.mp4,0.91,0.13,0.2,0.14,0.23,0.002937673,,,,,,,,
128.mp4,0.24,0,0,0,0,2.252876136,,,,,,,,
129.mp4,0.91,0.01,0,0.02,0,0.002937673,,,,,,,,
130.mp4,0.28,0,0.02,0.06,0.04,2.348258465,,,,,,,,
131.mp4,0.36,0,0.14,0.46,0.18,2.159205202,,,,,,,,
132.mp4,0.26,0,0,0,0.01,2.316120514,,,,,,,,
133.mp4,0.25,0,0,0,0,2.288253424,,,,,,,,
134.mp4,0.18,0.04,0.05,0,0.1,1.907353664,,,,,,,,
135.mp4,0.26,0,0,0.02,0,2.316120514,,,,,,,,
136.mp4,0.18,0.04,0,0,0,1.907353664,,,,,,,,
137.mp4,0.13,0,0,0,0,1.508889291,,,,,,,,
138.mp4,0.22,0.01,0.3,0.42,0.3,2.161097599,,,,,,,,
139.mp4,0.06,0.24,0.02,0.04,0.04,0.939211679,,,,,,,,
140.mp4,0.26,0,0,0,0,2.316120514,,,,,,,,
141.mp4,0.29,0,0.05,0.07,0.08,2.352196544,,,,,,,,
142.mp4,0.24,0.13,0,0,0,2.252876136,,,,,,,,
143.mp4,0.25,0,0,0,0,2.288253424,,,,,,,,
144.mp4,0.26,0.07,0.01,0.04,0.01,2.316120514,,,,,,,,
145.mp4,0.35,0,0,0,0.06,2.208689281,,,,,,,,
146.mp4,0.43,0,0.11,0.03,0.09,1.671611354,,,,,,,,
147.mp4,0.22,0,0,0,0,2.161097599,,,,,,,,
148.mp4,0.63,0,0,0.02,0,0.314702629,,,,,,,,
149.mp4,0.21,0.05,0,0.01,0.01,2.105611546,,,,,,,,
150.mp4,0.22,0.01,0.02,0.01,0.02,2.161097599,,,,,,,,
151.mp4,0.45,0.1,0.23,0.35,0.24,1.50587092,,,,,,,,
152.mp4,0.36,0,0.07,0.37,0.12,2.159205202,,,,,,,,
153.mp4,0.38,0,0.01,0.1,0.01,2.042129059,,,,,,,,
154.mp4,0.59,0.07,0.08,0.06,0.09,0.491201994,,,,,,,,
155.mp4,0.29,0,0,0.16,0.01,2.352196544,,,,,,,,
156.mp4,0.21,0,0,0,0,2.105611546,,,,,,,,
157.mp4,0.2,0,0.01,0,0.04,2.044430503,,,,,,,,
158.mp4,0.24,0,0,0,0.01,2.252876136,,,,,,,,
159.mp4,0.22,0.22,0,0.03,0,2.161097599,,,,,,,,
160.mp4,0.32,0,0.09,0,0.01,2.315251091,,,,,,,,
161.mp4,0.23,0.03,0,0.03,0,2.210348406,,,,,,,,
162.mp4,0.22,0.02,0,0.01,0,2.161097599,,,,,,,,
163.mp4,0.21,0,0,0,0,2.105611546,,,,,,,,
164.mp4,0.27,0,0,0.01,0.01,2.336191351,,,,,,,,
165.mp4,0.07,0,0,0.07,0,1.015561478,,,,,,,,
166.mp4,0.22,0.06,0,0.01,0.02,2.161097599,,,,,,,,
167.mp4,0.42,0,0.02,0.07,0.02,1.752041684,,,,,,,,
168.mp4,0.45,0,0.17,0.28,0.17,1.50587092,,,,,,,,
169.mp4,0.27,0.22,0.82,0.97,0.71,2.336191351,,,,,,,,
170.mp4,0.29,0,0.03,0.07,0.05,2.352196544,,,,,,,,
171.mp4,0.24,0,0,0.02,0,2.252876136,,,,,,,,
172.mp4,0.32,0.01,0.08,0.15,0.09,2.315251091,,,,,,,,
173.mp4,0.29,0,0.03,0.01,0.15,2.352196544,,,,,,,,
174.mp4,0.36,0.05,0,0,0,2.159205202,,,,,,,,
175.mp4,0.21,0,0,0,0.13,2.105611546,,,,,,,,
176.mp4,0.5,0,0.01,0.06,0,1.091434784,,,,,,,,
177.mp4,0.22,0,0,0,0,2.161097599,,,,,,,,
178.mp4,0.26,0.02,0.01,0.02,0,2.316120514,,,,,,,,
179.mp4,0.63,0.01,0.01,0.01,0.01,0.314702629,,,,,,,,
180.mp4,0.27,0.04,0.08,0.14,0.14,2.336191351,,,,,,,,
181.mp4,0.33,0,0.26,0,0.26,2.287108213,,,,,,,,
182.mp4,0.31,0.93,0.25,0.2,0.37,2.335606676,,,,,,,,
183.mp4,0.41,0.01,0,0,0,1.829969211,,,,,,,,
184.mp4,0.21,0,0,0,0,2.105611546,,,,,,,,
185.mp4,0.03,0,0,0.29,0,0.727573107,,,,,,,,
186.mp4,0.53,0.01,0,0,0,0.862991527,,,,,,,,
187.mp4,0.63,0,0,0.04,0,0.314702629,,,,,,,,
188.mp4,0.2,0,0.03,0.03,0.05,2.044430503,,,,,,,,
189.mp4,0.22,0,0,0,0,2.161097599,,,,,,,,
190.mp4,0.37,0,0,0.01,0.04,2.103504467,,,,,,,,
191.mp4,0.39,0.05,0.03,0.06,0.02,1.975664327,,,,,,,,
192.mp4,0.34,0.05,0,0.22,0,2.251466842,,,,,,,,
193.mp4,0.22,0,0,0.06,0.01,2.161097599,,,,,,,,
194.mp4,0.04,0,0,0,0,0.794966255,,,,,,,,
195.mp4,0.19,0,0,0,0,1.978138415,,,,,,,,
196.mp4,0.31,0,0,0,0,2.335606676,,,,,,,,
197.mp4,0.33,0,0,0.09,0,2.287108213,,,,,,,,
198.mp4,0.78,0,0,0,0.01,0.036112582,,,,,,,,
199.mp4,0.05,0.12,0,0.11,0,0.8655875,,,,,,,,
200.mp4,0.18,0,0,0.15,0,1.907353664,,,,,,,,
201.mp4,0.3,0,0.3,0.03,0.37,2.347964599,,,,,,,,
202.mp4,0.14,0,0.02,0.19,0.11,1.592324928,,,,,,,,
203.mp4,0.24,0.2,0,0.01,0,2.252876136,,,,,,,,
204.mp4,0.27,0,0.21,0.09,0.21,2.336191351,,,,,,,,
205.mp4,0.35,0.01,0.02,0.08,0.12,2.208689281,,,,,,,,
206.mp4,0.25,0,0.23,0.29,0.23,2.288253424,,,,,,,,
207.mp4,0.27,0.12,0.15,0.32,0.14,2.336191351,,,,,,,,
208.mp4,0.28,0,0,0,0,2.348258465,,,,,,,,
209.mp4,0.55,0.04,0.01,0.01,0,0.725209509,,,,,,,,
210.mp4,0.29,0.21,0,0.15,0,2.352196544,,,,,,,,
211.mp4,0.52,0,0,0,0,0.936512097,,,,,,,,
212.mp4,0.06,0,0,0,0,0.939211679,,,,,,,,
213.mp4,0.27,0,0.01,0.01,0.01,2.336191351,,,,,,,,
214.mp4,0.11,0,0.01,0.09,0.02,1.3408476,,,,,,,,
215.mp4,0.29,0,0,0,0,2.352196544,,,,,,,,
216.mp4,0.4,0.01,0.01,0.15,0.01,1.904729717,,,,,,,,
217.mp4,0.33,0.1,0.01,0.03,0,2.287108213,,,,,,,,
218.mp4,0.02,0,0,0,0,0.663582323,,,,,,,,
219.mp4,0.42,0.02,0.03,0.12,0.14,1.752041684,,,,,,,,
220.mp4,0.13,0.01,0,0,0,1.508889291,,,,,,,,
221.mp4,0.89,0.03,0.01,0.01,0.01,0.00449004,,,,,,,,
222.mp4,0.27,0.04,0.02,0.17,0.06,2.336191351,,,,,,,,
223.mp4,0.37,0,0.03,0.18,0.02,2.103504467,,,,,,,,
224.mp4,0.07,0.13,0,0.06,0,1.015561478,,,,,,,,
225.mp4,0.38,0.14,0.06,0.62,0.2,2.042129059,,,,,,,,
226.mp4,0.52,0,0.05,0.07,0.08,0.936512097,,,,,,,,
227.mp4,0.36,0.02,0.11,0,0.08,2.159205202,,,,,,,,
228.mp4,0.26,0,0,0.02,0,2.316120514,,,,,,,,
229.mp4,0.26,0.09,0.03,0.04,0.05,2.316120514,,,,,,,,
230.mp4,0.35,0.05,0.09,0.14,0.37,2.208689281,,,,,,,,
231.mp4,0.8,0,0,0,0,0.025505087,,,,,,,,
232.mp4,0.64,0.07,0.02,0.25,0.11,0.279116814,,,,,,,,
233.mp4,0.75,0,0,0.01,0,0.059276539,,,,,,,,
234.mp4,0.2,0.05,0.14,0,0.27,2.044430503,,,,,,,,
235.mp4,0.05,0,0,0,0,0.8655875,,,,,,,,
236.mp4,0.27,0,0.06,0.02,0.17,2.336191351,,,,,,,,
237.mp4,0.37,0.01,0,0.27,0,2.103504467,,,,,,,,
238.mp4,0.22,0.13,0,0,0,2.161097599,,,,,,,,
239.mp4,0.69,0,0,0.01,0,0.145401047,,,,,,,,
240.mp4,0.57,0,0,0.01,0,0.601009522,,,,,,,,
241.mp4,0.3,0,0.07,0.01,0.03,2.347964599,,,,,,,,
242.mp4,0.11,0.03,0.89,0.95,0.89,1.3408476,,,,,,,,
243.mp4,0.23,0.02,0,0,0,2.210348406,,,,,,,,
244.mp4,0.24,0,0.02,0.04,0.01,2.252876136,,,,,,,,
245.mp4,0.27,0.01,0,0,0,2.336191351,,,,,,,,
246.mp4,0.24,0.02,0,0.04,0.01,2.252876136,,,,,,,,
247.mp4,0.36,0,0,0.05,0.03,2.159205202,,,,,,,,
248.mp4,0.34,0.13,0.2,0.13,0.24,2.251466842,,,,,,,,
249.mp4,0.4,0.01,0,0.13,0,1.904729717,,,,,,,,
250.mp4,0.25,0.01,0.01,0.05,0.03,2.288253424,,,,,,,,
251.mp4,0.28,0,0.01,0.07,0.07,2.348258465,,,,,,,,
252.mp4,0.14,0,0,0,0,1.592324928,,,,,,,,
253.mp4,0.16,0,0,0.03,0,1.754894483,,,,,,,,
254.mp4,0.34,0.17,0.06,0.14,0.38,2.251466842,,,,,,,,
255.mp4,0.25,0,0.05,0.02,0.06,2.288253424,,,,,,,,
256.mp4,0.21,0.01,0.01,0.13,0.06,2.105611546,,,,,,,,
257.mp4,0.11,0.01,0,0,0,1.3408476,,,,,,,,
258.mp4,0.29,0.02,0,0.07,0.09,2.352196544,,,,,,,,
259.mp4,0.41,0,0,0,0,1.829969211,,,,,,,,
260.mp4,0.13,0.06,0,0.08,0,1.508889291,,,,,,,,
261.mp4,0.15,0,0.04,0.1,0,1.674542746,,,,,,,,
262.mp4,0.46,0.41,0.24,0.04,0.48,1.421835335,,,,,,,,
263.mp4,0.51,0,0,0,0,1.012769183,,,,,,,,
264.mp4,0.3,0,0,0,0,2.347964599,,,,,,,,
265.mp4,0.22,0,0.09,0.01,0.17,2.161097599,,,,,,,,
266.mp4,0.01,0,0,0,0,0.60311927,,,,,,,,
267.mp4,0.1,0,0,0.01,0,1.257406728,,,,,,,,
268.mp4,0.28,0,0.01,0.04,0.04,2.348258465,,,,,,,,
269.mp4,0.11,0,0,0,0,1.3408476,,,,,,,,
270.mp4,0.17,0,0,0,0,1.832719519,,,,,,,,
271.mp4,0.15,0,0,0,0,1.674542746,,,,,,,,
272.mp4,0.16,0.04,0,0.02,0.01,1.754894483,,,,,,,,
273.mp4,0.34,0,0.01,0,0.03,2.251466842,,,,,,,,
274.mp4,0.5,0.05,0,0,0.13,1.091434784,,,,,,,,
275.mp4,0.17,0,0,0.01,0,1.832719519,,,,,,,,
276.mp4,0.34,0,0,0,0,2.251466842,,,,,,,,
277.mp4,0.66,0,0,0,0,0.217284093,,,,,,,,
278.mp4,0.17,0,0,0,0,1.832719519,,,,,,,,
279.mp4,0.35,0.04,0.48,0.34,0.24,2.208689281,,,,,,,,
280.mp4,0.25,0.09,0.04,0.02,0.02,2.288253424,,,,,,,,
281.mp4,0.13,0.01,0,0.05,0.05,1.508889291,,,,,,,,
282.mp4,0.27,0,0.12,0.01,0.19,2.336191351,,,,,,,,
283.mp4,0.27,0,0,0,0,2.336191351,,,,,,,,
284.mp4,0.29,0,0,0,0,2.352196544,,,,,,,,
285.mp4,0.44,0,0,0.02,0,1.589338546,,,,,,,,
286.mp4,0.49,0,0.04,0,0.04,1.17212878,,,,,,,,
287.mp4,0.39,0,0.11,0.01,0.08,1.975664327,,,,,,,,
288.mp4,0.36,0.22,0,0.06,0.01,2.159205202,,,,,,,,
289.mp4,0.83,0,0,0,0,0.014748774,,,,,,,,
290.mp4,0.14,0,0,0,0,1.592324928,,,,,,,,
291.mp4,0.34,0.01,0.13,0.05,0.12,2.251466842,,,,,,,,
292.mp4,0.35,0,0,0.15,0.01,2.208689281,,,,,,,,
293.mp4,0.32,0,0,0,0,2.315251091,,,,,,,,
294.mp4,0.09,0.06,0.1,0.01,0.05,1.175066287,,,,,,,,
295.mp4,0.27,0,0,0.01,0.01,2.336191351,,,,,,,,
296.mp4,0.06,0,0.02,0,0.01,0.939211679,,,,,,,,
297.mp4,0.08,0,0,0.01,0,1.094307006,,,,,,,,
298.mp4,0.24,0.49,0.03,0.13,0.03,2.252876136,,,,,,,,
299.mp4,0.1,0,0.02,0.33,0.01,1.257406728,,,,,,,,
300.mp4,0.19,0,0,0,0,1.978138415,,,,,,,,
301.mp4,0.69,0.02,0,0.12,0,0.145401047,,,,,,,,
302.mp4,0.13,0.04,0,0.23,0,1.508889291,,,,,,,,
303.mp4,0.07,0.04,0.03,0,0.04,1.015561478,,,,,,,,
304.mp4,0.02,0,0,0,0,0.663582323,,,,,,,,
305.mp4,0.75,0.02,0.02,0.02,0.02,0.059276539,,,,,,,,
306.mp4,0.21,0,0,0.01,0,2.105611546,,,,,,,,
307.mp4,0.36,0,0,0,0,2.159205202,,,,,,,,
308.mp4,0.29,0.39,0,0.18,0,2.352196544,,,,,,,,
309.mp4,0.34,0.01,0.13,0.28,0.14,2.251466842,,,,,,,,
310.mp4,0.24,0,0,0.01,0,2.252876136,,,,,,,,
311.mp4,0.22,0,0.01,0.24,0,2.161097599,,,,,,,,
312.mp4,0.14,0,0,0,0,1.592324928,,,,,,,,
313.mp4,0.12,0,0,0.05,0.03,1.424863576,,,,,,,,
314.mp4,0.3,0,0,0,0,2.347964599,,,,,,,,
315.mp4,0.12,0.28,0,0,0.03,1.424863576,,,,,,,,
316.mp4,0.18,0,0,0.01,0,1.907353664,,,,,,,,
317.mp4,0.08,0,0,0,0,1.094307006,,,,,,,,
318.mp4,0.2,0.05,0,0.01,0,2.044430503,,,,,,,,
319.mp4,0.15,0,0,0,0,1.674542746,,,,,,,,
320.mp4,0.41,0,0.05,0.2,0.07,1.829969211,,,,,,,,
321.mp4,0.46,0.09,0.46,0.69,0.6,1.421835335,,,,,,,,
322.mp4,0.44,0,0.15,0.07,0.08,1.589338546,,,,,,,,
323.mp4,0.12,0,0.02,0,0.01,1.424863576,,,,,,,,
324.mp4,0.31,0,0.19,0,0.08,2.335606676,,,,,,,,
325.mp4,0.54,0,0,0.03,0,0.792482896,,,,,,,,
326.mp4,0.31,0.01,0.16,0.01,0.24,2.335606676,,,,,,,,
327.mp4,0.2,0,0.3,0.01,0.07,2.044430503,,,,,,,,
328.mp4,0.39,0,0.08,0.14,0.05,1.975664327,,,,,,,,
329.mp4,0.34,0.53,0,0.07,0,2.251466842,,,,,,,,
330.mp4,0.16,0,0.02,0.02,0,1.754894483,,,,,,,,
331.mp4,0.26,0,0.29,0,0.33,2.316120514,,,,,,,,
332.mp4,0.36,0.07,0,0.09,0,2.159205202,,,,,,,,
333.mp4,0.16,0.01,0,0.03,0,1.754894483,,,,,,,,
334.mp4,0.23,0,0.05,0.01,0.06,2.210348406,,,,,,,,
335.mp4,0.67,0,0,0.14,0,0.190714731,,,,,,,,
336.mp4,0.21,0,0,0.01,0,2.105611546,,,,,,,,
337.mp4,0.14,0.01,0,0,0,1.592324928,,,,,,,,
338.mp4,0.53,0,0,0.01,0,0.862991527,,,,,,,,
339.mp4,0.03,0.23,0.01,0.07,0.01,0.727573107,,,,,,,,
340.mp4,0.2,0,0,0.02,0,2.044430503,,,,,,,,
341.mp4,0.1,0.03,0,0,0,1.257406728,,,,,,,,
342.mp4,0.41,0,0,0,0,1.829969211,,,,,,,,
343.mp4,0.28,0,0,0,0,2.348258465,,,,,,,,
344.mp4,0.91,0.1,0.18,0.18,0.17,0.002937673,,,,,,,,
345.mp4,0.25,0,0,0,0,2.288253424,,,,,,,,
346.mp4,0.29,0.21,0,0.7,0,2.352196544,,,,,,,,
347.mp4,0.03,0,0,0.07,0.02,0.727573107,,,,,,,,
348.mp4,0.15,0,0,0.01,0,1.674542746,,,,,,,,
349.mp4,0.63,0,0.01,0.01,0,0.314702629,,,,,,,,
350.mp4,0.17,0,0,0,0,1.832719519,,,,,,,,
351.mp4,0.25,0,0,0,0,2.288253424,,,,,,,,
352.mp4,0.16,0,0,0,0,1.754894483,,,,,,,,
353.mp4,0.27,0.08,0,0.04,0,2.336191351,,,,,,,,
354.mp4,0.29,0,0,0,0.03,2.352196544,,,,,,,,
355.mp4,0.31,0,0.14,0.01,0.14,2.335606676,,,,,,,,
356.mp4,0.54,0,0,0.01,0,0.792482896,,,,,,,,
357.mp4,0.96,0.01,0,0,0,0.000957118,,,,,,,,
358.mp4,0.15,0,0,0,0,1.674542746,,,,,,,,
359.mp4,0.22,0.02,0,0.05,0,2.161097599,,,,,,,,
360.mp4,0.15,0,0,0.02,0,1.674542746,,,,,,,,
361.mp4,0.23,0,0.04,0.13,0.18,2.210348406,,,,,,,,
362.mp4,0.39,0.02,0,0.04,0,1.975664327,,,,,,,,
363.mp4,0.38,0,0,0,0,2.042129059,,,,,,,,
364.mp4,0.25,0,0,0.01,0,2.288253424,,,,,,,,
365.mp4,0.48,0,0,0,0,1.25442036,,,,,,,,
366.mp4,0.2,0,0,0.02,0,2.044430503,,,,,,,,
367.mp4,0.38,0.1,0.02,0.12,0.2,2.042129059,,,,,,,,
368.mp4,0.32,0,0,0,0,2.315251091,,,,,,,,
369.mp4,0.04,0,0.02,0.18,0.01,0.794966255,,,,,,,,
370.mp4,0.34,0.03,0,0.02,0.49,2.251466842,,,,,,,,
371.mp4,0.37,0.28,0.54,0.54,0.68,2.103504467,,,,,,,,
372.mp4,0.16,0,0.01,0.29,0.04,1.754894483,,,,,,,,
373.mp4,0.38,0,0,0.02,0,2.042129059,,,,,,,,
374.mp4,0.3,0.05,0.02,0.01,0.03,2.347964599,,,,,,,,
375.mp4,0.2,0,0,0,0,2.044430503,,,,,,,,
376.mp4,0.36,0.4,0.04,0.37,0.15,2.159205202,,,,,,,,
377.mp4,0.11,0,0,0,0,1.3408476,,,,,,,,
378.mp4,0.34,0,0,0,0,2.251466842,,,,,,,,
379.mp4,0.21,0.03,0,0.26,0.01,2.105611546,,,,,,,,
380.mp4,0.3,0,0,0.02,0,2.347964599,,,,,,,,
381.mp4,0.17,0,0,0.01,0,1.832719519,,,,,,,,
382.mp4,0.15,0,0,0.03,0,1.674542746,,,,,,,,
383.mp4,0.32,0,0,0.01,0.07,2.315251091,,,,,,,,
384.mp4,0.34,0.01,0.01,0.53,0,2.251466842,,,,,,,,
385.mp4,0.46,0.01,0.13,0.11,0.07,1.421835335,,,,,,,,
386.mp4,0.18,0.02,0.01,0.13,0.03,1.907353664,,,,,,,,
387.mp4,0.12,0.01,0.03,0,0.05,1.424863576,,,,,,,,
388.mp4,0.22,0,0.04,0,0.05,2.161097599,,,,,,,,
389.mp4,0.12,0.05,0.04,0,0,1.424863576,,,,,,,,
390.mp4,0.34,0,0,0.02,0,2.251466842,,,,,,,,
391.mp4,0.04,0,0.02,0.01,0.02,0.794966255,,,,,,,,
392.mp4,0.23,0,0.03,0.08,0.15,2.210348406,,,,,,,,
393.mp4,0.18,0,0.05,0,0.08,1.907353664,,,,,,,,
394.mp4,0.07,0,0,0,0,1.015561478,,,,,,,,
395.mp4,0.21,0,0.01,0,0.02,2.105611546,,,,,,,,
396.mp4,0.25,0,0,0.08,0,2.288253424,,,,,,,,
397.mp4,0.17,0.02,0.05,0.01,0.03,1.832719519,,,,,,,,
398.mp4,0.19,0.33,0.03,0.34,0.06,1.978138415,,,,,,,,
399.mp4,0.17,0,0,0.01,0,1.832719519,,,,,,,,
400.mp4,0.56,0.01,0.01,0.08,0.05,0.661343833,,,,,,,,
401.mp4,0.34,0,0,0.04,0,2.251466842,,,,,,,,
402.mp4,0.29,0.1,0.07,0.14,0.24,2.352196544,,,,,,,,
403.mp4,0.21,0.04,0,0.01,0,2.105611546,,,,,,,,
404.mp4,0.42,0.11,0,0.04,0,1.752041684,,,,,,,,
405.mp4,0.48,0,0,0.15,0,1.25442036,,,,,,,,
406.mp4,0.36,0.07,0,0.01,0,2.159205202,,,,,,,,
407.mp4,0.29,0,0,0.04,0,2.352196544,,,,,,,,
408.mp4,0.14,0,0,0,0,1.592324928,,,,,,,,
409.mp4,0.27,0,0.01,0.03,0.02,2.336191351,,,,,,,,
410.mp4,0.36,0,0.01,0,0,2.159205202,,,,,,,,
411.mp4,0.84,0,0.01,0.08,0.02,0.012202423,,,,,,,,
412.mp4,0.32,0.03,0,0.26,0.02,2.315251091,,,,,,,,
413.mp4,0.16,0.04,0,0,0,1.754894483,,,,,,,,
414.mp4,0.34,0.02,0.23,0.08,0.34,2.251466842,,,,,,,,
415.mp4,0.26,0,0.02,0.06,0,2.316120514,,,,,,,,
416.mp4,0.4,0,0,0,0,1.904729717,,,,,,,,
417.mp4,0.11,0,0.01,0.04,0.01,1.3408476,,,,,,,,
418.mp4,0.1,0,0.01,0,0,1.257406728,,,,,,,,
419.mp4,0.96,0.01,0,0.09,0,0.000957118,,,,,,,,
420.mp4,0.22,0,0,0.01,0,2.161097599,,,,,,,,
421.mp4,0.2,0,0.01,0,0.02,2.044430503,,,,,,,,
422.mp4,0.26,0,0.05,0,0,2.316120514,,,,,,,,
423.mp4,0.34,0,0,0.07,0.05,2.251466842,,,,,,,,
424.mp4,0.13,0,0,0,0,1.508889291,,,,,,,,
425.mp4,0.38,0,0.02,0,0.09,2.042129059,,,,,,,,
426.mp4,0.93,0.03,0,0,0,0.001895473,,,,,,,,
427.mp4,0.37,0,0,0.03,0,2.103504467,,,,,,,,
428.mp4,0.25,0.03,0.13,0.41,0.25,2.288253424,,,,,,,,
429.mp4,0.24,0,0.01,0,0,2.252876136,,,,,,,,
430.mp4,0.06,0,0,0.22,0,0.939211679,,,,,,,,
431.mp4,0.35,0.02,0,0.01,0,2.208689281,,,,,,,,
432.mp4,0.27,0,0,0.1,0,2.336191351,,,,,,,,
433.mp4,0.25,0,0,0,0,2.288253424,,,,,,,,
434.mp4,0.1,0.05,0,0.01,0.01,1.257406728,,,,,,,,
435.mp4,0.22,0,0,0,0.01,2.161097599,,,,,,,,
436.mp4,0.15,0,0,0,0,1.674542746,,,,,,,,
437.mp4,0.1,0,0,0.03,0.02,1.257406728,,,,,,,,
438.mp4,0.25,0.09,0.03,0.52,0.11,2.288253424,,,,,,,,
439.mp4,0.25,0,0.02,0.11,0.01,2.288253424,,,,,,,,
440.mp4,0.37,0,0,0,0,2.103504467,,,,,,,,
441.mp4,0.26,0.07,0,0.02,0,2.316120514,,,,,,,,
442.mp4,0.1,0,0,0,0,1.257406728,,,,,,,,
443.mp4,0.51,0,0,0.01,0,1.012769183,,,,,,,,
444.mp4,0.3,0,0,0,0,2.347964599,,,,,,,,
445.mp4,0.8,0,0,0,0,0.025505087,,,,,,,,
446.mp4,0.58,0,0,0,0,0.54428407,,,,,,,,
447.mp4,0.44,0,0,0,0,1.589338546,,,,,,,,
448.mp4,0.29,0.13,0,0.03,0,2.352196544,,,,,,,,
449.mp4,0.1,0,0,0,0,1.257406728,,,,,,,,
450.mp4,0.06,0.05,0.01,0,0,0.939211679,,,,,,,,
451.mp4,0.06,0,0,0.02,0,0.939211679,,,,,,,,
452.mp4,0.38,0,0,0.35,0.01,2.042129059,,,,,,,,
453.mp4,0.25,0.15,0.06,0.2,0.13,2.288253424,,,,,,,,
454.mp4,0.11,0,0,0,0,1.3408476,,,,,,,,
455.mp4,0.3,0,0,0,0,2.347964599,,,,,,,,
456.mp4,0.24,0,0,0.04,0,2.252876136,,,,,,,,
457.mp4,0.15,0,0,0,0,1.674542746,,,,,,,,
458.mp4,0.36,0.21,0.11,0.05,0.2,2.159205202,,,,,,,,
459.mp4,0.2,0.01,0,0.01,0.03,2.044430503,,,,,,,,
460.mp4,0.26,0,0.25,0.25,0.08,2.316120514,,,,,,,,
461.mp4,0.12,0,0,0.01,0,1.424863576,,,,,,,,
462.mp4,0.2,0.04,0,0.03,0,2.044430503,,,,,,,,
463.mp4,0.32,0,0.04,0.05,0.07,2.315251091,,,,,,,,
464.mp4,0.33,0.01,0.05,0.2,0.15,2.287108213,,,,,,,,
465.mp4,0.2,0.06,0,0,0,2.044430503,,,,,,,,
466.mp4,0.21,0.5,0.07,0.03,0.05,2.105611546,,,,,,,,
467.mp4,0.41,0,0.09,0,0.19,1.829969211,,,,,,,,
468.mp4,0.36,0,0,0.09,0,2.159205202,,,,,,,,
469.mp4,0.27,0.1,0,0.06,0.03,2.336191351,,,,,,,,
470.mp4,0.25,0,0.02,0,0.02,2.288253424,,,,,,,,
471.mp4,0.27,0,0,0,0,2.336191351,,,,,,,,
472.mp4,0.13,0.01,0,0.03,0,1.508889291,,,,,,,,
473.mp4,0.53,0.03,0,0.06,0.01,0.862991527,,,,,,,,
474.mp4,0.19,0,0,0.01,0,1.978138415,,,,,,,,
475.mp4,0.21,0,0.06,0.35,0.01,2.105611546,,,,,,,,
476.mp4,0.17,0.06,0.08,0.07,0.09,1.832719519,,,,,,,,
477.mp4,0.38,0.01,0,0,0.13,2.042129059,,,,,,,,
478.mp4,0.21,0,0,0,0,2.105611546,,,,,,,,
479.mp4,0.22,0,0.08,0.1,0.16,2.161097599,,,,,,,,
480.mp4,0.32,0.01,0.47,0.19,0.45,2.315251091,,,,,,,,
481.mp4,0.46,0.12,0,0.05,0.02,1.421835335,,,,,,,,
482.mp4,0.29,0,0,0.09,0.02,2.352196544,,,,,,,,
483.mp4,0.54,0.08,0.17,0.39,0.08,0.792482896,,,,,,,,
484.mp4,0.2,0,0,0.01,0,2.044430503,,,,,,,,
485.mp4,0.29,0,0,0.15,0,2.352196544,,,,,,,,
486.mp4,0.33,0.02,0.06,0.47,0.01,2.287108213,,,,,,,,
487.mp4,0.24,0.08,0,0.53,0.03,2.252876136,,,,,,,,
488.mp4,0.06,0,0,0,0,0.939211679,,,,,,,,
489.mp4,0.27,0.12,0.01,0.04,0.08,2.336191351,,,,,,,,
490.mp4,0.33,0,0.03,0.02,0.04,2.287108213,,,,,,,,
491.mp4,0.28,0.05,0.01,0.11,0.05,2.348258465,,,,,,,,
492.mp4,0.39,0.01,0,0.01,0.01,1.975664327,,,,,,,,
493.mp4,0.27,0,0.08,0.08,0.25,2.336191351,,,,,,,,
494.mp4,0.26,0,0,0,0,2.316120514,,,,,,,,
495.mp4,0.32,0,0,0,0,2.315251091,,,,,,,,
496.mp4,0.4,0.03,0,0.03,0.01,1.904729717,,,,,,,,
497.mp4,0.3,0,0.04,0.01,0.02,2.347964599,,,,,,,,
498.mp4,0.33,0,0,0.01,0,2.287108213,,,,,,,,
499.mp4,0.07,0,0.03,0.07,0,1.015561478,,,,,,,,
500.mp4,0.23,0,0,0,0.02,2.210348406,,,,,,,,
501.mp4,0.01,0.06,0,0.17,0,0.60311927,,,,,,,,
502.mp4,0.22,0,0,0,0,2.161097599,,,,,,,,
503.mp4,0.08,0,0,0.31,0,1.094307006,,,,,,,,
504.mp4,0.38,0,0,0,0.01,2.042129059,,,,,,,,
505.mp4,0.08,0,0,0.04,0.04,1.094307006,,,,,,,,
506.mp4,0.24,0.01,0.03,0.01,0.22,2.252876136,,,,,,,,
507.mp4,0.29,0,0,0.12,0,2.352196544,,,,,,,,
508.mp4,0.3,0,0.61,0.02,0.42,2.347964599,,,,,,,,
509.mp4,0.28,0,0,0,0.02,2.348258465,,,,,,,,
510.mp4,0.76,0,0,0,0,0.050425612,,,,,,,,
511.mp4,0.46,0,0.03,0,0.08,1.421835335,,,,,,,,
512.mp4,0.25,0,0,0,0.02,2.288253424,,,,,,,,
513.mp4,0.21,0.01,0,0.22,0,2.105611546,,,,,,,,
514.mp4,0.27,0,0,0.02,0,2.336191351,,,,,,,,
515.mp4,0.26,0,0,0.01,0,2.316120514,,,,,,,,
516.mp4,0.37,0,0,0.01,0,2.103504467,,,,,,,,
517.mp4,0.52,0.19,0.01,0.13,0,0.936512097,,,,,,,,
518.mp4,0.23,0,0,0,0.01,2.210348406,,,,,,,,
519.mp4,0.07,0,0,0,0,1.015561478,,,,,,,,
520.mp4,0.43,0.04,0.02,0.13,0,1.671611354,,,,,,,,
521.mp4,0.23,0,0.23,0.07,0.24,2.210348406,,,,,,,,
522.mp4,0.75,0,0.01,0.02,0.04,0.059276539,,,,,,,,
523.mp4,0.38,0,0,0.05,0,2.042129059,,,,,,,,
524.mp4,0.24,0,0.04,0.05,0.05,2.252876136,,,,,,,,
525.mp4,0.37,0,0,0,0,2.103504467,,,,,,,,
526.mp4,0.67,0.03,0,0.06,0,0.190714731,,,,,,,,
527.mp4,0.33,0,0,0.03,0,2.287108213,,,,,,,,
528.mp4,0.13,0.01,0,0,0,1.508889291,,,,,,,,
529.mp4,0.31,0,0,0,0.01,2.335606676,,,,,,,,
530.mp4,0.2,0,0.05,0,0,2.044430503,,,,,,,,
531.mp4,0.17,0.23,0,0.06,0,1.832719519,,,,,,,,
532.mp4,0.35,0.22,0.3,0.33,0.45,2.208689281,,,,,,,,
533.mp4,0.07,0.01,0,0.17,0.01,1.015561478,,,,,,,,
534.mp4,0.28,0,0,0.01,0,2.348258465,,,,,,,,
535.mp4,0.23,0,0.23,0.22,0.37,2.210348406,,,,,,,,
536.mp4,0.25,0,0.2,0.09,0.24,2.288253424,,,,,,,,
537.mp4,0.15,0.01,0,0,0,1.674542746,,,,,,,,
538.mp4,0.03,0,0,0,0.01,0.727573107,,,,,,,,
539.mp4,0.16,0.16,0,0,0.01,1.754894483,,,,,,,,
540.mp4,0.15,0.27,0.05,0.26,0.11,1.674542746,,,,,,,,
541.mp4,0.08,0.04,0,0.01,0,1.094307006,,,,,,,,
542.mp4,0.38,0,0.09,0,0.12,2.042129059,,,,,,,,
543.mp4,0.24,0,0,0.03,0,2.252876136,,,,,,,,
544.mp4,0.8,0.01,0.03,0.05,0.03,0.025505087,,,,,,,,
545.mp4,0.15,0,0.02,0.02,0,1.674542746,,,,,,,,
546.mp4,0.15,0,0,0,0,1.674542746,,,,,,,,
547.mp4,0.48,0,0.01,0.01,0.02,1.25442036,,,,,,,,
548.mp4,0.61,0,0,0,0,0.395913029,,,,,,,,
549.mp4,0.19,0,0,0,0.08,1.978138415,,,,,,,,
550.mp4,0.19,0.04,0.12,0,0.27,1.978138415,,,,,,,,
551.mp4,0.35,0,0,0.05,0,2.208689281,,,,,,,,
552.mp4,0.04,0,0,0,0,0.794966255,,,,,,,,
553.mp4,0.15,0,0,0,0,1.674542746,,,,,,,,
554.mp4,0.3,0.02,0,0.06,0,2.347964599,,,,,,,,
555.mp4,0.15,0,0,0,0.01,1.674542746,,,,,,,,
556.mp4,0.31,0.01,0,0.02,0.01,2.335606676,,,,,,,,
557.mp4,0.34,0,0,0.02,0,2.251466842,,,,,,,,
558.mp4,0.43,0.01,0.01,0.07,0.01,1.671611354,,,,,,,,
559.mp4,0.38,0,0.04,0,0.01,2.042129059,,,,,,,,
560.mp4,0.08,0,0,0,0.01,1.094307006,,,,,,,,
561.mp4,0.28,0,0,0.03,0.01,2.348258465,,,,,,,,
562.mp4,0.61,0.05,0,0.03,0,0.395913029,,,,,,,,
563.mp4,0.27,0,0.01,0.01,0.02,2.336191351,,,,,,,,
564.mp4,0.05,0.01,0,0.19,0,0.8655875,,,,,,,,
565.mp4,0.3,0,0,0.16,0,2.347964599,,,,,,,,
566.mp4,0.77,0,0.01,0.01,0,0.042747404,,,,,,,,
567.mp4,0.4,0,0,0.06,0,1.904729717,,,,,,,,
568.mp4,0.05,0,0,0,0,0.8655875,,,,,,,,
569.mp4,0.43,0,0,0,0.02,1.671611354,,,,,,,,
570.mp4,0.24,0.34,0.05,0.06,0.01,2.252876136,,,,,,,,
571.mp4,0.68,0,0,0,0,0.166813338,,,,,,,,
572.mp4,0.35,0,0.11,0.07,0.16,2.208689281,,,,,,,,
573.mp4,0.28,0.09,0.37,0.14,0.17,2.348258465,,,,,,,,
574.mp4,0.16,0,0,0,0,1.754894483,,,,,,,,
575.mp4,0.37,0,0.03,0.01,0.04,2.103504467,,,,,,,,
576.mp4,0,0,0,0,0,0.546263053,,,,,,,,
577.mp4,0.85,0,0,0,0,0.010060659,,,,,,,,
578.mp4,0.28,0,0,0.08,0,2.348258465,,,,,,,,
579.mp4,0.32,0.02,0,0.02,0.02,2.315251091,,,,,,,,
580.mp4,0.33,0.01,0,0,0.01,2.287108213,,,,,,,,
581.mp4,0.07,0.01,0,0.03,0,1.015561478,,,,,,,,
582.mp4,0.11,0.03,0.05,0.01,0.06,1.3408476,,,,,,,,
583.mp4,0.24,0.36,0.04,0.09,0.11,2.252876136,,,,,,,,
584.mp4,0.17,0,0,0.72,0,1.832719519,,,,,,,,
585.mp4,0.18,0.02,0.01,0.01,0.01,1.907353664,,,,,,,,
586.mp4,0.37,0.02,0.01,0.07,0.01,2.103504467,,,,,,,,
587.mp4,0.04,0.05,0,0,0,0.794966255,,,,,,,,
588.mp4,0.26,0,0.01,0,0.02,2.316120514,,,,,,,,
589.mp4,0.3,0,0,0,0,2.347964599,,,,,,,,
590.mp4,0.38,0.02,0,0.04,0,2.042129059,,,,,,,,
591.mp4,0.43,0.09,0.01,0.01,0.01,1.671611354,,,,,,,,
592.mp4,0.3,0,0.01,0.36,0.02,2.347964599,,,,,,,,
593.mp4,0.28,0.03,0,0,0,2.348258465,,,,,,,,
594.mp4,0.7,0,0,0,0,0.126297431,,,,,,,,
595.mp4,0.19,0.04,0.01,0.02,0,1.978138415,,,,,,,,
596.mp4,0.21,0.04,0.08,0.06,0.09,2.105611546,,,,,,,,
597.mp4,0.05,0,0.02,0.02,0,0.8655875,,,,,,,,
598.mp4,0.3,0.06,0.06,0.26,0.21,2.347964599,,,,,,,,
599.mp4,0.41,0,0,0.01,0.01,1.829969211,,,,,,,,
600.mp4,0.03,0.15,0,0,0,0.727573107,,,,,,,,
601.mp4,0.23,0,0,0.02,0,2.210348406,,,,,,,,
602.mp4,0.55,0,0.02,0.01,0.03,0.725209509,,,,,,,,
603.mp4,0.11,0.27,0,0,0,1.3408476,,,,,,,,
604.mp4,0.29,0,0,0.02,0,2.352196544,,,,,,,,
605.mp4,0.23,0,0.01,0,0,2.210348406,,,,,,,,
606.mp4,0.11,0.41,0.01,0,0,1.3408476,,,,,,,,
607.mp4,0.28,0,0.44,0.67,0.53,2.348258465,,,,,,,,
608.mp4,0.22,0,0,0,0,2.161097599,,,,,,,,
609.mp4,0.31,0.02,0.03,0.13,0,2.335606676,,,,,,,,
610.mp4,0.26,0,0.1,0,0.14,2.316120514,,,,,,,,
611.mp4,0.03,0,0,0.02,0,0.727573107,,,,,,,,
612.mp4,0.38,0,0.02,0.1,0.01,2.042129059,,,,,,,,
613.mp4,0.37,0,0,0,0,2.103504467,,,,,,,,
614.mp4,0.2,0,0,0.01,0.01,2.044430503,,,,,,,,
615.mp4,0.23,0,0.08,0.19,0.04,2.210348406,,,,,,,,
616.mp4,0.18,0,0,0,0,1.907353664,,,,,,,,
617.mp4,0.07,0.01,0,0,0,1.015561478,,,,,,,,
618.mp4,0.14,0,0.04,0.03,0,1.592324928,,,,,,,,
619.mp4,0.15,0,0,0.02,0,1.674542746,,,,,,,,
620.mp4,0.4,0,0,0,0,1.904729717,,,,,,,,
621.mp4,0.09,0,0,0,0,1.175066287,,,,,,,,
622.mp4,0.44,0.01,0.01,0.2,0,1.589338546,,,,,,,,
623.mp4,0.51,0,0.11,0.66,0.1,1.012769183,,,,,,,,
624.mp4,0.49,0,0.01,0.06,0.06,1.17212878,,,,,,,,
625.mp4,0.28,0,0.1,0.05,0.19,2.348258465,,,,,,,,
626.mp4,0.36,0,0.04,0.05,0.02,2.159205202,,,,,,,,
627.mp4,0.21,0,0,0.08,0,2.105611546,,,,,,,,
628.mp4,0.01,0,0,0,0,0.60311927,,,,,,,,
629.mp4,0.2,0.01,0.02,0.01,0.09,2.044430503,,,,,,,,
630.mp4,0.1,0.32,0,0,0,1.257406728,,,,,,,,
631.mp4,0.25,0.07,0,0,0,2.288253424,,,,,,,,
632.mp4,0.25,0,0,0,0,2.288253424,,,,,,,,
633.mp4,0.37,0.14,0.2,0.28,0.02,2.103504467,,,,,,,,
634.mp4,0.35,0,0.09,0.03,0.14,2.208689281,,,,,,,,
635.mp4,0.18,0.27,0,0.82,0,1.907353664,,,,,,,,
636.mp4,0.81,0.08,0.11,0.04,0.16,0.021322901,,,,,,,,
637.mp4,0.17,0,0,0,0.02,1.832719519,,,,,,,,
638.mp4,0.29,0,0.01,0.09,0.01,2.352196544,,,,,,,,
639.mp4,0.32,0,0.01,0,0.02,2.315251091,,,,,,,,
640.mp4,0.56,0,0.06,0.02,0.1,0.661343833,,,,,,,,
641.mp4,0.25,0.02,0,0.17,0,2.288253424,,,,,,,,
642.mp4,0.26,0,0,0,0,2.316120514,,,,,,,,
643.mp4,0.33,0,0.04,0.02,0.11,2.287108213,,,,,,,,
644.mp4,0.22,0.02,0.15,0.11,0.44,2.161097599,,,,,,,,
645.mp4,0.58,0.01,0.06,0.16,0.1,0.54428407,,,,,,,,
646.mp4,0.1,0,0,0.1,0,1.257406728,,,,,,,,
647.mp4,0.3,0,0.19,0.02,0.28,2.347964599,,,,,,,,
648.mp4,0.28,0,0,0.01,0,2.348258465,,,,,,,,
649.mp4,0.36,0,0,0.01,0,2.159205202,,,,,,,,
650.mp4,0.03,0.27,0,0.03,0,0.727573107,,,,,,,,
651.mp4,0.4,0,0.04,0,0.04,1.904729717,,,,,,,,
652.mp4,0.66,0,0.02,0.06,0.02,0.217284093,,,,,,,,
653.mp4,0.03,0.01,0,0,0,0.727573107,,,,,,,,
654.mp4,0.15,0,0,0,0,1.674542746,,,,,,,,
655.mp4,0.28,0,0.01,0.01,0.01,2.348258465,,,,,,,,
656.mp4,0.01,0,0,0,0,0.60311927,,,,,,,,
657.mp4,0.29,0.03,0,0.01,0,2.352196544,,,,,,,,
658.mp4,0.03,0,0,0,0,0.727573107,,,,,,,,
659.mp4,0.26,0.03,0.08,0.19,0.19,2.316120514,,,,,,,,
660.mp4,0.26,0.11,0.04,0.02,0.01,2.316120514,,,,,,,,
661.mp4,0.2,0,0,0,0,2.044430503,,,,,,,,
662.mp4,0.07,0,0,0,0.08,1.015561478,,,,,,,,
663.mp4,0.18,0,0,0.01,0,1.907353664,,,,,,,,
664.mp4,0.44,0,0,0,0,1.589338546,,,,,,,,
665.mp4,0.33,0.02,0,0.21,0,2.287108213,,,,,,,,
666.mp4,0.15,0,0,0.17,0,1.674542746,,,,,,,,
667.mp4,0.86,0,0,0.01,0,0.008266031,,,,,,,,
668.mp4,0.33,0,0,0.02,0,2.287108213,,,,,,,,
669.mp4,0.33,0.04,0.01,0,0,2.287108213,,,,,,,,
670.mp4,0.23,0,0,0,0,2.210348406,,,,,,,,
671.mp4,0.26,0,0.09,0.07,0.1,2.316120514,,,,,,,,
672.mp4,0.27,0,0.01,0,0.13,2.336191351,,,,,,,,
673.mp4,0.4,0,0.06,0.01,0.04,1.904729717,,,,,,,,
674.mp4,0.28,0,0.01,0,0.06,2.348258465,,,,,,,,
675.mp4,0.33,0,0,0.02,0,2.287108213,,,,,,,,
676.mp4,0.14,0,0,0,0,1.592324928,,,,,,,,
677.mp4,0.14,0.01,0.12,0.03,0.17,1.592324928,,,,,,,,
678.mp4,0.15,0.12,0.02,0.06,0.06,1.674542746,,,,,,,,
679.mp4,0.24,0,0,0,0,2.252876136,,,,,,,,
680.mp4,0.23,0.01,0.02,0.01,0.01,2.210348406,,,,,,,,
681.mp4,0.06,0,0,0,0,0.939211679,,,,,,,,
682.mp4,0.32,0.01,0.05,0,0.19,2.315251091,,,,,,,,
683.mp4,0.25,0,0,0.01,0,2.288253424,,,,,,,,
684.mp4,0.27,0,0.02,0.04,0.02,2.336191351,,,,,,,,
685.mp4,0.21,0,0,0.01,0,2.105611546,,,,,,,,
686.mp4,0.36,0,0.02,0,0.02,2.159205202,,,,,,,,
687.mp4,0.2,0.02,0.06,0,0.09,2.044430503,,,,,,,,
688.mp4,0.53,0.02,0.06,0.01,0.09,0.862991527,,,,,,,,
689.mp4,0.18,0,0.01,0.07,0,1.907353664,,,,,,,,
690.mp4,0.37,0,0.02,0.09,0.01,2.103504467,,,,,,,,
691.mp4,0.36,0,0.01,0,0.01,2.159205202,,,,,,,,
692.mp4,0.39,0.17,0.01,0.26,0.01,1.975664327,,,,,,,,
693.mp4,0.33,0,0.22,0.3,0.25,2.287108213,,,,,,,,
694.mp4,0.22,0,0,0,0,2.161097599,,,,,,,,
695.mp4,0.22,0.07,0.01,0.05,0.04,2.161097599,,,,,,,,
696.mp4,0.11,0.06,0.04,0.11,0.03,1.3408476,,,,,,,,
697.mp4,0.12,0,0.29,0.02,0.12,1.424863576,,,,,,,,
698.mp4,0.28,0.03,0,0.04,0.01,2.348258465,,,,,,,,
699.mp4,0.3,0,0.02,0.18,0.01,2.347964599,,,,,,,,
700.mp4,0.39,0,0,0.08,0.01,1.975664327,,,,,,,,
701.mp4,0.8,0,0.01,0,0,0.025505087,,,,,,,,
702.mp4,0.39,0.08,0.02,0.01,0.04,1.975664327,,,,,,,,
703.mp4,0.22,0,0.18,0,0.1,2.161097599,,,,,,,,
704.mp4,0.25,0,0,0.06,0.02,2.288253424,,,,,,,,
705.mp4,0.25,0,0.02,0.04,0.01,2.288253424,,,,,,,,
706.mp4,0.17,0.07,0.08,0.01,0.02,1.832719519,,,,,,,,
707.mp4,0.23,0,0,0,0,2.210348406,,,,,,,,
708.mp4,0.32,0.42,0.09,0.05,0.13,2.315251091,,,,,,,,
709.mp4,0.29,0,0,0,0,2.352196544,,,,,,,,
710.mp4,0.03,0,0,0.01,0,0.727573107,,,,,,,,
711.mp4,0.23,0,0,0.02,0,2.210348406,,,,,,,,
712.mp4,0.43,0,0,0,0.07,1.671611354,,,,,,,,
713.mp4,0.29,0.01,0,0.01,0,2.352196544,,,,,,,,
714.mp4,0.58,0,0,0.15,0.05,0.54428407,,,,,,,,
715.mp4,0.25,0.07,0,0,0,2.288253424,,,,,,,,
716.mp4,0.34,0.1,0,0.01,0,2.251466842,,,,,,,,
717.mp4,0.07,0.02,0,0.04,0,1.015561478,,,,,,,,
718.mp4,0.48,0,0,0,0,1.25442036,,,,,,,,
719.mp4,0.13,0,0.02,0,0.01,1.508889291,,,,,,,,
720.mp4,0.25,0,0,0.17,0,2.288253424,,,,,,,,
721.mp4,0.28,0,0,0.02,0,2.348258465,,,,,,,,
722.mp4,0.38,0.06,0.09,0.11,0.13,2.042129059,,,,,,,,
723.mp4,0.03,0,0.02,0.02,0,0.727573107,,,,,,,,
724.mp4,0.18,0,0.03,0,0.1,1.907353664,,,,,,,,
725.mp4,0.15,0,0,0.4,0.02,1.674542746,,,,,,,,
726.mp4,0.28,0,0.01,0.16,0.04,2.348258465,,,,,,,,
727.mp4,0.29,0,0,0,0,2.352196544,,,,,,,,
728.mp4,0.48,0,0,0.02,0,1.25442036,,,,,,,,
729.mp4,0.17,0,0,0,0.01,1.832719519,,,,,,,,
730.mp4,0.13,0.05,0,0,0,1.508889291,,,,,,,,
731.mp4,0.4,0.02,0.01,0.13,0.01,1.904729717,,,,,,,,
732.mp4,0.31,0,0,0.01,0,2.335606676,,,,,,,,
733.mp4,0.04,0.03,0,0.06,0,0.794966255,,,,,,,,
734.mp4,0.16,0.22,0,0,0,1.754894483,,,,,,,,
735.mp4,0.26,0,0,0.05,0,2.316120514,,,,,,,,
736.mp4,0.69,0.02,0.01,0.02,0.01,0.145401047,,,,,,,,
737.mp4,0.02,0,0,0,0,0.663582323,,,,,,,,
738.mp4,0.24,0,0.06,0.04,0.15,2.252876136,,,,,,,,
739.mp4,0.18,0,0,0.01,0.09,1.907353664,,,,,,,,
740.mp4,0.18,0,0,0.03,0,1.907353664,,,,,,,,
741.mp4,0.23,0,0.18,0.05,0.06,2.210348406,,,,,,,,
742.mp4,0.21,0.48,0.01,0,0.03,2.105611546,,,,,,,,
743.mp4,0.42,0.01,0.06,0.08,0.02,1.752041684,,,,,,,,
744.mp4,0,0.04,0,0.02,0,0.546263053,,,,,,,,
745.mp4,0.18,0,0,0.01,0,1.907353664,,,,,,,,
746.mp4,0.7,0,0,0.01,0.02,0.126297431,,,,,,,,
747.mp4,0.08,0,0,0,0,1.094307006,,,,,,,,
748.mp4,0.38,0.34,0,0.23,0.01,2.042129059,,,,,,,,
749.mp4,0.36,0.11,0,0.07,0.21,2.159205202,,,,,,,,
750.mp4,0.34,0,0.05,0.02,0.06,2.251466842,,,,,,,,
751.mp4,0.18,0,0,0.07,0.01,1.907353664,,,,,,,,
752.mp4,0.2,0,0,0,0,2.044430503,,,,,,,,
753.mp4,0.29,0,0,0,0,2.352196544,,,,,,,,
754.mp4,0.36,0,0.19,0,0.26,2.159205202,,,,,,,,
755.mp4,0.23,0,0,0.02,0,2.210348406,,,,,,,,
756.mp4,0.17,0,0.02,0,0.16,1.832719519,,,,,,,,
757.mp4,0.35,0,0.01,0.27,0,2.208689281,,,,,,,,
758.mp4,0.11,0,0,0.12,0,1.3408476,,,,,,,,
759.mp4,0.26,0.01,0,0,0,2.316120514,,,,,,,,
760.mp4,0.71,0,0,0.01,0.01,0.109323047,,,,,,,,
761.mp4,0.27,0.03,0.16,0.11,0.14,2.336191351,,,,,,,,
762.mp4,0.31,0,0.23,0,0.32,2.335606676,,,,,,,,
763.mp4,0.28,0,0.26,0,0.35,2.348258465,,,,,,,,
764.mp4,0.82,0.1,0.1,0.09,0.11,0.017764623,,,,,,,,
765.mp4,0.96,0,0.1,0.25,0.19,0.000957118,,,,,,,,
766.mp4,0.1,0,0,0.02,0,1.257406728,,,,,,,,
767.mp4,0.08,0,0,0,0,1.094307006,,,,,,,,
768.mp4,0.08,0.04,0,0,0,1.094307006,,,,,,,,
769.mp4,0.34,0,0.15,0.03,0.16,2.251466842,,,,,,,,
770.mp4,0.33,0,0,0.01,0,2.287108213,,,,,,,,
771.mp4,0.19,0.03,0,0.37,0.05,1.978138415,,,,,,,,
772.mp4,0.41,0.05,0.27,0.25,0.17,1.829969211,,,,,,,,
773.mp4,0.06,0,0,0,0,0.939211679,,,,,,,,
774.mp4,0.27,0,0.04,0,0.01,2.336191351,,,,,,,,
775.mp4,0.09,0,0,0.09,0.03,1.175066287,,,,,,,,
776.mp4,0.35,0,0.01,0.03,0.01,2.208689281,,,,,,,,
777.mp4,0.22,0,0,0,0,2.161097599,,,,,,,,
778.mp4,0.3,0.52,0.04,0.01,0.04,2.347964599,,,,,,,,
779.mp4,0.39,0,0.01,0,0,1.975664327,,,,,,,,
780.mp4,0.29,0,0.19,0.22,0.18,2.352196544,,,,,,,,
781.mp4,0.25,0,0,0.02,0,2.288253424,,,,,,,,
782.mp4,0.11,0,0,0,0.01,1.3408476,,,,,,,,
783.mp4,0.65,0.19,0,0,0,0.246695855,,,,,,,,
784.mp4,0.79,0.05,0.02,0.06,0.01,0.030401679,,,,,,,,
785.mp4,0.21,0,0.01,0.01,0.01,2.105611546,,,,,,,,
786.mp4,0.45,0,0.01,0.01,0.01,1.50587092,,,,,,,,
787.mp4,0.48,0,0,0.12,0,1.25442036,,,,,,,,
788.mp4,0.22,0,0.01,0.01,0,2.161097599,,,,,,,,
789.mp4,0.18,0,0,0.01,0,1.907353664,,,,,,,,
790.mp4,0.25,0,0,0,0,2.288253424,,,,,,,,
791.mp4,0.27,0,0,0.01,0,2.336191351,,,,,,,,
792.mp4,0.2,0.27,0.02,0.01,0,2.044430503,,,,,,,,
793.mp4,0.27,0,0,0,0,2.336191351,,,,,,,,
794.mp4,0.46,0,0,0,0,1.421835335,,,,,,,,
795.mp4,0.32,0.05,0.01,0.12,0.01,2.315251091,,,,,,,,
796.mp4,0.42,0.02,0.02,0.02,0.02,1.752041684,,,,,,,,
797.mp4,0.1,0.01,0,0,0,1.257406728,,,,,,,,
798.mp4,0.22,0,0.38,0.08,0.14,2.161097599,,,,,,,,
799.mp4,0.29,0,0,0,0,2.352196544,,,,,,,,
800.mp4,0.26,0.01,0.14,0.05,0.12,2.316120514,,,,,,,,
801.mp4,0.86,0,0,0,0,0.008266031,,,,,,,,
802.mp4,0.19,0.49,0.06,0.51,0.28,1.978138415,,,,,,,,
803.mp4,0.31,0.09,0,0.01,0,2.335606676,,,,,,,,
804.mp4,0.34,0,0,0.01,0,2.251466842,,,,,,,,
805.mp4,0.16,0.62,0,0,0.01,1.754894483,,,,,,,,
806.mp4,0.33,0,0.02,0.02,0.02,2.287108213,,,,,,,,
807.mp4,0.34,0,0,0.09,0,2.251466842,,,,,,,,
808.mp4,0.38,0,0,0.02,0,2.042129059,,,,,,,,
809.mp4,0.2,0,0,0,0,2.044430503,,,,,,,,
810.mp4,0.26,0,0,0,0.02,2.316120514,,,,,,,,
811.mp4,0.28,0,0,0,0,2.348258465,,,,,,,,
812.mp4,0.52,0,0,0,0,0.936512097,,,,,,,,
813.mp4,0.36,0.33,0.16,0.05,0.16,2.159205202,,,,,,,,
814.mp4,0.18,0,0,0.03,0.02,1.907353664,,,,,,,,
815.mp4,0.41,0,0.02,0,0.04,1.829969211,,,,,,,,
816.mp4,0.13,0.31,0.01,0.02,0.17,1.508889291,,,,,,,,
817.mp4,0.5,0.07,0.01,0.02,0,1.091434784,,,,,,,,
818.mp4,0.88,0,0,0,0,0.005522159,,,,,,,,
819.mp4,0.43,0.11,0,0,0,1.671611354,,,,,,,,
820.mp4,0.38,0.25,0,0.09,0,2.042129059,,,,,,,,
821.mp4,0.32,0,0,0.01,0.02,2.315251091,,,,,,,,
822.mp4,0.3,0,0.01,0.05,0.01,2.347964599,,,,,,,,
823.mp4,0.69,0,0,0,0,0.145401047,,,,,,,,
824.mp4,0.71,0.01,0.02,0,0.02,0.109323047,,,,,,,,
825.mp4,0.12,0,0,0.04,0,1.424863576,,,,,,,,
826.mp4,0.3,0,0,0.01,0,2.347964599,,,,,,,,
827.mp4,0.31,0,0.61,0.59,0.39,2.335606676,,,,,,,,
828.mp4,0.2,0.13,0,0,0,2.044430503,,,,,,,,
829.mp4,0.18,0,0,0,0,1.907353664,,,,,,,,
830.mp4,0.77,0,0,0.01,0,0.042747404,,,,,,,,
831.mp4,0.25,0.09,0,0.2,0,2.288253424,,,,,,,,
832.mp4,0.43,0.01,0,0.02,0,1.671611354,,,,,,,,
833.mp4,0.32,0,0,0.1,0.01,2.315251091,,,,,,,,
834.mp4,0.01,0,0,0,0,0.60311927,,,,,,,,
835.mp4,0.48,0.01,0,0.01,0,1.25442036,,,,,,,,
836.mp4,0.15,0,0,0,0,1.674542746,,,,,,,,
837.mp4,0.4,0,0.01,0.09,0.02,1.904729717,,,,,,,,
838.mp4,0.36,0,0,0.02,0,2.159205202,,,,,,,,
839.mp4,0.26,0,0.04,0.02,0.06,2.316120514,,,,,,,,
840.mp4,0.22,0.04,0.01,0.1,0.04,2.161097599,,,,,,,,
841.mp4,0.33,0.06,0,0.53,0,2.287108213,,,,,,,,
842.mp4,0.48,0,0.14,0,0,1.25442036,,,,,,,,
843.mp4,0.15,0,0,0,0,1.674542746,,,,,,,,
844.mp4,0.29,0,0,0.01,0,2.352196544,,,,,,,,
845.mp4,0.49,0,0.01,0,0.01,1.17212878,,,,,,,,
846.mp4,0.07,0,0,0.05,0,1.015561478,,,,,,,,
847.mp4,0.22,0.02,0.01,0.23,0.01,2.161097599,,,,,,,,
848.mp4,0.4,0,0,0,0,1.904729717,,,,,,,,
849.mp4,0.3,0,0,0,0,2.347964599,,,,,,,,
850.mp4,0.3,0,0.01,0,0,2.347964599,,,,,,,,
851.mp4,0.28,0.01,0,0,0,2.348258465,,,,,,,,
852.mp4,0.25,0,0,0.16,0,2.288253424,,,,,,,,
853.mp4,0.19,0,0,0.05,0.05,1.978138415,,,,,,,,
854.mp4,0.36,0,0,0,0,2.159205202,,,,,,,,
855.mp4,0.42,0,0.01,0.01,0.01,1.752041684,,,,,,,,
856.mp4,0.01,0,0,0,0,0.60311927,,,,,,,,
857.mp4,0.05,0,0,0.03,0,0.8655875,,,,,,,,
858.mp4,0.2,0,0,0,0,2.044430503,,,,,,,,
859.mp4,0.3,0,0,0,0,2.347964599,,,,,,,,
860.mp4,0.04,0,0,0.04,0,0.794966255,,,,,,,,
861.mp4,0.22,0,0,0.03,0,2.161097599,,,,,,,,
862.mp4,0.21,0,0,0.05,0,2.105611546,,,,,,,,
863.mp4,0.22,0,0,0,0,2.161097599,,,,,,,,
864.mp4,0.23,0,0,0,0,2.210348406,,,,,,,,
865.mp4,0.26,0.01,0.05,0.18,0.06,2.316120514,,,,,,,,
866.mp4,0.34,0,0,0,0,2.251466842,,,,,,,,
867.mp4,0.11,0.1,0.01,0.03,0,1.3408476,,,,,,,,
868.mp4,0.3,0.01,0.33,0.26,0.35,2.347964599,,,,,,,,
869.mp4,0.77,0.12,0.02,0.05,0.06,0.042747404,,,,,,,,
870.mp4,0.16,0,0,0,0,1.754894483,,,,,,,,
871.mp4,0.24,0,0,0,0.01,2.252876136,,,,,,,,
872.mp4,0.49,0,0.01,0,0.07,1.17212878,,,,,,,,
873.mp4,0.82,0,0,0.07,0,0.017764623,,,,,,,,
874.mp4,0.32,0.01,0,0.01,0,2.315251091,,,,,,,,
875.mp4,0.41,0.03,0,0.07,0,1.829969211,,,,,,,,
876.mp4,0.36,0,0.01,0.05,0.02,2.159205202,,,,,,,,
877.mp4,0.45,0,0,0,0.02,1.50587092,,,,,,,,
878.mp4,0.34,0,0,0,0,2.251466842,,,,,,,,
879.mp4,0.4,0.18,0.18,0.01,0.05,1.904729717,,,,,,,,
880.mp4,0.31,0,0.01,0,0.02,2.335606676,,,,,,,,
881.mp4,0.33,0,0,0,0,2.287108213,,,,,,,,
882.mp4,0.2,0.01,0,0,0,2.044430503,,,,,,,,
883.mp4,0.06,0,0,0,0,0.939211679,,,,,,,,
884.mp4,0.1,0,0,0,0,1.257406728,,,,,,,,
885.mp4,0.33,0,0,0.02,0,2.287108213,,,,,,,,
886.mp4,0.42,0,0,0,0,1.752041684,,,,,,,,
887.mp4,0.28,0,0,0,0,2.348258465,,,,,,,,
888.mp4,0.45,0,0,0,0,1.50587092,,,,,,,,
889.mp4,0.68,0.18,0,0.03,0,0.166813338,,,,,,,,
890.mp4,0.21,0.11,0.09,0.1,0.08,2.105611546,,,,,,,,
891.mp4,0.22,0,0,0,0,2.161097599,,,,,,,,
892.mp4,0.26,0.01,0.01,0,0.01,2.316120514,,,,,,,,
893.mp4,0.3,0,0.01,0,0.04,2.347964599,,,,,,,,
894.mp4,0.3,0,0.06,0,0.02,2.347964599,,,,,,,,
895.mp4,0.2,0,0,0,0.02,2.044430503,,,,,,,,
896.mp4,0.32,0,0,0,0,2.315251091,,,,,,,,
897.mp4,0.4,0.1,0.25,0.05,0.34,1.904729717,,,,,,,,
898.mp4,0.06,0,0,0,0,0.939211679,,,,,,,,
899.mp4,0.2,0,0,0,0,2.044430503,,,,,,,,
900.mp4,0.11,0,0,0,0,1.3408476,,,,,,,,
901.mp4,0.1,0.01,0,0,0,1.257406728,,,,,,,,
902.mp4,0.45,0,0.08,0.09,0.11,1.50587092,,,,,,,,
903.mp4,0.36,0,0.14,0.21,0.21,2.159205202,,,,,,,,
904.mp4,0.11,0,0,0.18,0,1.3408476,,,,,,,,
905.mp4,0.36,0,0.06,0.01,0.01,2.159205202,,,,,,,,
906.mp4,0.38,0,0.15,0.11,0.2,2.042129059,,,,,,,,
907.mp4,0.49,0.01,0.08,0.04,0.06,1.17212878,,,,,,,,
908.mp4,0.29,0.03,0.06,0.27,0.61,2.352196544,,,,,,,,
909.mp4,0.39,0,0.12,0,0.23,1.975664327,,,,,,,,
910.mp4,0.1,0.08,0,0.56,0,1.257406728,,,,,,,,
911.mp4,0.64,0,0.05,0,0.04,0.279116814,,,,,,,,
912.mp4,0.36,0.04,0,0.02,0,2.159205202,,,,,,,,
913.mp4,0.26,0.04,0,0.12,0.01,2.316120514,,,,,,,,
914.mp4,0.34,0,0,0,0,2.251466842,,,,,,,,
915.mp4,0.37,0,0,0.07,0,2.103504467,,,,,,,,
916.mp4,0.25,0.06,0.17,0.23,0.61,2.288253424,,,,,,,,
917.mp4,0.35,0.05,0.1,0.24,0.1,2.208689281,,,,,,,,
918.mp4,0.07,0,0,0,0,1.015561478,,,,,,,,
919.mp4,0.17,0,0,0.09,0,1.832719519,,,,,,,,
920.mp4,0.28,0,0,0,0,2.348258465,,,,,,,,
921.mp4,0.27,0,0,0.02,0,2.336191351,,,,,,,,
922.mp4,0.09,0,0,0,0.01,1.175066287,,,,,,,,
923.mp4,0.24,0,0,0.04,0.02,2.252876136,,,,,,,,
924.mp4,0.32,0.13,0.03,0.02,0.07,2.315251091,,,,,,,,
925.mp4,0.45,0,0.04,0,0.08,1.50587092,,,,,,,,
926.mp4,0.25,0,0,0.01,0,2.288253424,,,,,,,,
927.mp4,0.27,0,0.02,0.03,0.04,2.336191351,,,,,,,,
928.mp4,0.29,0,0.01,0.15,0.05,2.352196544,,,,,,,,
929.mp4,0.14,0.02,0.01,0.01,0.01,1.592324928,,,,,,,,
930.mp4,0.4,0,0,0.01,0,1.904729717,,,,,,,,
931.mp4,0.06,0,0.04,0.2,0.09,0.939211679,,,,,,,,
932.mp4,0.53,0.02,0.62,0.01,0.64,0.862991527,,,,,,,,
933.mp4,0.32,0,0,0.35,0.03,2.315251091,,,,,,,,
934.mp4,0.49,0,0,0.1,0,1.17212878,,,,,,,,
935.mp4,0.3,0,0.03,0,0.09,2.347964599,,,,,,,,
936.mp4,0.09,0,0,0.01,0.03,1.175066287,,,,,,,,
937.mp4,0.32,0,0,0,0,2.315251091,,,,,,,,
938.mp4,0.35,0,0,0,0,2.208689281,,,,,,,,
939.mp4,0.1,0,0,0.01,0,1.257406728,,,,,,,,
940.mp4,0.24,0.13,0,0.15,0.06,2.252876136,,,,,,,,
941.mp4,0.16,0,0,0.01,0.07,1.754894483,,,,,,,,
942.mp4,0.47,0,0,0,0,1.337830478,,,,,,,,
943.mp4,0.52,0,0,0,0,0.936512097,,,,,,,,
944.mp4,0.18,0,0,0.14,0,1.907353664,,,,,,,,
945.mp4,0.21,0,0.08,0.07,0.15,2.105611546,,,,,,,,
946.mp4,0.18,0.03,0,0.04,0.01,1.907353664,,,,,,,,
947.mp4,0.3,0,0.05,0,0.05,2.347964599,,,,,,,,
948.mp4,0.09,0.03,0.04,0.09,0.08,1.175066287,,,,,,,,
949.mp4,0.22,0.62,0.02,0.16,0.08,2.161097599,,,,,,,,
950.mp4,0.22,0,0,0.01,0,2.161097599,,,,,,,,
951.mp4,0.28,0.14,0,0.25,0,2.348258465,,,,,,,,
952.mp4,0.44,0,0,0,0,1.589338546,,,,,,,,
953.mp4,0.48,0.01,0,0.05,0.01,1.25442036,,,,,,,,
954.mp4,0.28,0,0.01,0.12,0.02,2.348258465,,,,,,,,
955.mp4,0.35,0,0,0.03,0,2.208689281,,,,,,,,
956.mp4,0.26,0,0.02,0.06,0.08,2.316120514,,,,,,,,
957.mp4,0.19,0,0,0.04,0,1.978138415,,,,,,,,
958.mp4,0.14,0.14,0,0.01,0,1.592324928,,,,,,,,
959.mp4,0.29,0,0.01,0,0.12,2.352196544,,,,,,,,
960.mp4,0.3,0,0,0,0,2.347964599,,,,,,,,
961.mp4,0.35,0.05,0,0.03,0.01,2.208689281,,,,,,,,
962.mp4,0.13,0,0,0.02,0,1.508889291,,,,,,,,
963.mp4,0.26,0,0.07,0.11,0.05,2.316120514,,,,,,,,
964.mp4,0.42,0,0,0.02,0.01,1.752041684,,,,,,,,
965.mp4,0.24,0.22,0.01,0.35,0.07,2.252876136,,,,,,,,
966.mp4,0.24,0,0,0.03,0,2.252876136,,,,,,,,
967.mp4,0.42,0,0,0,0,1.752041684,,,,,,,,
968.mp4,0.34,0,0,0.03,0,2.251466842,,,,,,,,
969.mp4,0.32,0.05,0,0.15,0,2.315251091,,,,,,,,
970.mp4,0.28,0,0,0,0,2.348258465,,,,,,,,
971.mp4,0.19,0,0.11,0.07,0.16,1.978138415,,,,,,,,
972.mp4,0.36,0,0.02,0.1,0.06,2.159205202,,,,,,,,
973.mp4,0.3,0.01,0.03,0.01,0.02,2.347964599,,,,,,,,
974.mp4,0.25,0.04,0,0,0,2.288253424,,,,,,,,
975.mp4,0.32,0.01,0.3,0.11,0.4,2.315251091,,,,,,,,
976.mp4,0.26,0.08,0,0.01,0.03,2.316120514,,,,,,,,
977.mp4,0.35,0.01,0.01,0.04,0.01,2.208689281,,,,,,,,
978.mp4,0.39,0.05,0.01,0.06,0,1.975664327,,,,,,,,
979.mp4,0.48,0,0.04,0,0.02,1.25442036,,,,,,,,
980.mp4,0.09,0.01,0.04,0,0.05,1.175066287,,,,,,,,
981.mp4,0.43,0,0,0.01,0,1.671611354,,,,,,,,
982.mp4,0.28,0,0,0,0,2.348258465,,,,,,,,
983.mp4,0.4,0,0.09,0.03,0.07,1.904729717,,,,,,,,
984.mp4,0.27,0.08,0,0.01,0.02,2.336191351,,,,,,,,
985.mp4,0.89,0,0,0.01,0,0.00449004,,,,,,,,
986.mp4,0.23,0,0,0.14,0,2.210348406,,,,,,,,
987.mp4,0.11,0,0,0,0,1.3408476,,,,,,,,
988.mp4,0.21,0,0.01,0,0.01,2.105611546,,,,,,,,
989.mp4,0.29,0.09,0.26,0.15,0.31,2.352196544,,,,,,,,
990.mp4,0.16,0,0,0,0,1.754894483,,,,,,,,
991.mp4,0.17,0,0,0,0,1.832719519,,,,,,,,
992.mp4,0.39,0.01,0.01,0.69,0,1.975664327,,,,,,,,
993.mp4,0.3,0.03,0,0.04,0,2.347964599,,,,,,,,
994.mp4,0.51,0.02,0,0,0,1.012769183,,,,,,,,
995.mp4,0.32,0,0,0,0,2.315251091,,,,,,,,
996.mp4,0.25,0,0,0,0,2.288253424,,,,,,,,
997.mp4,0.23,0,0.01,0.03,0.07,2.210348406,,,,,,,,
998.mp4,0.13,0.07,0,0.06,0,1.508889291,,,,,,,,
999.mp4,0.12,0,0,0,0,1.424863576,,,,,,,,
