Celeb_Real,Celeb_Fake
0.01,0.012793177
0.01,0.01650165
0,0
0.01,0.002057613
0,0
0,0
0,0
0,0
0,0
0,0
0.13,0
0,0
0.02,0
0,0
0.18,0
0.12,0
0.09,0
0.02,0
0.04,0
0.04,0
0.01,0
0,0
0.08,0
0.03,0
0.05,0
0,0
0.03,0.006396588
0,0
0.04,0
0,0
0.12,0
0,0
0.01,0
0.04,0
0,0
0,0.006396588
0.02,0
0.02,0
0,0
0,0
0.03,0
0,0
0,0
0,0
0.08,0.006396588
0,0.003333333
0,0
0.01,0
0,0
0,0
0,0
0,0.002132196
0.06,0.009933775
0,0
0.04,0
0.04,0
0.06,0
0,0
0.04,0
0,0
0,0
0,0.017057569
0,0.006644518
0,0
0,0.014084507
0.04,0
0,0
0,0
0.04,0
0,0
0,0
0,0.008528785
0.05,0.009966777
0,0
0,0.002004008
0,0
0,0.009411765
0.04,0
0,0
0,0
0,0
0,0
0,0.013245033
0,0
0,0.00804829
0,0
0,0
0,0
0,0
0.03,0
0,0
0,0.002132196
0,0
0,0
0,0
0,0
0,0
0,0
0,0
0,0.010660981
0.07,0.00990099
0,0
0,0
0,0
0,0
0,0.004264392
0,0.00330033
0.08,0
0,0
0,0
0,0
0,0
0,0
0,0
0,0
0,0.040498442
0,0
0,0.149712092
0.01,0.092307692
0,0.090225564
0,0.027237354
0,0.036649215
0,0
0,0.00931677
0,0
0.09,0.130518234
0,0.044510386
0,0.051851852
0,0.017509728
0.04,0
0.02,0
0,0.046439628
0.02,0
0,0.101727447
0.02,0.051359517
0.04,0.082089552
0,0.025291829
0.01,0.002631579
0.08,0
0,0.031055901
0,0
0,0.172744722
0.05,0.080838323
0,0.091603053
0,0.031128405
0.16,0.005263158
0.05,0.03046595
0,0.028735632
0,0.008988764
0,0.069832402
0.01,0.031545741
0,0.029850746
0,0.00304878
0.07,0.028481013
0,0
0.02,0.04787234
0,0.01511335
0,0.124137931
0,0.007518797
0,0.019553073
0.04,0
0.05,0.02866242
0,0.038709677
0,0.002659574
0,0.020050125
0.01,0.013850416
0.01,0.006060606
0,0.015923567
0,0.025806452
0,0
0,0
0,0
0.01,0
0,0.006472492
0,0
0.01,0.004357298
0,0.002164502
0,0
0,0.074358974
0.01,0.006085193
0.02,0
0,0
0.02,0.0175
0.14,0
0.01,0
0.01,0
0,0
0,0.013043478
0,0.009195402
0.01,0
0,0
0,0
0,0.02173913
0.02,0.050314465
0,0.064748201
0.01,0.00330033
0.02,0.03601108
0.05,0
0,0.013392857
0,0
0.02,0
0,0
0,0.097826087
0,0
0,0
0.02,0.024767802
0.02,0.006269592
0.1,0.016990291
0,0
0.02,0.026315789
0,0.002688172
0,0
0.01,0
0,0
0,0
0,0.036231884
0,0
0,0
0,0.021341463
0,0.01863354
0.03,0.04368932
0,0
0,0.034188034
0,0
0,0
0,0
0,0
0,0
0,0.072463768
0.04,0
0,0
0,0.009230769
0,0.019292605
0,0.055696203
0,0
0,0.026392962
0,0
0.01,0
0.02,0
0.09,0
0.07,0
0,0.061594203
0.02,0
0.02,0
0.05,0.012383901
0.01,0.0125
0,0.032258065
0,0
0,0.014084507
0,0
0,0
0,0
0,0
0,0
0,0.036231884
0.02,0
0,0
0,0.052959502
0,0.034591195
0.01,0.103274559
0,0
0,0.036144578
0.01,0
0,0
0,0
0.01,0
0,0.079710145
0,0
0,0
0.07,0.065625
0,0
0.01,0.017857143
0.01,0
0.01,0.028328612
0,0
0.02,0
0.01,0
0,0
0,0
0,0.08
0.03,0
0.03,0
0.01,0.047021944
0,0.043613707
0,0.0675
0.01,0.00330033
0,0.020710059
0,0
0,0.004464286
0,0
0,0
0,0
0,0.047101449
0,0
0,0
0,0.076923077
0,0.025316456
0,0.118932039
0,0
0.07,0.023460411
0.03,0
0,0.013392857
0,0
0,0
0.19,0.00955414
0.06,0.134057971
0.02,0
0.2,0
0,0.037151703
0,0.031545741
0.07,0.058080808
0.01,0.00330033
0,0
0,0
0,0
0,0
0.07,0
0,0.126811594
0,0
0,0
0.03,0.009090909
0.02,0.012779553
0,0.012722646
0.19,0
0.05,0
0.19,0
0,0
0.08,0
0,0
0.01,0.028985507
0.02,0
0.06,0
0.01,0.033950617
0,0.028301887
0,0.047029703
0.05,0
0,0
0.03,0
0.07,0
0,0
0.02,0
0,0
0.01,0.050909091
0,0
0.1,0
0,0.030864198
0,0.022151899
0,0.08
0,0
0.08,0.01744186
0.24,0
0,0
0,0
0,0.047101449
0.06,0
0.01,0
0,0.01875
0.01,0.034700315
0.01,0.055825243
0.03,0
0,0.022727273
0,0
0.01,0
0.06,0
0.01,0
0,0.012820513
0,0.054347826
0.17,0
0.05,0
0.13,0.006153846
0,0.041009464
0.03,0.073170732
0.01,0
0,0.023376623
0.08,0
0.01,0.017857143
0.04,0
0.01,0
0.01,0
0.02,0.029090909
0,0
0,0
0.01,0.01242236
0.09,0
0,0.02195122
0,0
0,0.014245014
0.03,0
0.01,0
0.17,0
0,0
0.01,0
0.02,0.032608696
0.02,0
0.02,0
0,0.048231511
0.01,0
0,0.009009009
0.06,0
0.02,0.166666667
0.38,0
0,0
0.08,0.00729927
0.05,0.03257329
0.1,0.038709677
0.11,0
0.02,0
0.05,0
0.02,0.055555556
0,0
0,0
0,0.00729927
0,0.016286645
0,0.032051282
0,0
0.01,0.003115265
0,0
0,0.055555556
0,0
0,0
0.15,0
0.01,0
0,0.019480519
0.04,0
0.18,0
0.02,0
0,0.032679739
0.01,0
0.02,0
0.06,0
0.02,0.013114754
0,0.051948052
0.03,0
0.1,0
0.03,0
0,0.016339869
0.03,0
0,0
0.03,0
0,0.064935065
0.01,0
0.01,0
0.07,0
0,0.10130719
0.01,0
0,0
0.01,0.003636364
0,0.03525641
0,0.035714286
0.01,0
0,0
0.02,0
0.01,0.055555556
0.16,0
0,0
0.01,0.003636364
0.04,0
0,0.084415584
0,0
0,0
0.01,0
0.04,0.114379085
0.02,0
0.05,0
0.02,0
0.06,0.029508197
0.22,0.366559486
0,0
0.02,0.003030303
0.02,0
0.01,0.150326797
0,0
0.05,0
0.02,0.02189781
0.01,0.026058632
0.03,0.045454545
0.08,0
0.01,0
0.01,0
0.01,0.022875817
0.01,0
0.04,0
0.08,0
0.02,0
0.03,0.051948052
0.03,0
0,0
0.05,0
0.05,0.009803922
0.01,0
0.2,0
0.02,0
0.1,0
0.05,0.074675325
0.01,0
0,0
0.02,0
0.07,0.04248366
0.07,0
0,0
0,0
0,0.009836066
0,0.198051948
0.05,0
0.02,0.006097561
0.01,0
0,0.078431373
0,0
0,0
0,0
0,0.006557377
0,0.131832797
0,0
0,0
0,0
0,0.058823529
0.01,0
0,0
0,0
0.03,0.026058632
0.02,0.038585209
0.02,0
0.04,0.012012012
0.03,0
0.05,0.045751634
0.01,0
0.01,0.019704433
0.01,0
0.01,0.016286645
0,0.009677419
0.02,0
0.02,0
0.22,0
0,0.026143791
0,0
0,0
0.03,0
0,0
0.01,0
0,0
0,0
0,0
0,0
0,0
0,0
0,0
0.02,0
0,0
0,0
0.01,0
0.03,0
0.04,0
0,0
0,0
0,0
0.11,0
0,0
0.05,0
0.11,0
0,0
0.01,0
0.05,0
0.03,0
0.05,0
0.09,0
0.05,0
0.01,0
0.02,0
0,0
0.01,0.006097561
0.21,0
0,0
0.1,0
0,0
0,0.00619195
0.15,0.006097561
0.02,0
0.04,0
0,0
0,0
0,0
0.02,0
0,0
0,0
0,0
0,0
0,0
0,0
0,0
0,0
,0
,0
,0
,0
,0
,0
,0
,0
,0
,0
,0
,0
,0
,0
,0
,0
,0
,0
,0
,0
,0.005524862
,0.025735294
,0.005
,0
,0
,0.028436019
,0.001976285
,0
,0.002439024
,0
,0.036764706
,0
,0
,0
,0.009478673
,0
,0
,0
,0
,0.029411765
,0
,0
,0
,0
,0
,0
,0
,0
,0.022058824
,0
,0
,0
,0
,0
,0
,0
,0
,0.014705882
,0
,0
,0
,0
,0.001992032
,0
,0
,0.051470588
,0
,0
,0
,0.011848341
,0.001992032
,0
,0
,0
,0.025735294
,0
,0
,0
,0
,0
,0
,0
,0
,0
,0.0625
,0
,0.0155902
,0
,0.011848341
,0.003968254
,0
,0
,0.011111111
,0.051470588
,0.0025
,0
,0
,0.016587678
,0.005681818
,0
,0
,0
,0.018382353
,0
,0.002227171
,0
,0
,0
,0
,0
,0
,0.003676471
,0
,0.004424779
,0
,0
,0.002016129
,0
,0
,0
,0.022058824
,0
,0
,0
,0
,0
,0
,0
,0
,0.058823529
,0
,0
,0
,0.026066351
,0.007920792
,0
,0
,0
,0.018382353
,0
,0
,0
,0
,0.001992032
,0
,0
,0
,0.014705882
,0
,0
,0
,0
,0.009940358
,0
,0
,0
,0.091911765
,0
,0.002212389
,0
,0.011848341
,0.005905512
,0
,0
,0
,0
,0
,0
,0
,0
,0
,0
,0
,0
,0
,0.08681672
,0.005882353
,0
,0
,0
,0.092814371
,0
,0
,0.074193548
,0.002932551
,0
,0
,0.005865103
,0
,0.101796407
,0
,0
,0.054313099
,0
,0
,0
,0
,0.116071429
,0
,0.025157233
,0
,0.003021148
,0
,0.023880597
,0
,0
,0.038709677
,0
,0
,0
,0.003012048
,0
,0
,0.014925373
,0
,0
,0.019169329
,0
,0
,0
,0
,0.172106825
,0
,0.041401274
,0
,0
,0
,0
,0.029761905
,0
,0.134185304
,0
,0
,0
,0
,0.002816901
,0.195845697
,0
,0
,0.087378641
,0
,0
,0
,0
,0.065281899
,0
,0
,0.051282051
,0
,0
,0
,0
,0.105095541
,0
,0.011940299
,0.002941176
,0
,0.028846154
,0
,0
,0.023668639
,0
,0
,0.038709677
,0.002994012
,0
,0
,0
,0.263473054
,0
,0.144230769
,0
,0
,0.009118541
,0
,0.18373494
,0.014577259
,0
,0.096153846
,0.005882353
,0
,0.003003003
,0.002941176
,0
,0.246246246
,0
,0
,0.051446945
,0
,0
,0
,0
,0.056547619
,0
,0
,0.057507987
,0.005934718
,0
,0
,0
,0
,0.023809524
,0.005730659
,0
,0.032051282
,0
,0
,0
,0
,0
,0.032738095
,0
,0
,0.101910828
,0
,0
,0
,0.008746356
,0
,0.21958457
,0
,0.03236246
,0
,0
,0
,0.063636364
,0
,0
,0.074193548
,0.002967359
,0
,0
,0
,0
,0
,0.058823529
,0.005988024
,0.077669903
,0
,0
,0
,0
,0.008695652
,0
,0.218562874
,0
,0.03514377
,0
,0
,0.172727273
,0
,0
,0.124203822
,0
,0
,0
,0.003067485
,0
,0
,0.204819277
,0
,0
,0.022292994
,0
,0
,0
,0
,0
,0
,0.162162162
,0.036809816
,0
,0.008982036
,0
,0.14159292
,0
,0
,0.050955414
,0
,0
,0
,0
,0
,0
,0.014880952
,0
,0
,0
,0
,0
,0
,0
,0
,0
,0
,0
,0
,0
,0
,0
,0
,0
,0
,0
,0
,0
,0
,0
,0
,0
,0
,0
,0
,0
,0
,0
,0
,0
,0
,0
,0
,0
,0
,0
,0
,0
,0
,0
,0
,0
,0
,0
,0
,0
,0
,0
,0
,0
,0
,0
,0
,0
,0
,0
,0
,0
,0
,0
,0
,0
,0
,0
,0
,0
,0
,0
,0
,0
,0
,0
,0
,0
,0
,0
,0
,0
,0
,0
,0
,0
,0
,0
,0
,0
,0
,0
,0.005571031
,0
,0
,0
,0
,0
,0
,0
,0
,0
,0.009463722
,0.009404389
,0
,0
,0
,0
,0
,0.01242236
,0
,0
,0
,0
,0
,0
,0
,0
,0
,0
,0
,0
,0
,0
,0
,0
,0
,0
,0
,0
,0
,0
,0
,0
,0
,0
,0
,0
,0
,0
,0
,0
,0
,0
,0
,0.003215434
,0
,0
,0
,0
,0
,0
,0
,0
,0
,0
,0
,0
,0
,0
,0
,0
,0
,0
,0
,0
,0
,0
,0
,0
,0
,0
,0
,0
,0
,0
,0
,0
,0.005571031
,0
,0
,0
,0
,0
,0
,0
,0
,0
,0
,0
,0
,0
,0
,0
,0
,0.003115265
,0
,0
,0
,0
,0
,0
,0
,0
,0
,0
,0
,0
,0
,0
,0
,0
,0
,0
,0
,0
,0
,0
,0
,0
,0
,0
,0.006410256
,0
,0
,0
,0
,0
,0.003205128
,0
,0
,0
,0
,0
,0
,0
,0
,0
,0
,0
,0
,0
,0
,0
,0
,0
,0
,0
,0
,0
,0
,0
,0
,0.016025641
,0
,0
,0
,0
,0.009433962
,0.068181818
,0.009146341
,0
,0.027586207
,0.012987013
,0.035031847
,0.050793651
,0
,0
,0.05483871
,0.012269939
,0
,0.027303754
,0.00974026
,0.01910828
,0.048701299
,0.006329114
,0
,0.006472492
,0.018461538
,0
,0.026845638
,0.025477707
,0.012539185
,0.012658228
,0
,0.009259259
,0
,0.029220779
,0
,0
,0
,0.009146341
,0
,0.037037037
,0
,0.01910828
,0.003257329
,0.003164557
,0
,0.006430868
,0
,0
,0
,0.035031847
,0.01875
,0.012658228
,0
,0.015337423
,0
,0.025477707
,0.01618123
,0.012658228
,0.003144654
,0.003058104
,0
,0.041401274
,0.022727273
,0.012658228
,0.022012579
,0.012307692
,0
,0.020134228
,0
,0.050955414
,0.048543689
,0.012658228
,0
,0.022653722
,0.018292683
,0
,0.025477707
,0.03525641
,0.006329114
,0.006289308
,0.029032258
,0.015243902
,0
,0.038216561
,0.021875
,0.012658228
,0
,0.003236246
,0
,0
,0.025477707
,0.012820513
,0.012539185
,0
,0.122580645
,0.018461538
,0
,0.038961039
,0.025477707
,0.040247678
,0.012658228
,0.012578616
,0.03525641
,0.018404908
,0
,0
,0.012987013
,0.060509554
,0.091205212
,0
,0
,0.116883117
,0.02484472
,0
,0.037162162
,0
,0.054140127
,0.051446945
,0.009493671
,0
,0
,0.009146341
,0
,0.036789298
,0
,0.035031847
,0.012903226
,0
,0
,0.003236246
,0
,0
,0.032467532
,0.025477707
,0.018927445
,0
,0
,0.009230769
,0
,0
,0.025477707
,0.009646302
,0
,0.003144654
,0.012944984
,0.01529052
,0
,0.026936027
,0.032467532
,0.025477707
,0.038585209
,0
,0
,0.015432099
,0
,0.003246753
,0.022292994
,0.019292605
,0
,0
,0.012539185
,0
,0.037931034
,0.012987013
,0.050955414
,0.038338658
,0
,0
,0.009615385
,0.00931677
,0
,0.020338983
,0.035714286
,0.025477707
,0.028481013
,0
,0.009493671
,0
,0.006472492
,0.00304878
,0
,0
,0.00974026
,0.015923567
,0.022875817
,0
,0.045016077
,0.009146341
,0
,0.023569024
,0.016233766
,0.02866242
,0.04516129
,0.012658228
,0
,0.006514658
,0.009345794
,0
,0.003401361
,0
,0.02866242
,0.012903226
,0
,0.01572327
,0
,0.003095975
,0
,0
,0
,0.031847134
,0.025641026
,0.018987342
,0
,0
,0.009345794
,0
,0.037037037
,0
,0.025477707
,0
,0
,0.003174603
,0.079178886
,0
,0
,0.009345794
,0
,0
,0
,0.084592145
,0.006309148
,0
,0.02173913
,0
,0
,0
,0.013029316
,0
,0.046783626
,0
,0
,0.00621118
,0
,0
,0
,0.012738854
,0
,0.093841642
,0
,0
,0
,0.021806854
,0
,0
,0
,0.13592233
,0
,0.076271186
,0
,0
,0.052959502
,0
,0
,0
,0
,0.075144509
,0
,0
,0.031152648
,0
,0
,0.003215434
,0.037542662
,0
,0.074183976
,0
,0
,0.015576324
,0
,0
,0
,0
,0
,0.055555556
,0
,0
,0.003115265
,0
,0
,0
,0
,0
,0.080357143
,0
,0
,0.043613707
,0
,0
,0
,0.081168831
,0
,0.01179941
,0
,0.009615385
,0
,0
,0.002923977
,0
,0.012987013
,0
,0
,0
,0.011730205
,0
,0.026315789
,0
,0
,0
,0.011695906
,0
,0
,0.012820513
,0
,0.005633803
,0
,0.020588235
,0
,0.086092715
,0
,0
,0.005714286
,0.005865103
,0
,0.055921053
,0.016025641
,0
,0.005633803
,0
,0.005813953
,0
,0
,0.016339869
,0
,0
,0
,0.005698006
,0.008797654
,0
,0
,0.016339869
,0
,0
,0
,0
,0.023323615
,0.004
,0.064724919
,0
,0
,0.005649718
,0
,0.026946108
,0.004149378
,0.011428571
,0
,0.003322259
,0
,0
,0.026865672
,0
,0
,0.006666667
,0
,0
,0
,0
,0
,0.010169492
,0
,0
,0.02295082
,0
,0
,0
,0
,0.03313253
,0.01320132
,0.008064516
,0
,0.009966777
,0
,0
,0.027108434
,0
,0.008571429
,0
,0
,0
,0
,0.002857143
,0
,0
,0
,0.035820896
,0
,0.011428571
,0
,0
,0.045454545
,0.03630363
,0.012396694
,0.008571429
,0
,0.04491018
,0.008032129
,0
,0
,0
,0.027108434
,0.040540541
,0
,0.00862069
,0
,0.026845638
,0
,0
,0
,0.027355623
,0
,0
,0
,0
,0
,0.026785714
,0.016611296
,0.004032258
,0
,0
,0
,0.028037383
,0
,0.011494253
,0.003367003
,0
,0
,0
,0.03003003
,0.046979866
,0
,0.011428571
,0
,0.01986755
,0
,0
,0.027439024
,0.003344482
,0
,0
,0.013559322
,0
,0.027950311
,0.02
,0
,0
,0
,0
,0
,0.036585366
,0.01980198
,0
,0
,0.006944444
,0.03030303
,0.053333333
,0.004016064
,0.002898551
,0.003472222
,0.027439024
,0.054054054
,0
,0.011594203
,0.01369863
,0
,0.027272727
,0
,0
,0
,0
,0
,0
,0.03264095
,0.068852459
,0.012345679
,0
,0
,0.013745704
,0
,0
,0.030674847
,0.006849315
,0
,0.002881844
,0.003378378
,0
,0.030959752
,0.047619048
,0
,0
,0
,0.016949153
,0
,0.027027027
,0.006578947
,0
,0
,0.003389831
,0.036144578
,0.03257329
,0.004048583
,0
,0.016891892
,0
,0.033950617
,0.003401361
,0
,0
,0
,0
,0
,0
,0
,0
,0.014388489
,0.00990099
,0.007220217
,0
,0
,0
,0
,0
,0
,0
,0
,0.007246377
,0
,0
,0
,0
,0
,0
,0
,0
,0.007246377
,0
,0
,0
,0
,0
,0.00591716
,0.007272727
,0
,0.007246377
,0
,0
,0
,0
,0.014492754
,0.00330033
,0.007246377
,0.033232628
,0.021472393
,0
,0.004405286
,0.003484321
,0.01179941
,0.018115942
,0
,0.014492754
,0.009063444
,0
,0
,0
,0.052083333
,0
,0.010752688
,0.006779661
,0.007194245
,0
,0.003067485
,0
,0
,0
,0
,0
,0
,0.007194245
,0
,0
,0
,0.006968641
,0
,0
,0
,0.007246377
,0.006042296
,0
,0
,0
,0
,0
,0.009063444
,0.032154341
,0
,0.004484305
,0
,0
,0
,0
,0
,0
,0.006097561
,0.03164557
,0
,0
,0
,0.003436426
,0.006033183
,0
,0
,0
,0.022508039
,0
,0.001116071
,0
,0
,0
,0
,0
,0
,0
,0
,0
,0
,0
,0
,0.004511278
,0
,0
,0
,0
,0.012698413
,0
,0
,0
,0.006042296
,0
,0
,0.006060606
,0
,0
,0
,0
,0
,0.012102874
,0
,0
,0
,0
,0.001131222
,0
,0
,0
,0.004518072
,0
,0
,0.012048193
,0.032154341
,0
,0.001118568
,0
,0
,0
,0.013595166
,0
,0.045731707
,0
,0.010022272
,0
,0
,0.025641026
,0
,0
,0.033333333
,0.067741935
,0.028938907
,0.008998875
,0
,0
,0.010542169
,0.004854369
,0
,0.071428571
,0.018518519
,0.008928571
,0
,0
,0.007507508
,0
,0
,0
,0.032467532
,0
,0
,0
,0
,0
,0.003021148
,0
,0
,0.009646302
,0
,0
,0
,0
,0
,0
,0
,0
,0.030864198
,0.025641026
,0.018018018
,0.012195122
,0
,0
,0.010479042
,0.005319149
,0
,0.036363636
,0.032258065
,0.044303797
,0.008998875
,0.011428571
,0
,0.010273973
,0.012048193
,0
,0
,0
,0
,0
,0.004555809
,0
,0
,0
,0.006033183
,0
,0
,0
,0.001129944
,0
,0
,0
,0.009049774
,0
,0
,0.027439024
,0.009677419
,0.009463722
,0.002265006
,0
,0
,0
,0.003007519
,0
,0.027439024
,0.003205128
,0.01901566
,0.005291005
,0
,0
,0.003007519
,0
,0
,0.009230769
,0
,0.001141553
,0
,0
,0.00149925
,0
,0
,0.003067485
,0
,0.003205128
,0.003496503
,0
,0
,0.006015038
,0
,0
,0.039156627
,0.009646302
,0
,0.006659267
,0
,0
,0
,0
,0
,0
,0.024096386
,0
,0
,0.005611672
,0
,0
,0
,0.010558069
,0
,0
,0.024242424
,0.109677419
,0.003154574
,0.008958567
,0
,0
,0
,0.004524887
,0
,0
,0.003058104
,0
,0
,0
,0
,0
,0.018045113
,0.009345794
,0
,0.045317221
,0.061093248
,0
,0.013245033
,0
,0
,0
,0
,0
,0
,0
,0.006493506
,0
,0
,0
,0
,0
,0.002444988
,0.036065574
,0
,0.018223235
,0.007692308
,0.034734918
,0
,0.012315271
,0
,0.009677419
,0.003484321
,0
,0.005555556
,0
,0.015228426
,0
,0
,0.012259194
,0.006696429
,0.115702479
,0
,0
,0.015974441
,0
,0.013274336
,0.030888031
,0.001828154
,0
,0.002531646
,0
,0.051020408
,0.001745201
,0.006756757
,0.0546875
,0.036231884
,0
,0
,0
,0
,0.013468013
,0
,0.011160714
,0.0375
,0.014466546
,0
,0.002610966
,0
,0.033783784
,0.003552398
,0.002257336
,0.009708738
,0
,0
,0
,0
,0
,0
,0.00886918
,0.007874016
,0.007672634
,0
,0
,0.005347594
,0.006849315
,0.03030303
,0
,0
,0
,0
,0
,0.024561404
,0.001811594
,0.009153318
,0.014634146
,0.001872659
,0
,0.007894737
,0
,0
,0
,0.009153318
,0.024154589
,0.023550725
,0
,0.002531646
,0
,0
,0.019354839
,0
,0
,0.027491409
,0.016393443
,0
,0.005249344
,0
,0
,0
,0.028169014
,0
,0.004576659
,0.032407407
,0.011029412
,0
,0
,0
,0
,0
,0
,0.003267974
,0.010810811
,0.078886311
,0.110891089
,0
,0
,0
,0
,0
,0
,0
,0.013661202
,0.06557377
,0.029880478
,0
,0
,0
,0
,0
,0
,0
,0.002673797
,0.004640371
,0.021696252
,0.00952381
,0
,0
,0
,0
,0
,0
,0.024930748
,0.032258065
,0.009920635
,0
,0
,0
,0
,0
,0
,0
,0.010752688
,0.006960557
,0.023575639
,0
,0
,0
,0
,0
,0
,0.010958904
,0.002314815
,0.013779528
,0
,0
,0
,0
,0
,0
,0
,0.010752688
,0.023575639
,0
,0
,0
,0
,0
,0
,0.032697548
,0.05787037
,0.029527559
,0
,0
,0
,0
,0.002923977
,0
,0
,0.005405405
,0.051044084
,0.051181102
,0.003144654
,0
,0
,0
,0
,0
,0
,0.010958904
,0.036866359
,0.033663366
,0.003236246
,0
,0
,0.008152174
,0.018348624
,0.035714286
,0
,0.010666667
,0
,0
,0
,0
,0.016172507
,0.006993007
,0.079207921
,0
,0
,0
,0
,0
,0
,0.002680965
,0.006849315
,0.009823183
,0
,0
,0
,0
,0
,0
,0
,0.019662921
,0.011520737
,0.031746032
,0
,0
,0
,0
,0
,0
,0.015981735
,0.013916501
,0
,0.00530504
,0
,0
,0
,0.006514658
,0
,0.032332564
,0.015904573
,0.003184713
,0
,0
,0
,0
,0
,0
,0
,0.002320186
,0.029644269
,0
,0.026315789
,0.017130621
,0.017204301
,0
,0
,0
,0
,0
,0.002012072
,0
,0.024193548
,0
,0
,0.002118644
,0
,0
,0
,0
,0
,0
,0.002141328
,0.002105263
,0
,0
,0
,0
,0
,0
,0.004065041
,0
,0
,0.00845666
,0
,0
,0
,0
,0
,0
,0.020120724
,0.010706638
,0
,0
,0
,0
,0.005714286
,0
,0
,0
,0.044354839
,0.017130621
,0.086021505
,0.021276596
,0.009463722
,0
,0.015479876
,0
,0.002012072
,0
,0.00203252
,0
,0
,0.00212766
,0
,0
,0
,0
,0
,0
,0.032323232
,0.004282655
,0
,0.014925373
,0
,0
,0
,0
,0.010060362
,0
,0.02244898
,0.006423983
,0.064516129
,0.004237288
,0.003144654
,0
,0
,0
,0.010060362
,0
,0.050709939
,0.034261242
,0.062365591
,0.012631579
,0
,0
,0.003344482
,0.00877193
,0.040241449
,0
,0.00814664
,0.006451613
,0
,0
,0
,0.002994012
,0
,0
,0.010204082
,0
,0.008602151
,0
,0
,0
,0
,0
,0
,0
,0.044806517
,0.010752688
,0.019354839
,0.00422833
,0.003164557
,0
,0
,0
,0
,0
,0.008163265
,0
,0.012903226
,0
,0
,0
,0
,0
,0
,0.014314928
,0.00856531
,0.002150538
,0
,0
,0
,0
,0
,0
,0
,0.038539554
,0.004282655
,0.008602151
,0.004255319
,0.003134796
,0
,0
,0
,0
,0
,0.016260163
,0.00856531
,0.070967742
,0.00212766
,0
,0
,0.003215434
,0
,0
,0
,0.006423983
,0
,0
,0
,0
,0
,0.016096579
,0.014989293
,0
,0.004237288
,0
,0
,0.003267974
,0
,0
,0
,0.065439673
,0.017130621
,0.027956989
,0.042643923
,0
,0
,0
,0
,0
,0
,0
,0
,0
,0
,0
,0
,0
,0
,0
,0
,0
,0.037940379
,0.023904382
,0.002257336
,0
,0.013089005
,0
,0
,0
,0
,0.005420054
,0
,0
,0
,0
,0.002793296
,0
,0
,0
,0.002710027
,0
,0.002267574
,0
,0.007853403
,0
,0
,0.003577818
,0
,0
,0.021680217
,0.002145923
,0
,0
,0.011080332
,0.002785515
,0
,0
,0
,0
,0
,0
,0
,0
,0.002457002
,0
,0
,0
,0
,0
,0.078590786
,0.00625
,0.008658009
,0
,0.058201058
,0.011049724
,0
,0
,0
,0.024390244
,0
,0
,0
,0
,0
,0
,0
,0
,0.089430894
,0.004219409
,0
,0
,0.00265252
,0
,0
,0.001893939
,0
,0
,0.06504065
,0.002386635
,0.004484305
,0.002150538
,0.034912718
,0.008403361
,0
,0.011086475
,0.004761905
,0.048913043
,0.018947368
,0.004484305
,0
,0.034825871
,0.008379888
,0
,0
,0
,0
,0
,0
,0
,0
,0
,0
,0
,0
,0.01897019
,0
,0
,0
,0
,0
,0.003787879
,0
,0
,0.016260163
,0
,0.00456621
,0
,0.030848329
,0
,0
,0.005660377
,0
,0
,0.029810298
,0.00265252
,0
,0
,0.002557545
,0
,0
,0.001821494
,0
,0
,0.054200542
,0
,0
,0
,0
,0
,0
,0
,0
,0.035230352
,0.002016129
,0.002227171
,0
,0.007228916
,0
,0
,0.005424955
,0
,0
,0.062330623
,0
,0.002242152
,0
,0.03406326
,0
,0
,0.001838235
,0.002192982
,0.002386635
,0.051490515
,0
,0.004484305
,0
,0.007092199
,0
,0
,0
,0.005420054
,0
,0
,0
,0.002475248
,0.002793296
,0
,0
,0
,0.037940379
,0
,0
,0
,0.037735849
,0
,0
,0.038251366
,0
,0
,0.013550136
,0
,0.002320186
,0
,0
,0.002770083
,0
,0
,0.040650407
,0.012145749
,0
,0
,0.005284016
,0.035714286
,0.026315789
,0.002512563
,0.002642008
,0.035830619
,0.068825911
,0
,0
,0.014531044
,0.01242236
,0.034146341
,0
,0
,0
,0
,0.001321004
,0.039215686
,0.058704453
,0
,0
,0.007926024
,0.03442623
,0.004918033
,0.056680162
,0
,0
,0
,0.008450704
,0.017241379
,0.037459283
,0.001610306
,0.002024291
,0
,0
,0
,0
,0
,0.001321004
,0.034146341
,0
,0
,0
,0.001001001
,0.002118644
,0.035830619
,0.001642036
,0.018145161
,0.006493506
,0
,0
,0.002518892
,0
,0.00795756
,0
,0.036363636
,0.01010101
,0.014767932
,0
,0
,0.00536193
,0
,0.002649007
,0.034201954
,0.001639344
,0.010121457
,0.006493506
,0
,0
,0
,0
,0.002645503
,0.002083333
,0.040518639
,0.012121212
,0
,0
,0
,0.002666667
,0.002642008
,0.018711019
,0.034201954
,0.002020202
,0
,0.070904645
,0.008547009
,0.013661202
,0.058981233
,0
,0
,0.04400978
,0
,0.019774011
,0.024590164
,0
,0
,0.080684597
,0
,0.016949153
,0.021978022
,0.043360434
,0.006711409
,0.002118644
,0
,0.004597701
,0.007281553
,0
,0.002132196
,0.019607843
,0
,0
,0.18815331
,0.142857143
,0.002132196
,0.081521739
,0.081743869
,0.011928429
,0
,0.114478114
,0.092269327
,0.0025
,0.012875536
,0.036723164
,0.057692308
,0.032142857
,0.007556675
,0.003960396
,0.002369668
,0.01384083
,0.051219512
,0
,0.006342495
,0.002832861
,0.029972752
,0
,0
,0
,0
,0.039285714
,0.019607843
,0
,0.014705882
,0
,0
,0
,0
,0.010273973
,0.017156863
,0
,0.006396588
,0
,0.021621622
,0
,0.005813953
,0
,0.004683841
,0.03187251
,0.025
,0
,0.002141328
,0.032934132
,0.041436464
,0
,0
,0
,0
,0.046218487
,0.05
,0.0025
,0.002141328
,0.026627219
,0.041436464
,0
,0
,0
,0
,0.04467354
,0.06372549
,0
,0.00862069
,0.043715847
,0.016891892
,0
,0
,0.021126761
,0.044554455
,0.002132196
,0.02247191
,0.046831956
,0
,0
,0
,0
,0.00931677
,0
,0.036175711
,0.00931677
,0
,0
,0
,0.002012072
,0.01863354
,0.006116208
,0.001937984
,0
,0
,0.003976143
,0.001937984
,0.015479876
,0.00804829
,0.001937984
,0
,0.01242236
,0
,0.006
,0.013550136
,0
,0
,0.012448133
,0.010380623
,0
,0
,0
,0.003921569
,0.007874016
,0
,0
,0.004048583
,0
,0.01010101
,0
,0.003095975
,0.001980198
,0.01312336
,0
,0
,0.020408163
,0.006369427
,0.00660066
,0
,0
,0
,0
,0.033766234
,0
,0
,0.016701461
,0.006644518
,0.01552795
,0
,0
,0
,0.015831135
,0
,0
,0.002183406
,0.003663004
,0.00310559
,0
,0
,0
,0.029810298
,0
,0
,0.004192872
,0.006557377
,0
,0
,0.015384615
,0.015037594
,0
,0.001937984
,0
,0.01863354
,0.00308642
,0.002012072
,0.010666667
,0
,0
,0.002087683
,0.002004008
,0
,0
,0
,0
,0
,0
,0
,0
,0
,0
,0
,0
,0.002197802
,0.00877193
,0
,0
,0
,0.005952381
,0
,0
,0.01754386
,0
,0
,0
,0
,0
,0.002197802
,0
,0
,0
,0
,0
,0
,0
,0.008791209
,0.022026432
,0
,0
,0
,0.013944223
,0
,0
,0.008791209
,0
,0.016722408
,0.061403509
,0
,0
,0
,0.005952381
,0
,0
,0
,0
,0
,0
,0
,0
,0.013888889
,0
,0.008791209
,0
,0.021929825
,0
,0
,0
,0.006012024
,0
,0
,0.006593407
,0
,0.02006689
,0.067567568
,0
,0
,0
,0.02004008
,0
,0.002557545
,0.021978022
,0.026315789
,0
,0
,0
,0
,0
,0
,0
,0
,0
,0
,0
,0
,0.007936508
,0
,0
,0
,0
,0
,0
,0.001980198
,0
,0
,0
,0
,0
,0
,0
,0
,0
,0.00998004
,0
,0
,0.008791209
,0
,0
,0.017857143
,0
,0
,0
,0
,0
,0
,0
,0
,0.004424779
,0
,0
,0
,0
,0
,0
,0.017582418
,0
,0.085201794
,0
,0
,0
,0.011904762
,0
,0
,0
,0.006711409
,0
,0
,0
,0
,0.007920792
,0
,0
,0.017582418
,0.013157895
,0
,0
,0
,0
,0
,0
,0.002197802
,0
,0
,0
,0
,0.011881188
,0.005444646
,0
,0
,0.039473684
,0
,0
,0
,0
,0
,0
,0
,0
,0
,0
,0
,0
,0
,0
,0.030927835
,0.003875969
,0.014742015
,0
,0.00660793
,0
,0
,0.003571429
,0.013513514
,0.004914005
,0
,0
,0
,0.003649635
,0
,0
,0
,0
,0
,0
,0
,0
,0.01459854
,0.003984064
,0
,0
,0
,0
,0.01754386
,0.002004008
,0
,0.002202643
,0
,0
,0
,0.032818533
,0.027027027
,0
,0
,0
,0.007194245
,0
,0
,0
,0.004405286
,0
,0
,0
,0
,0.013986014
,0.021653543
,0.017283951
,0
,0.008810573
,0
,0
,0
,0.025
,0.031372549
,0.014742015
,0.006593407
,0.022026432
,0.00845666
,0
,0
,0
,0.10877193
,0.029644269
,0.09382716
,0
,0.015250545
,0.008810573
,0.002114165
,0
,0.00210084
,0
,0.014134276
,0
,0.00982801
,0
,0.002173913
,0.004405286
,0
,0
,0
,0
,0.005940594
,0
,0
,0
,0
,0
,0
,0
,0
,0.007194245
,0.023529412
,0.004914005
,0
,0
,0
,0
,0
,0
,0.045936396
,0.021653543
,0.014742015
,0
,0.00660793
,0.00422833
,0
,0
,0
,0.032490975
,0.02739726
,0.034398034
,0
,0.00660793
,0
,0
,0.021276596
,0
,0.004914005
,0
,0
,0
,0
,0
,0
,0.024475524
,0.024691358
,0
,0
,0
,0
,0
,0.02173913
,0.011976048
,0.029484029
,0
,0
,0.00660793
,0
,0
,0
,0
,0.006993007
,0
,0.014742015
,0
,0
,0.002202643
,0
,0
,0
,0
,0.020905923
,0
,0.027027027
,0
,0
,0
,0
,0
,0.003717472
,0.001976285
,0
,0
,0
,0
,0
,0
,0
,0
,0
,0
,0
,0
,0.001560062
,0
,0
,0.003571429
,0.030487805
,0
,0
,0.002197802
,0
,0
,0
,0.002070393
,0
,0
,0
,0.001557632
,0
,0
,0
,0.010204082
,0
,0
,0.002222222
,0.001560062
,0
,0
,0
,0.007272727
,0.017892644
,0.008714597
,0.004140787
,0.002257336
,0.001557632
,0
,0
,0
,0
,0
,0.010245902
,0
,0
,0
,0.001540832
,0
,0
,0.01532567
,0
,0
,0.002061856
,0
,0
,0
,0.001569859
,0
,0.003831418
,0
,0
,0.0015625
,0
,0
,0
,0
,0.016161616
,0
,0
,0.002232143
,0.0015625
,0
,0
,0
,0
,0
,0.01026694
,0
,0
,0.002247191
,0.001567398
,0
,0
,0
,0
,0
,0.017928287
,0
,0
,0.004464286
,0
,0
,0.045977011
,0
,0
,0.006134969
,0
,0
,0.004347826
,0.001557632
,0
,0.07165109
,0.110410095
,0
,0.007067138
,0.007407407
,0.186528497
,0.062283737
,0
,0.103125
,0.03785489
,0
,0
,0.003802281
,0.137931034
,0.022222222
,0.026315789
,0.02640264
,0.105919003
,0.085714286
,0
,0
,0.003610108
,0.053459119
,0.035947712
,0.380327869
,0
,0.043613707
,0.056782334
,0
,0
,0
,0.100917431
,0.009646302
,0.003484321
,0.006493506
,0
,0.090342679
,0.062893082
,0
,0
,0.007272727
,0.184331797
,0.041139241
,0.041935484
,0.189542484
,0
,0.099688474
,0.028391167
,0
,0
,0.007194245
,0.040752351
,0.030716724
,0.09
,0.062305296
,0.03164557
,0
,0
,0.003649635
,0.111627907
,0.044728435
,0.133986928
,0
,0.08411215
,0.034700315
,0
,0.003278689
,0.00729927
,0.066878981
,0.049180328
,0.093851133
,0
,0
,0.061333333
,0.013483146
,0.00265252
,0
,0.007594937
,0.002277904
,0.066831683
,0
,0.006024096
,0
,0.016260163
,0.009070295
,0.00536193
,0
,0
,0
,0
,0.008032129
,0
,0.008108108
,0.009174312
,0
,0
,0
,0
,0.02970297
,0
,0
,0.016172507
,0.004651163
,0
,0
,0
,0
,0.02970297
,0
,0
,0.00209205
,0.013513514
,0.002688172
,0
,0
,0
,0
,0
,0.008086253
,0.002283105
,0
,0
,0
,0
,0
,0.006355932
,0.039893617
,0.01843318
,0.002688172
,0
,0.010075567
,0.002427184
,0.056410256
,0.002257336
,0
,0
,0.018666667
,0
,0
,0
,0
,0
,0
,0.002012072
,0
,0.032171582
,0.006944444
,0.008064516
,0
,0.007575758
,0
,0
,0
,0
,0.050802139
,0.03440367
,0.015957447
,0
,0.005050505
,0
,0.086633663
,0
,0.006024096
,0
,0.016216216
,0.009259259
,0
,0
,0
,0.00257732
,0.033248082
,0
,0.002012072
,0
,0.013477089
,0.016091954
,0
,0
,0
,0
,0.056122449
,0
,0
,0
,0.008219178
,0.002364066
,0
,0
,0
,0
,0.04859335
,0
,0
,0.00209205
,0.029972752
,0.023364486
,0.002688172
,0
,0
,0
,0.066496164
,0
,0.002008032
,0.013262599
,0
,0
,0
,0
,0
,0.002114165
,0.029177719
,0.034802784
,0.002688172
,0
,0
,0.004728132
,0.047029703
,0
,0
,0
,0.005376344
,0
,0.002688172
,0
,0
,0
,0.0175
,0
,0
,0
,0.027950311
,0.032544379
,0
,0.055727554
,0.090551181
,0
,0.013651877
,0.006430868
,0.003134796
,0.040372671
,0.008902077
,0
,0.174418605
,0.049689441
,0.073929961
,0
,0.062937063
,0
,0
,0.034161491
,0
,0
,0.081395349
,0
,0.021126761
,0
,0
,0.040752351
,0.008902077
,0
,0.220930233
,0.037151703
,0.232824427
,0
,0.09929078
,0.006369427
,0
,0.034267913
,0.032544379
,0.00623053
,0.01863354
,0.03968254
,0.006993007
,0
,0.006269592
,0.040372671
,0.03264095
,0
,0.174418605
,0.040247678
,0.079365079
,0
,0.080985915
,0
,0.003134796
,0.040625
,0.011869436
,0
,0.037151703
,0.044715447
,0
,0.0390625
,0.009584665
,0
,0.040372671
,0.035502959
,0
,0.110465116
,0.043343653
,0.057034221
,0
,0.040540541
,0
,0
,0.031152648
,0.00887574
,0
,0.14244186
,0.02484472
,0.070588235
,0.026515152
,0
,0.023026316
,0.032835821
,0.009036145
,0
,0
,0.07165109
,0.008658009
,0.030395137
,0.063492063
,0.018461538
,0.006024096
,0.003039514
,0
,0.043613707
,0.002164502
,0.003039514
,0.009493671
,0.029411765
,0.012307692
,0.086826347
,0.027108434
,0.00990099
,0
,0.068535826
,0.051671733
,0.068627451
,0.003076923
,0.009036145
,0.006006006
,0.003246753
,0
,0.043613707
,0
,0.048632219
,0.022222222
,0.006535948
,0.024615385
,0.018072289
,0.015060241
,0
,0
,0.07165109
,0.004329004
,0.024316109
,0.057142857
,0.009230769
,0.015060241
,0.006024096
,0
,0.062305296
,0
,0.015873016
,0.04248366
,0.009230769
,0.018018018
,0.009036145
,0.003257329
,0
,0.034267913
,0.002173913
,0.003039514
,0
,0.032786885
,0.027108434
,0.009090909
,0
,0
,0.034267913
,0.004329004
,0.03343465
,0.034920635
,0.011299435
,0.028571429
,0
,0.030898876
,0.011396011
,0.034920635
,0
,0.023323615
,0.008522727
,0.019047619
,0
,0.049315068
,0.008498584
,0.066666667
,0
,0.044198895
,0
,0.050793651
,0
,0.040106952
,0.008522727
,0.031746032
,0
,0.027624309
,0
,0.057142857
,0
,0.049723757
,0.005681818
,0.00952381
,0
,0.032345013
,0.008498584
,0.031746032
,0
,0.044817927
,0.009287926
,0
,0
,0
,0
,0.031496063
,0.081081081
,0
,0
,0.04375
,0.001574803
,0
,0
,0
,0.026246719
,0.147239264
,0
,0
,0.08125
,0.009433962
,0
,0
,0
,0.031496063
,0.185185185
,0.044609665
,0
,0
,0.02484472
,0.004724409
,0
,0.01312336
,0.103448276
,0.003717472
,0
,0
,0.001574803
,0
,0
,0.191358025
,0
,0
,0
,0.018691589
,0
,0
,0
,0
,0.212121212
,0
,0
,0.018691589
,0.004724409
,0
,0
,0
,0.015748031
,0.12345679
,0
,0
,0.031152648
,0
,0
,0
,0
,0.023622047
,0.134730539
,0
,0
,0.027950311
,0.006289308
,0.002421308
,0
,0
,0.018276762
,0.131498471
,0.054744526
,0
,0
,0.032258065
,0.003125
,0.006097561
,0.005847953
,0.0125
,0.019047619
,0.012539185
,0.034920635
,0.003115265
,0.01552795
,0.020512821
,0.019292605
,0
,0
,0.002923977
,0
,0.005119454
,0.032154341
,0
,0.012345679
,0.011695906
,0.027989822
,0.037478705
,0.069620253
,0
,0.018575851
,0.014619883
,0.002544529
,0.044293015
,0.015974441
,0.003144654
,0.006097561
,0.023391813
,0.005076142
,0.035830619
,0
,0.009174312
,0.01754386
,0.010126582
,0.032367973
,0.025806452
,0.003154574
,0.015625
,0.01754386
,0.004975124
,0.035775128
,0
,0
,0.003861004
,0.037151703
,0
,0
,0
,0.208661417
,0.046296296
,0.054380665
,0
,0
,0
,0.083591331
,0
,0
,0
,0.147859922
,0.0125
,0.036363636
,0
,0
,0.003816794
,0.018987342
,0.006389776
,0
,0
,0.278195489
,0.003125
,0.006060606
,0
,0
,0.01572327
,0.003194888
,0
,0
,0.065891473
,0.003134796
,0.003333333
,0
,0.030888031
,0.083850932
,0.035031847
,0
,0.003154574
,0.246153846
,0.012578616
,0.084848485
,0.00330033
,0.034090909
,0
,0.006309148
,0.012779553
,0
,0
,0.211155378
,0.003164557
,0.060606061
,0
,0
,0.01552795
,0.009584665
,0
,0
,0.187739464
,0.01572327
,0.039393939
,0
,0
,0.007633588
,0.015772871
,0.003194888
,0
,0
,0.13740458
,0.003095975
,0.081818182
,0.003344482
,0
,0
,0.00621118
,0
,0
,0
,0.166037736
,0.00623053
,0.075757576
,0
,0
,0
,0
,0.06918239
,0.01010101
,0
,0
,0.009677419
,0.021212121
,0.003194888
,0.136507937
,0.009677419
,0.024390244
,0
,0.006060606
,0
,0
,0.158730159
,0.010660981
,0.008955224
,0.009493671
,0.024464832
,0
,0.012121212
,0
,0
,0.038095238
,0.002083333
,0.020958084
,0.005970149
,0.003236246
,0.009118541
,0
,0.015151515
,0.003194888
,0
,0.153354633
,0.022774327
,0.01497006
,0.005952381
,0.006451613
,0.018348624
,0
,0.009090909
,0
,0.012448133
,0.008955224
,0
,0.024242424
,0
,0
,0.028481013
,0.010288066
,0.017964072
,0.005952381
,0
,0.039274924
,0
,0.009090909
,0.003194888
,0
,0.057692308
,0.008583691
,0
,0.002985075
,0.003225806
,0.015337423
,0
,0
,0
,0.05362776
,0
,0
,0
,0.036585366
,0
,0
,0
,0.045774648
,0
,0
,0
,0.005847953
,0
,0.090116279
,0
,0
,0.046263345
,0
,0
,0
,0.005847953
,0
,0.10982659
,0
,0
,0.009677419
,0.081850534
,0
,0.003154574
,0
,0.020467836
,0
,0.21574344
,0
,0
,0
,0.039007092
,0
,0.015772871
,0
,0
,0
,0.127906977
,0
,0.003144654
,0.00990099
,0.067615658
,0
,0.012618297
,0
,0.029239766
,0.040935673
,0.199421965
,0
,0
,0.00974026
,0.187943262
,0
,0.009463722
,0
,0.058479532
,0.00877193
,0.153179191
,0
,0
,0
,0.039007092
,0
,0.015772871
,0
,0.020467836
,0
,0.089855072
,0
,0
,0.009708738
,0.067375887
,0.006825939
,0
,0
,0
,0.002923977
,0.11627907
,0
,0
,0
,0.074733096
,0
,0.003154574
,0
,0.020467836
,0.005847953
,0.106936416
,0
,0.008650519
,0
,0.016620499
,0.015151515
,0
,0.01703163
,0
,0.032352941
,0.026785714
,0.00591716
,0.008650519
,0.003134796
,0.020114943
,0.027607362
,0
,0.009950249
,0
,0.088757396
,0.027108434
,0.006920415
,0
,0.011940299
,0.033333333
,0.00990099
,0
,0.029673591
,0.00295858
,0.003460208
,0
,0.016949153
,0.03343465
,0
,0.016908213
,0
,0.023668639
,0.023738872
,0.006920415
,0.003134796
,0.018292683
,0.042553191
,0.008928571
,0.007633588
,0
,0.161764706
,0.077380952
,0.00295858
,0.008650519
,0
,0.002906977
,0.069908815
,0
,0.021634615
,0
,0.049853372
,0.041543027
,0
,0.006920415
,0.006269592
,0.020710059
,0.024316109
,0
,0.014814815
,0
,0.046920821
,0.05952381
,0.006920415
,0.018808777
,0.020057307
,0.024316109
,0
,0.01754386
,0
,0.015015015
,0.00295858
,0.006920415
,0
,0.01754386
,0.018237082
,0
,0.007228916
,0
,0.029585799
,0.017751479
,0.534090909
,0.004658385
,0.097505669
,0.063934426
,0.1775
,0.163481953
,0.007380074
,0.051150895
,0.028938907
,0
,0.306818182
,0
,0.042792793
,0.052459016
,0.047738693
,0.095541401
,0
,0.033678756
,0.019292605
,0
,0.232209738
,0
,0.041942605
,0.024590164
,0.124378109
,0.091489362
,0.003663004
,0.038363171
,0.019292605
,0
,0.374045802
,0
,0.069196429
,0.068181818
,0.110638298
,0.003636364
,0.046391753
,0.006430868
,0.505617978
,0
,0.072234763
,0.045826514
,0.156171285
,0.118393235
,0.018115942
,0.041025641
,0.028938907
,0
,0.402985075
,0
,0.085393258
,0.059016393
,0.149870801
,0.117021277
,0.022222222
,0.042929293
,0.01607717
,0
,0.34469697
,0
,0.070294785
,0.099255583
,0.131914894
,0
,0.054455446
,0.009646302
,0
,0.475285171
,0
,0.070135747
,0.082474227
,0.134042553
,0
,0.079283887
,0.045016077
,0.203065134
,0
,0.047511312
,0.035443038
,0.070512821
,0
,0.027638191
,0
,0
,0
,0
,0
,0
,0
,0.013513514
,0
,0.006896552
,0
,0.012295082
,0
,0
,0.00407332
,0
,0
,0.019230769
,0
,0.009237875
,0
,0.002053388
,0
,0
,0
,0
,0
,0.005940594
,0
,0.004683841
,0
,0
,0
,0
,0
,0.002304147
,0
,0
,0
,0
,0
,0
,0.002325581
,0.011881188
,0.017361111
,0.006976744
,0
,0
,0
,0
,0
,0
,0.002298851
,0.025742574
,0
,0.004494382
,0
,0.004081633
,0
,0
,0
,0
,0
,0.033663366
,0.010869565
,0
,0.014256619
,0
,0.006637168
,0
,0
,0
,0.140384615
,0.010452962
,0.01826484
,0
,0
,0
,0
,0.00203666
,0
,0.00990099
,0.003533569
,0.013729977
,0
,0
,0
,0
,0
,0.001980198
,0.003496503
,0
,0
,0.002040816
,0
,0
,0
,0
,0
,0.035643564
,0.007142857
,0
,0.002040816
,0
,0.006637168
,0
,0
,0
,0.027722772
,0.016949153
,0
,0
,0
,0
,0
,0.00203666
,0
,0
,0.05
,0.003484321
,0.002331002
,0
,0
,0
,0.002202643
,0.00407332
,0
,0
,0.028846154
,0.021201413
,0
,0
,0.006160164
,0
,0
,0.00203666
,0
,0
,0.003846154
,0.003508772
,0
,0.003058104
,0.121076233
,0.005571031
,0
,0.056053812
,0.208416834
,0.018604651
,0.00877193
,0.025404157
,0.134117647
,0.138248848
,0
,0
,0.034246575
,0.094188377
,0.008639309
,0.002197802
,0.004597701
,0.005905512
,0.033175355
,0.059633028
,0.002666667
,0
,0.025700935
,0.076305221
,0.002197802
,0.00921659
,0.028169014
,0.120930233
,0
,0
,0.104417671
,0.012195122
,0.002197802
,0.006944444
,0.035294118
,0.148837209
,0.00536193
,0
,0.158316633
,0
,0.002197802
,0.018390805
,0.038004751
,0.111111111
,0.008379888
,0
,0.043181818
,0.115537849
,0.004842615
,0.013186813
,0.027459954
,0.09478673
,0.123287671
,0.008196721
,0.002155172
,0.092369478
,0.002386635
,0.002197802
,0.002309469
,0.00210084
,0.067915691
,0.196347032
,0.021798365
,0
,0.054631829
,0.12248996
,0.035211268
,0.010989011
,0.025229358
,0.025793651
,0.081775701
,0.049295775
,0.003154574
,0.019354839
,0.065853659
,0
,0.008908686
,0.00886918
,0.016666667
,0.052272727
,0.016025641
,0.022580645
,0.012106538
,0
,0.037280702
,0
,0.023504274
,0.023201856
,0.016233766
,0.029126214
,0.002475248
,0
,0.00886918
,0
,0.018987342
,0.003454231
,0.071100917
,0.013468013
,0.061688312
,0.02189781
,0
,0.00856531
,0.002217295
,0.027600849
,0.001733102
,0.025287356
,0
,0.029126214
,0.04842615
,0
,0.062222222
,0.006651885
,0.025586354
,0.061784897
,0
,0.006493506
,0.021634615
,0
,0.032397408
,0.017738359
,0.02360515
,0.027334852
,0.030120482
,0.022508039
,0.018867925
,0
,0.033112583
,0.011086475
,0.018789144
,0.025114155
,0.014545455
,0.041935484
,0.004842615
,0
,0.002183406
,0.006651885
,0.012684989
,0
,0.045092838
,0.004750594
,0.133587786
,0.002283105
,0.066523605
,0.012396694
,0.010989011
,0
,0
,0.027863777
,0.023809524
,0.009546539
,0.115530303
,0
,0.035490605
,0.002114165
,0.028446389
,0
,0
,0.009063444
,0.013262599
,0.016587678
,0.099236641
,0
,0.035490605
,0.002114165
,0.002188184
,0
,0
,0.006042296
,0.015915119
,0.018779343
,0.076628352
,0
,0.016877637
,0.00621118
,0.004385965
,0
,0.001805054
,0.006079027
,0.039577836
,0.01216545
,0.110898662
,0.002304147
,0.054621849
,0.004219409
,0.024175824
,0
,0.035906643
,0.009202454
,0.026525199
,0.014218009
,0.103846154
,0.004494382
,0.014799154
,0.004115226
,0.002192982
,0
,0.001801802
,0.003076923
,0.058355438
,0.021479714
,0.092130518
,0.006912442
,0.027600849
,0.004192872
,0.026315789
,0
,0.003610108
,0.015060241
,0.042440318
,0.014184397
,0.094412331
,0
,0.008474576
,0.002074689
,0
,0
,0.003058104
,0
,0.033639144
,0.024922118
,0.225806452
,0.009191176
,0.02360515
,0.248496994
,0.001897533
,0.002283105
,0.002114165
,0.027190332
,0.021212121
,0.280241935
,0
,0.008583691
,0.05988024
,0.002309469
,0
,0
,0
,0.021538462
,0.006097561
,0.235887097
,0
,0.006437768
,0.042084168
,0.00228833
,0
,0
,0
,0.021276596
,0
,0.129292929
,0.003656307
,0.002145923
,0.022044088
,0
,0
,0
,0.00422833
,0.021671827
,0.009118541
,0.215725806
,0
,0.010729614
,0.016
,0
,0
,0.006315789
,0.03030303
,0.015384615
,0.215725806
,0.005535055
,0
,0.182364729
,0.00921659
,0.001893939
,0.002331002
,0
,0.027777778
,0.002994012
,0.25
,0
,0.006437768
,0.074148297
,0.002283105
,0
,0
,0
,0.01183432
,0.219758065
,0
,0.025751073
,0.138276553
,0.011494253
,0
,0
,0.021148036
,0
,0.157258065
,0
,0.002145923
,0.044088176
,0
,0
,0
,0.020576132
,0.053540587
,0.062780269
,0.039660057
,0.029320988
,0.168874172
,0.482926829
,0
,0.297994269
,0.010683761
,0.060658579
,0.065759637
,0.036516854
,0.034003091
,0.097643098
,0.227272727
,0.091690544
,0.017130621
,0.004115226
,0.022608696
,0.040540541
,0.041436464
,0.066666667
,0.07804878
,0.088825215
,0.00856531
,0
,0.008650519
,0.033707865
,0.010785824
,0.043165468
,0.086538462
,0.045845272
,0.004301075
,0.012320329
,0.019097222
,0.036111111
,0.007727975
,0.026936027
,0.095121951
,0.034383954
,0.012903226
,0.008230453
,0.038194444
,0.058558559
,0.042492918
,0.054012346
,0.12
,0.137931034
,0
,0.11747851
,0.017130621
,0
,0.013816926
,0.031602709
,0.042134831
,0.020061728
,0.049342105
,0.140776699
,0
,0.071633238
,0.014957265
,0.008680556
,0.036036036
,0.039106145
,0.030864198
,0.03257329
,0.087677725
,0
,0.063037249
,0.010683761
,0.006908463
,0.017897092
,0.036516854
,0.009244992
,0.02310231
,0.0625
,0
,0.031518625
,0.004282655
,0.004683841
,0.035911602
,0.018390805
,0.072243346
,0.002237136
,0.029411765
,0.002887392
,0.009049774
,0
,0.030640669
,0.035046729
,0.011547344
,0.024691358
,0.102272727
,0
,0.006737247
,0.00228833
,0
,0.015789474
,0.020594966
,0.025
,0.103053435
,0
,0.009383378
,0.002887392
,0.004545455
,0
,0.019230769
,0.011627907
,0.033402923
,0.060836502
,0.004514673
,0.008086253
,0.002887392
,0
,0.013774105
,0.011520737
,0.061068702
,0.002247191
,0
,0.022883295
,0.02764977
,0.02892562
,0.064638783
,0.006726457
,0.025606469
,0
,0.006802721
,0.033149171
,0.00921659
,0
,0.010781671
,0.00481232
,0.003731343
,0.025
,0.011574074
,0.059701493
,0
,0.003849856
,0.008264463
,0.064638783
,0
,0.002699055
,0
,0.038379531
,0.068322981
,0.08033241
,0.030769231
,0.08492569
,0
,0.105485232
,0.109792285
,0.02640264
,0.016985138
,0.058333333
,0.080779944
,0.017582418
,0.061833689
,0.011235955
,0.079831933
,0.094674556
,0.036184211
,0.00212766
,0.033333333
,0.047222222
,0.008791209
,0.066098081
,0.003745318
,0.029288703
,0.056213018
,0.02640264
,0.006396588
,0.022916667
,0.019390582
,0.006593407
,0.023404255
,0
,0.016736402
,0.05
,0.009708738
,0.006342495
,0.033333333
,0.066481994
,0.008791209
,0.027600849
,0.007462687
,0.038461538
,0.013029316
,0.025531915
,0.034907598
,0.072022161
,0.004395604
,0.027600849
,0.003745318
,0.063829787
,0.03539823
,0.013157895
,0.012793177
,0.082815735
,0.055710306
,0.010989011
,0.044680851
,0.003802281
,0.029787234
,0.023738872
,0.009803922
,0.017057569
,0.062893082
,0.075
,0.004395604
,0.120762712
,0.022556391
,0.072340426
,0.053254438
,0.03630363
,0.008474576
,0.04375
,0.038997214
,0.030769231
,0.031982942
,0
,0.026706231
,0.013029316
,0.205928237
,0.180232558
,0.025287356
,0.084639498
,0.084302326
,0.019955654
,0
,0.010416667
,0
,0.057692308
,0.180250784
,0.066860465
,0.00209205
,0
,0
,0.00297619
,0.011389522
,0.13111546
,0.128526646
,0.055232558
,0.039748954
,0
,0
,0.001488095
,0.006912442
,0.150870406
,0.115625
,0.093294461
,0.008368201
,0
,0.001488095
,0
,0.043222004
,0.098591549
,0.069970845
,0.013303769
,0
,0.002304147
,0.003838772
,0.243369735
,0.022587269
,0.099125364
,0.088050314
,0.048780488
,0.038690476
,0.039351852
,0.125240848
,0.155172414
,0.01039501
,0.087209302
,0.023012552
,0.006651885
,0
,0.013392857
,0.020785219
,0.045714286
,0.095611285
,0.061046512
,0.014644351
,0.002217295
,0
,0.005952381
,0.002283105
,0.023899371
,0.112403101
,0.085653105
,0.022964509
,0
,0.086538462
,0.001081081
,0
,0.001236094
,0.036821705
,0.049250535
,0
,0
,0.038338658
,0.001066098
,0.001264223
,0.032945736
,0.021413276
,0.0041841
,0
,0.018927445
,0.001109878
,0.00124533
,0.0041841
,0
,0.009646302
,0
,0.002475248
,0.097087379
,0.074946467
,0
,0
,0.047770701
,0.005
,0.095145631
,0.077087794
,0.004175365
,0
,0.025316456
,0.001038422
,0
,0.002484472
,0.06614786
,0.057815846
,0
,0
,0.028481013
,0
,0.01097561
,0.091262136
,0.032119914
,0.002087683
,0
,0.044585987
,0.001092896
,0.005905512
,0
,0
,0.02266289
,0.002994012
,0.03030303
,0.047516199
,0
,0
,0
,0.005555556
,0
,0.017326733
,0.002159827
,0
,0
,0
,0
,0.014204545
,0
,0.020671835
,0
,0
,0
,0.037135279
,0.014792899
,0.038781163
,0.017910448
,0.001736111
,0.00660066
,0.033613445
,0.016447368
,0.069486405
,0.00591716
,0.007005254
,0.003311258
,0.04057971
,0.015503876
,0.011730205
,0.006116208
,0.008849558
,0.044345898
,0
,0.095505618
,0.008746356
,0.02166065
,0.008086253
,0.085308057
,0
,0
,0.002237136
,0.044811321
,0
,0.086956522
,0
,0.008474576
,0.002808989
,0.053254438
,0
,0
,0
,0.026490066
,0.007575758
,0.056074766
,0.006756757
,0.057971014
,0
,0.046783626
,0
,0
,0
,0.038167939
,0.007672634
,0
,0.026737968
,0.016393443
,0.017766497
,0.002985075
,0.004032258
,0
,0.004784689
,0.015424165
,0
,0
,0
,0
,0.015974441
,0.036474164
,0
,0.005221932
,0.007009346
,0.115591398
,0.003367003
,0.068783069
,0.112860892
,0
,0.0176
,0.051671733
,0
,0.002645503
,0
,0.091397849
,0.020134228
,0.056838366
,0.099737533
,0.009380863
,0.0048
,0.012195122
,0
,0
,0
,0.07486631
,0
,0.026408451
,0.078740157
,0
,0.017684887
,0.012158055
,0
,0.002610966
,0
,0.072580645
,0
,0.012477718
,0.099737533
,0
,0
,0.003367003
,0.028419183
,0.115485564
,0.018181818
,0
,0
,0.080428954
,0
,0.01590106
,0.020997375
,0
,0.020766773
,0.072727273
,0.107526882
,0
,0.077738516
,0.107611549
,0
,0.0432
,0.051515152
,0.004716981
,0.069892473
,0.112860892
,0.028753994
,0.057401813
,0
,0.004728132
,0.123324397
,0.02020202
,0.068904594
,0.112860892
,0.015009381
,0.011182109
,0.097560976
,0
,0.007692308
,0.01594533
,0.155913978
,0.033670034
,0.116402116
,0.104986877
,0.043071161
,0.012121212
,0.006734007
,0.033568905
,0.104986877
,0.003752345
,0.015151515
,0
,0
,0.069892473
,0
,0.043936731
,0.107611549
,0
,0.054545455
,0.096514745
,0.006734007
,0.053667263
,0.005628518
,0.042424242
,0
,0.129032258
,0
,0.085106383
,0
,0.0224
,0.06097561
,0
,0
,0.002380952
,0.101876676
,0
,0.062836625
,0.091863517
,0
,0.033536585
,0
,0.048257373
,0.003355705
,0.019434629
,0.091863517
,0
,0.016129032
,0.03343465
,0
,0
,0
,0.048387097
,0.006711409
,0.005309735
,0.091863517
,0.026266417
,0.060606061
,0.038167939
,0.033530572
,0.02147651
,0.043478261
,0.042183623
,0.011876485
,0.003125
,0.055319149
,0.026923077
,0.070761015
,0.037267081
,0.028301887
,0.032178218
,0.00462963
,0
,0.08778626
,0.068181818
,0.043478261
,0.012406948
,0
,0.00619195
,0.051948052
,0.054263566
,0.034620506
,0.049689441
,0.004672897
,0.036585366
,0
,0.050485437
,0.005012531
,0.074358974
,0.007017544
,0.013806706
,0
,0
,0
,0.115459883
,0.005012531
,0.066666667
,0.012389381
,0.039215686
,0.007518797
,0.064102564
,0
,0.030769231
,0.134653465
,0.020100503
,0.051282051
,0
,0.065891473
,0.005037783
,0.030769231
,0.008756567
,0.05078125
,0.020050125
,0.046153846
,0
,0.030888031
,0
,0.015384615
,0
,0.014796547
,0.047297297
,0
,0
,0
,0.011764706
,0
,0
,0.030712531
,0.047404063
,0.002666667
,0
,0
,0
,0.007109005
,0
,0
,0
,0.009815951
,0.031602709
,0
,0
,0
,0
,0
,0
,0
,0
,0.014705882
,0.018058691
,0
,0
,0
,0.004683841
,0
,0
,0
,0
,0
,0.002331002
,0.013924051
,0.033936652
,0
,0
,0.00234192
,0
,0.056818182
,0.067873303
,0.005277045
,0
,0
,0.009345794
,0
,0.004790419
,0.036199095
,0
,0
,0
,0
,0
,0
,0
,0.008827238
,0.052036199
,0
,0
,0
,0.004705882
,0
,0
,0.028360049
,0.060948081
,0
,0
,0.002375297
,0.002369668
,0
,0
,0.008827238
,0.033936652
,0
,0
,0
,0.00234192
,0
,0.033936652
,0
,0
,0
,0.006313131
,0.045248869
,0
,0
,0
,0
,0
,0.035443038
,0.038461538
,0
,0
,0
,0.008599509
,0.04954955
,0.005208333
,0
,0.011820331
,0
,0
,0
,0
,0.011083744
,0
,0
,0
,0
,0.028220859
,0.045045045
,0
,0.013661202
,0
,0.004728132
,0
,0
,0
