Video_name,happy,angry,sad,surprise,disgust,fear,neutral,emotion_change,each_video_emotion_count,neutral_%,all_emotion_count,all_neutral_count,all_neutral_%,
000_003.mp4,92,18,108,0,55,121,0,160,394,0%,548579,16011,3%,樣本變異數
001_870.mp4,0,0,137,1,137,186,0,160,461,0%,,,,49330.54029
002_006.mp4,4,0,52,7,549,122,0,179,734,0%,,,,
003_000.mp4,33,0,1,0,249,20,0,46,303,0%,,,,
004_982.mp4,164,0,25,3,4,117,0,117,313,0%,,,,
005_010.mp4,0,0,12,0,147,229,0,98,388,0%,,,,
006_002.mp4,119,0,43,2,97,48,2,97,311,1%,,,,
007_132.mp4,0,0,4,0,452,25,14,51,495,3%,,,,
008_990.mp4,49,0,307,32,61,79,113,201,641,18%,,,,
009_027.mp4,0,0,17,0,448,123,0,141,588,0%,,,,
010_005.mp4,111,0,248,0,360,25,2,572,746,0%,,,,
011_805.mp4,72,0,1,3,1240,3,0,152,1319,0%,,,,
012_026.mp4,0,0,42,9,135,87,90,156,363,25%,,,,
013_883.mp4,0,0,14,24,246,0,0,28,284,0%,,,,
014_790.mp4,90,0,5,156,414,53,1,253,719,0%,,,,
015_919.mp4,33,0,145,143,61,94,4,191,480,1%,,,,
016_209.mp4,22,0,66,0,590,0,0,91,678,0%,,,,
017_803.mp4,0,0,19,78,163,0,0,72,260,0%,,,,
018_019.mp4,27,0,201,0,127,17,60,134,432,14%,,,,
019_018.mp4,0,0,7,797,565,16,0,153,1385,0%,,,,
020_344.mp4,5,0,144,8,7,245,0,147,409,0%,,,,
021_312.mp4,0,0,2,33,411,3,0,53,449,0%,,,,
022_489.mp4,152,0,32,11,34,76,41,119,346,12%,,,,
023_923.mp4,365,0,1,0,157,32,0,137,555,0%,,,,
024_073.mp4,0,0,130,0,50,64,0,107,244,0%,,,,
025_067.mp4,177,0,93,25,334,122,0,277,751,0%,,,,
026_012.mp4,3,0,60,52,256,14,0,171,385,0%,,,,
027_009.mp4,50,0,33,0,63,49,0,66,195,0%,,,,
028_068.mp4,11,0,25,5,138,254,14,127,447,3%,,,,
029_048.mp4,29,1,8,2,398,15,0,92,453,0%,,,,
030_193.mp4,0,0,5,120,123,1,54,90,303,18%,,,,
031_163.mp4,62,0,45,239,164,60,0,298,570,0%,,,,
032_944.mp4,0,0,0,0,42,269,0,32,311,0%,,,,
033_097.mp4,635,0,51,316,410,295,0,1426,1707,0%,,,,
034_590.mp4,7,0,1,60,312,28,0,52,408,0%,,,,
035_036.mp4,0,0,0,59,364,0,0,52,423,0%,,,,
036_035.mp4,0,0,4,0,297,40,0,43,341,0%,,,,
037_072.mp4,0,0,0,0,454,0,0,0,454,0%,,,,
038_125.mp4,0,0,2,0,303,0,0,4,305,0%,,,,
039_058.mp4,1,0,48,1,309,122,0,122,481,0%,,,,
040_997.mp4,8,0,5,1,536,0,0,17,550,0%,,,,
041_063.mp4,1,0,24,171,152,1,0,77,349,0%,,,,
042_084.mp4,0,2,1,100,215,18,2,100,338,1%,,,,
043_110.mp4,24,3,107,0,0,292,0,100,426,0%,,,,
044_945.mp4,0,0,10,2,218,0,109,67,339,32%,,,,
045_889.mp4,0,0,0,93,56,204,0,147,353,0%,,,,
046_904.mp4,117,259,0,10,65,53,0,192,504,0%,,,,
047_862.mp4,0,0,45,0,272,2,0,42,319,0%,,,,
048_029.mp4,78,0,232,0,394,240,4,698,948,0%,,,,
049_946.mp4,0,0,0,0,290,37,0,47,327,0%,,,,
050_059.mp4,85,0,95,0,88,262,0,170,530,0%,,,,
051_332.mp4,145,306,0,10,0,256,0,213,717,0%,,,,
052_108.mp4,15,0,123,7,1,201,0,99,347,0%,,,,
053_095.mp4,36,0,33,25,218,43,62,133,417,15%,,,,
054_071.mp4,77,0,25,0,39,92,135,119,368,37%,,,,
055_147.mp4,379,0,0,158,0,15,0,329,552,0%,,,,
056_996.mp4,46,1,21,75,242,9,0,123,394,0%,,,,
057_070.mp4,60,0,91,50,65,165,0,171,431,0%,,,,
058_039.mp4,36,0,85,0,549,9,0,68,679,0%,,,,
059_050.mp4,669,0,2,5,47,0,0,64,723,0%,,,,
060_088.mp4,60,15,231,45,423,272,28,520,1074,3%,,,,
061_080.mp4,6,0,22,9,313,14,1,79,365,0%,,,,
062_066.mp4,82,0,2,20,61,260,0,134,425,0%,,,,
063_041.mp4,55,0,49,0,723,61,42,207,930,5%,,,,
064_991.mp4,217,0,6,0,49,130,0,123,402,0%,,,,
065_089.mp4,396,0,0,1,34,14,0,55,445,0%,,,,
066_062.mp4,0,0,0,0,18,104,0,26,122,0%,,,,
067_025.mp4,0,0,150,0,327,49,12,94,538,2%,,,,
068_028.mp4,7,0,9,205,102,29,49,101,401,12%,,,,
069_961.mp4,24,0,15,536,192,7,0,150,774,0%,,,,
070_057.mp4,0,0,22,1,247,42,2,76,314,1%,,,,
071_054.mp4,29,0,6,73,353,3,1,80,465,0%,,,,
072_037.mp4,36,0,0,0,275,0,0,40,311,0%,,,,
073_024.mp4,0,0,547,0,101,0,55,174,703,8%,,,,
074_825.mp4,0,0,2,12,336,1,0,22,351,0%,,,,
075_977.mp4,1,0,7,27,35,856,9,130,935,1%,,,,
076_079.mp4,22,2,1,0,248,57,0,56,330,0%,,,,
077_100.mp4,167,0,84,26,331,61,0,273,669,0%,,,,
078_955.mp4,30,0,0,0,479,14,0,56,523,0%,,,,
079_076.mp4,5,0,37,0,380,2,0,25,424,0%,,,,
080_061.mp4,157,0,2,0,307,15,2,120,483,0%,,,,
081_087.mp4,439,0,5,10,626,23,0,236,1103,0%,,,,
082_103.mp4,0,0,0,0,305,6,6,14,317,2%,,,,
083_213.mp4,456,3,167,35,134,630,4,1046,1429,0%,,,,
084_042.mp4,54,0,40,207,296,50,0,540,647,0%,,,,
085_124.mp4,1,0,0,0,119,193,17,71,330,5%,,,,
086_090.mp4,0,0,1,0,858,0,30,34,889,3%,,,,
087_081.mp4,1,0,105,0,165,8,15,112,294,5%,,,,
088_060.mp4,136,0,2,0,47,479,1,113,665,0%,,,,
089_065.mp4,14,0,42,4,722,39,0,158,821,0%,,,,
090_086.mp4,26,2,8,131,413,108,0,167,688,0%,,,,
091_116.mp4,55,0,45,11,656,83,1,329,851,0%,,,,
092_098.mp4,0,0,39,0,419,1,1,43,460,0%,,,,
093_121.mp4,1,0,114,100,37,13,76,162,341,22%,,,,
094_111.mp4,0,0,247,1,557,2,0,415,807,0%,,,,
095_053.mp4,64,0,92,1,86,795,1,263,1039,0%,,,,
096_101.mp4,50,0,9,11,301,132,1,171,504,0%,,,,
097_033.mp4,1,4,0,0,438,35,0,27,478,0%,,,,
098_092.mp4,4,0,3,0,290,30,0,74,327,0%,,,,
099_295.mp4,10,9,25,79,388,123,2,183,636,0%,,,,
100_077.mp4,91,0,29,0,20,283,1,105,424,0%,,,,
101_096.mp4,2,0,16,32,893,127,10,167,1080,1%,,,,
102_114.mp4,107,3,0,0,93,186,0,152,389,0%,,,,
103_082.mp4,16,0,8,0,551,20,1,64,596,0%,,,,
104_126.mp4,59,0,34,93,212,45,39,218,482,8%,,,,
105_180.mp4,1,0,2,0,271,6,24,33,304,8%,,,,
106_198.mp4,7,0,0,0,327,22,0,33,356,0%,,,,
107_109.mp4,14,0,23,0,424,95,0,137,556,0%,,,,
108_052.mp4,0,0,104,21,18,132,25,81,300,8%,,,,
109_107.mp4,4,0,18,0,274,1,2,20,299,1%,,,,
110_043.mp4,221,15,8,0,271,50,0,159,565,0%,,,,
111_094.mp4,179,0,3,0,216,30,0,107,428,0%,,,,
112_892.mp4,13,0,42,251,26,34,1,146,367,0%,,,,
113_983.mp4,0,0,55,0,16,459,370,295,900,41%,,,,
114_102.mp4,1165,0,0,0,20,84,0,99,1269,0%,,,,
115_939.mp4,18,0,70,32,247,0,0,116,367,0%,,,,
116_091.mp4,222,1,36,13,33,20,2,89,327,1%,,,,
117_217.mp4,0,10,23,391,83,61,0,134,568,0%,,,,
118_120.mp4,0,0,103,0,247,1,1,111,352,0%,,,,
119_123.mp4,91,0,16,13,381,0,1,120,502,0%,,,,
120_118.mp4,52,0,0,1,394,10,0,110,457,0%,,,,
121_093.mp4,1,0,1,252,274,26,0,131,554,0%,,,,
122_144.mp4,0,0,11,2,202,99,1,74,315,0%,,,,
123_119.mp4,0,0,3,7,497,0,7,17,514,1%,,,,
124_085.mp4,113,1,51,16,18,66,18,180,283,6%,,,,
125_038.mp4,0,0,1,136,357,5,1,61,500,0%,,,,
126_104.mp4,0,0,25,11,118,173,0,83,327,0%,,,,
127_129.mp4,346,0,495,1,273,623,265,1847,2003,13%,,,,
128_896.mp4,87,0,20,2,329,178,0,147,616,0%,,,,
129_127.mp4,143,0,57,1,325,113,9,459,648,1%,,,,
130_139.mp4,108,0,6,0,507,47,0,148,668,0%,,,,
131_518.mp4,58,7,107,0,34,83,0,118,289,0%,,,,
132_007.mp4,0,0,101,56,212,45,0,74,414,0%,,,,
133_148.mp4,72,0,32,0,54,611,0,181,769,0%,,,,
134_192.mp4,2,0,93,11,202,25,13,78,346,4%,,,,
135_880.mp4,6,0,0,9,246,66,0,50,327,0%,,,,
136_285.mp4,33,0,166,46,325,19,23,194,612,4%,,,,
137_165.mp4,7,0,0,0,514,85,0,73,606,0%,,,,
138_142.mp4,45,0,4,266,84,8,4,117,411,1%,,,,
139_130.mp4,4,0,0,0,279,3,92,77,378,24%,,,,
140_143.mp4,130,0,1,0,193,29,0,111,353,0%,,,,
141_161.mp4,5,0,8,219,289,5,0,116,526,0%,,,,
142_138.mp4,54,7,425,9,52,294,121,318,962,13%,,,,
143_140.mp4,182,0,8,0,50,174,0,125,414,0%,,,,
144_122.mp4,12,0,15,191,96,7,23,89,344,7%,,,,
145_299.mp4,5,0,61,0,120,41,1,87,228,0%,,,,
146_256.mp4,42,3,38,13,564,226,0,320,886,0%,,,,
147_055.mp4,1,0,32,0,563,71,0,97,667,0%,,,,
148_133.mp4,620,0,9,0,87,231,0,629,947,0%,,,,
149_152.mp4,1,0,1,0,2,338,19,20,361,5%,,,,
150_153.mp4,179,0,105,0,161,5,6,122,456,1%,,,,
151_225.mp4,26,0,20,0,209,58,34,100,347,10%,,,,
152_149.mp4,0,0,6,3,72,17,0,44,98,0%,,,,
153_150.mp4,17,0,44,0,491,182,0,173,734,0%,,,,
154_386.mp4,187,9,26,218,510,86,79,768,1115,7%,,,,
155_576.mp4,2,0,8,0,819,2,0,16,831,0%,,,,
156_243.mp4,20,0,7,22,893,63,3,201,1008,0%,,,,
157_245.mp4,0,0,0,0,485,15,0,30,500,0%,,,,
158_379.mp4,29,0,172,45,26,185,0,171,457,0%,,,,
159_175.mp4,4,0,7,10,200,34,70,86,325,22%,,,,
160_928.mp4,21,0,11,0,475,27,0,99,534,0%,,,,
161_141.mp4,0,0,29,2,270,62,11,69,374,3%,,,,
162_330.mp4,42,0,10,0,486,164,11,110,713,2%,,,,
163_031.mp4,23,0,9,7,261,2,0,19,302,0%,,,,
164_216.mp4,2,0,438,57,414,108,2,365,1021,0%,,,,
165_137.mp4,35,0,0,0,322,30,0,31,387,0%,,,,
166_167.mp4,102,0,0,0,610,8,43,107,763,6%,,,,
167_166.mp4,34,0,8,117,122,92,0,172,373,0%,,,,
168_222.mp4,26,0,27,182,417,748,4,556,1404,0%,,,,
169_227.mp4,70,5,9,229,9,159,135,287,616,22%,,,,
170_186.mp4,0,0,11,2,374,7,0,21,394,0%,,,,
171_173.mp4,18,28,86,47,63,134,0,209,376,0%,,,,
172_582.mp4,126,0,1,28,585,2,10,152,752,1%,,,,
173_171.mp4,37,0,104,480,215,103,0,441,939,0%,,,,
174_964.mp4,22,0,127,3,227,157,26,330,562,5%,,,,
175_159.mp4,26,0,15,148,278,7,0,116,474,0%,,,,
176_190.mp4,16,0,61,45,256,112,2,275,492,0%,,,,
177_211.mp4,22,0,16,0,363,28,0,45,429,0%,,,,
178_598.mp4,0,0,120,2,342,44,13,139,521,2%,,,,
179_212.mp4,0,0,504,5,1255,0,19,1051,1783,1%,,,,
180_105.mp4,7,0,16,0,526,2,21,56,572,4%,,,,
181_199.mp4,0,0,0,90,388,0,0,40,478,0%,,,,
182_242.mp4,19,0,18,0,0,9,574,51,620,93%,,,,
183_253.mp4,5,0,6,43,112,116,2,107,284,1%,,,,
184_205.mp4,58,0,23,64,1153,20,0,212,1318,0%,,,,
185_276.mp4,3,0,0,0,851,21,1,36,876,0%,,,,
186_170.mp4,8,0,347,1815,131,10,13,963,2324,1%,,,,
187_234.mp4,18,0,471,5,838,127,0,864,1459,0%,,,,
188_191.mp4,0,0,5,17,254,57,0,67,333,0%,,,,
189_200.mp4,18,3,153,0,337,13,1,147,525,0%,,,,
190_176.mp4,0,0,3,231,106,0,0,79,340,0%,,,,
191_188.mp4,0,0,4,231,147,0,19,116,401,5%,,,,
192_134.mp4,2,0,11,80,199,3,17,89,312,5%,,,,
193_030.mp4,17,0,2,14,321,6,0,35,360,0%,,,,
194_235.mp4,3,0,6,7,561,1,0,27,578,0%,,,,
195_442.mp4,23,0,1,213,100,7,0,69,344,0%,,,,
196_310.mp4,391,0,0,20,12,1,2,36,426,0%,,,,
197_224.mp4,6,0,0,0,867,4,3,20,880,0%,,,,
198_106.mp4,41,0,285,0,308,0,0,444,634,0%,,,,
199_181.mp4,7,0,12,0,190,114,45,119,368,12%,,,,
200_189.mp4,0,0,0,3,702,17,0,32,722,0%,,,,
201_203.mp4,38,5,5,4,788,23,0,64,863,0%,,,,
202_348.mp4,3,0,1,0,315,5,0,16,324,0%,,,,
203_201.mp4,2,0,5,6,347,33,99,132,492,20%,,,,
204_230.mp4,4,0,13,10,479,11,1,61,518,0%,,,,
205_184.mp4,9,0,40,16,213,27,3,99,308,1%,,,,
206_221.mp4,19,0,111,43,581,31,2,156,787,0%,,,,
207_908.mp4,118,0,74,0,66,48,42,145,348,12%,,,,
208_215.mp4,315,1,10,0,60,79,0,122,465,0%,,,,
209_016.mp4,117,0,397,0,150,50,28,489,742,4%,,,,
210_241.mp4,5,0,1,0,0,653,180,121,839,21%,,,,
211_177.mp4,38,0,65,10,356,57,0,215,526,0%,,,,
212_179.mp4,1,2,0,1,377,34,0,29,415,0%,,,,
213_083.mp4,20,0,20,34,246,58,0,102,378,0%,,,,
214_255.mp4,0,0,15,0,27,418,2,54,462,0%,,,,
215_208.mp4,0,0,17,0,91,482,0,147,590,0%,,,,
216_164.mp4,1,4,113,12,298,47,6,145,481,1%,,,,
217_117.mp4,103,0,175,100,296,68,87,478,829,10%,,,,
218_239.mp4,291,0,0,0,31,31,0,51,353,0%,,,,
219_220.mp4,5,0,11,1,325,53,7,138,402,2%,,,,
220_219.mp4,0,0,19,0,335,2,2,21,358,1%,,,,
221_206.mp4,719,0,9,89,551,344,47,1645,1759,3%,,,,
222_168.mp4,0,0,11,0,251,129,17,124,408,4%,,,,
223_586.mp4,29,0,31,213,114,10,0,167,397,0%,,,,
224_197.mp4,111,3,33,30,250,0,61,218,488,13%,,,,
225_151.mp4,29,0,57,22,77,77,42,138,304,14%,,,,
226_491.mp4,163,0,18,1,73,167,0,214,422,0%,,,,
227_169.mp4,1,0,59,1,11,360,10,83,442,2%,,,,
228_289.mp4,0,0,0,0,550,4,2,10,556,0%,,,,
229_247.mp4,3,0,37,0,295,18,35,80,388,9%,,,,
230_204.mp4,1,0,29,3,240,82,17,89,372,5%,,,,
231_663.mp4,154,0,136,0,450,323,0,886,1063,0%,,,,
232_248.mp4,0,0,288,116,333,37,57,547,831,7%,,,,
233_995.mp4,9,0,431,588,1225,283,4,1848,2540,0%,,,,
234_187.mp4,0,0,0,11,491,0,27,34,529,5%,,,,
235_194.mp4,1,0,0,1,311,0,0,4,313,0%,,,,
236_237.mp4,250,0,0,4,70,344,2,198,670,0%,,,,
237_236.mp4,153,0,0,0,596,3,5,77,757,1%,,,,
238_282.mp4,57,0,20,0,380,93,80,223,630,13%,,,,
239_218.mp4,552,0,30,56,495,22,0,922,1155,0%,,,,
240_290.mp4,1,0,3,13,1870,235,0,335,2122,0%,,,,
241_210.mp4,6,31,1,2,251,6,0,52,297,0%,,,,
242_182.mp4,0,0,2,1,134,13,5,28,155,3%,,,,
243_156.mp4,76,0,101,14,11,214,7,154,423,2%,,,,
244_822.mp4,56,0,15,0,469,12,0,93,552,0%,,,,
245_157.mp4,5,0,11,13,334,71,5,166,439,1%,,,,
246_258.mp4,3,0,4,8,484,15,9,64,523,2%,,,,
247_229.mp4,6,0,1,28,339,25,0,60,399,0%,,,,
248_232.mp4,2,0,22,0,199,181,58,125,462,13%,,,,
249_280.mp4,74,0,15,41,321,263,9,313,723,1%,,,,
250_461.mp4,0,0,2,6,497,54,6,46,565,1%,,,,
251_375.mp4,22,0,39,9,252,29,0,98,351,0%,,,,
252_266.mp4,13,1,0,9,521,44,0,72,588,0%,,,,
253_183.mp4,11,0,0,0,472,0,0,10,483,0%,,,,
254_261.mp4,6,3,190,3,126,26,73,151,427,17%,,,,
255_214.mp4,2,0,0,199,36,234,2,132,473,0%,,,,
256_146.mp4,43,5,59,190,199,30,4,229,530,1%,,,,
257_420.mp4,9,0,160,21,419,192,5,185,806,1%,,,,
258_246.mp4,3,0,20,6,226,236,12,164,503,2%,,,,
259_345.mp4,11,0,72,22,278,89,0,142,472,0%,,,,
260_331.mp4,4,0,48,140,87,5,18,73,302,6%,,,,
261_254.mp4,240,1,15,5,161,257,2,279,681,0%,,,,
262_301.mp4,16,0,14,1,77,128,161,121,397,41%,,,,
263_284.mp4,0,0,41,120,165,148,0,345,474,0%,,,,
264_271.mp4,1,0,1,449,6,3,0,17,460,0%,,,,
265_475.mp4,2,0,23,300,180,0,0,64,505,0%,,,,
266_252.mp4,67,0,0,1,395,4,0,66,467,0%,,,,
267_286.mp4,83,6,48,0,144,25,0,125,306,0%,,,,
268_269.mp4,8,0,222,12,877,365,0,377,1484,0%,,,,
269_268.mp4,190,0,32,2,65,84,0,108,373,0%,,,,
270_297.mp4,4,0,194,0,36,99,0,120,333,0%,,,,
271_264.mp4,10,0,59,123,274,34,0,143,500,0%,,,,
272_396.mp4,1,0,1,3,276,30,12,29,323,4%,,,,
273_807.mp4,1,0,16,24,59,206,0,82,306,0%,,,,
274_412.mp4,36,0,50,10,150,253,25,305,524,5%,,,,
275_887.mp4,9,123,0,0,214,78,0,164,424,0%,,,,
276_185.mp4,6,0,2,24,333,28,0,114,393,0%,,,,
277_335.mp4,16,0,401,46,887,41,4,588,1395,0%,,,,
278_306.mp4,113,8,8,0,278,50,0,165,457,0%,,,,
279_298.mp4,54,0,42,7,75,341,23,181,542,4%,,,,
280_249.mp4,19,0,255,44,91,132,52,205,593,9%,,,,
281_474.mp4,2,0,1,44,157,106,3,90,313,1%,,,,
282_238.mp4,6,0,47,0,575,22,0,131,650,0%,,,,
283_313.mp4,14,0,102,0,842,8,1,143,967,0%,,,,
284_263.mp4,1,0,5,9,360,143,0,142,518,0%,,,,
285_136.mp4,41,0,26,143,231,19,0,191,460,0%,,,,
286_267.mp4,219,0,43,0,672,2,0,507,936,0%,,,,
287_426.mp4,0,0,2,344,18,64,0,80,428,0%,,,,
288_321.mp4,8,0,106,57,160,240,158,412,729,22%,,,,
289_228.mp4,237,268,217,4,594,22,0,1128,1342,0%,,,,
290_240.mp4,0,0,0,201,229,2,0,70,432,0%,,,,
291_874.mp4,0,0,20,47,234,6,3,69,310,1%,,,,
292_294.mp4,17,0,1,0,158,250,0,108,426,0%,,,,
293_296.mp4,567,0,136,2,4,59,0,180,768,0%,,,,
294_292.mp4,2,0,228,12,326,0,35,198,603,6%,,,,
295_099.mp4,1,0,13,7,362,6,0,30,389,0%,,,,
296_293.mp4,178,0,0,0,104,53,1,110,336,0%,,,,
297_270.mp4,43,0,1,0,345,1,0,62,390,0%,,,,
298_279.mp4,30,0,198,6,56,0,279,189,569,49%,,,,
299_145.mp4,0,0,104,4,117,88,0,116,313,0%,,,,
300_304.mp4,0,0,0,0,598,0,0,0,598,0%,,,,
301_262.mp4,88,64,4,118,901,130,30,660,1335,2%,,,,
302_323.mp4,49,0,47,0,676,69,32,238,873,4%,,,,
303_309.mp4,4,1,150,1,281,4,16,146,457,4%,,,,
304_300.mp4,50,0,0,0,522,38,0,84,610,0%,,,,
305_513.mp4,33,13,111,371,786,79,24,885,1417,2%,,,,
306_278.mp4,0,0,0,0,727,1,0,2,728,0%,,,,
307_365.mp4,0,0,321,0,38,9,0,46,368,0%,,,,
308_388.mp4,27,14,29,24,164,65,205,177,528,39%,,,,
309_303.mp4,1,0,48,4,372,423,6,262,854,1%,,,,
310_196.mp4,0,0,58,0,315,2,0,75,375,0%,,,,
311_387.mp4,0,0,89,7,248,0,1,72,345,0%,,,,
312_021.mp4,0,0,100,0,13,315,0,70,428,0%,,,,
313_283.mp4,0,0,0,2,450,29,0,31,481,0%,,,,
314_347.mp4,401,0,2,0,0,11,0,26,414,0%,,,,
315_322.mp4,170,0,30,0,6,14,84,98,304,28%,,,,
316_369.mp4,6,0,5,2,548,5,0,19,566,0%,,,,
317_359.mp4,5,0,2,0,0,240,0,4,247,0%,,,,
318_334.mp4,0,0,5,41,376,30,23,46,475,5%,,,,
319_352.mp4,0,0,0,0,716,1,0,2,717,0%,,,,
320_328.mp4,36,8,95,107,300,22,2,192,570,0%,,,,
321_288.mp4,49,0,39,0,8,421,50,158,567,9%,,,,
322_315.mp4,0,0,0,45,260,8,0,64,313,0%,,,,
323_302.mp4,11,0,38,0,4,403,0,32,456,0%,,,,
324_356.mp4,0,0,209,16,35,480,0,208,740,0%,,,,
325_492.mp4,25,1,219,74,1188,433,1,965,1941,0%,,,,
326_501.mp4,11,0,1,0,848,31,10,50,901,1%,,,,
327_329.mp4,112,0,0,7,154,222,0,165,495,0%,,,,
328_320.mp4,20,0,20,0,57,210,0,83,307,0%,,,,
329_327.mp4,177,0,2,0,11,3,222,82,415,53%,,,,
330_162.mp4,20,11,0,2,367,9,0,43,409,0%,,,,
331_260.mp4,2,3,5,0,204,242,0,111,456,0%,,,,
332_051.mp4,23,3,301,11,199,98,47,342,682,7%,,,,
333_377.mp4,85,0,48,0,144,155,3,130,435,1%,,,,
334_318.mp4,0,0,2,8,210,1118,2,205,1340,0%,,,,
335_277.mp4,72,0,142,22,64,288,0,356,588,0%,,,,
336_338.mp4,2,0,0,0,287,218,0,74,507,0%,,,,
337_522.mp4,16,0,16,2,289,10,2,59,335,1%,,,,
338_336.mp4,0,0,3,314,750,130,0,629,1197,0%,,,,
339_392.mp4,265,0,0,32,52,1,107,126,457,23%,,,,
340_341.mp4,4,0,0,2,285,2,0,8,293,0%,,,,
341_340.mp4,190,1,8,10,597,4,21,141,831,3%,,,,
342_416.mp4,47,0,4,77,64,89,0,132,281,0%,,,,
343_363.mp4,182,0,53,0,43,21,0,77,299,0%,,,,
344_020.mp4,756,1,80,7,267,40,129,919,1280,10%,,,,
345_259.mp4,2,0,40,62,699,44,0,257,847,0%,,,,
346_351.mp4,34,1,93,0,131,15,71,161,345,21%,,,,
347_314.mp4,164,0,10,0,11,3,0,39,188,0%,,,,
348_202.mp4,0,0,7,0,405,0,2,5,414,0%,,,,
349_350.mp4,9,0,88,415,142,8,0,307,662,0%,,,,
350_349.mp4,3,0,21,4,366,17,0,50,411,0%,,,,
351_346.mp4,215,0,57,0,40,443,0,294,755,0%,,,,
352_319.mp4,161,1,10,0,261,1,0,96,434,0%,,,,
353_383.mp4,222,0,7,0,95,5,29,54,358,8%,,,,
354_362.mp4,0,0,62,76,220,60,0,117,418,0%,,,,
355_748.mp4,1,0,3,75,427,2,0,49,508,0%,,,,
356_324.mp4,405,0,88,2,61,201,3,424,760,0%,,,,
357_432.mp4,28,0,29,346,187,95,6,659,691,1%,,,,
358_380.mp4,2,0,51,5,351,135,0,165,544,0%,,,,
359_317.mp4,41,0,45,1,344,16,9,116,456,2%,,,,
360_437.mp4,3,1,2,4,377,0,0,20,387,0%,,,,
361_448.mp4,96,0,6,8,84,238,0,103,432,0%,,,,
362_354.mp4,29,0,117,18,230,147,9,257,550,2%,,,,
363_343.mp4,0,0,3,9,51,419,0,76,482,0%,,,,
364_440.mp4,239,0,15,1,209,184,0,229,648,0%,,,,
365_307.mp4,0,5,0,0,3,52,0,10,60,0%,,,,
366_473.mp4,3,0,37,0,363,1,0,36,404,0%,,,,
367_371.mp4,0,0,104,0,177,296,66,306,643,10%,,,,
368_378.mp4,0,0,72,86,242,361,0,236,761,0%,,,,
369_316.mp4,0,0,10,0,283,27,0,43,320,0%,,,,
370_483.mp4,2,0,5,10,215,144,12,110,388,3%,,,,
371_367.mp4,112,0,72,0,208,128,198,269,718,28%,,,,
372_413.mp4,31,0,3,0,398,53,1,81,486,0%,,,,
373_394.mp4,0,0,26,44,579,2,0,132,651,0%,,,,
374_407.mp4,11,0,41,0,240,269,28,202,589,5%,,,,
375_251.mp4,102,0,43,24,87,107,1,164,364,0%,,,,
376_381.mp4,0,0,122,0,98,90,210,172,520,40%,,,,
377_333.mp4,46,0,8,0,112,232,0,162,398,0%,,,,
378_368.mp4,123,0,189,89,116,275,0,324,792,0%,,,,
379_158.mp4,1,0,3,66,247,17,11,65,345,3%,,,,
380_358.mp4,7,0,23,0,411,14,0,48,455,0%,,,,
381_376.mp4,4,0,37,109,400,29,0,115,579,0%,,,,
382_409.mp4,2,0,2,0,161,148,0,65,313,0%,,,,
383_353.mp4,114,255,81,0,32,7,0,163,489,0%,,,,
384_932.mp4,381,0,0,0,78,0,3,52,462,1%,,,,
385_414.mp4,26,4,48,203,32,34,2,128,349,1%,,,,
386_154.mp4,7,0,37,0,395,0,10,62,449,2%,,,,
387_311.mp4,0,0,40,21,465,1,6,69,533,1%,,,,
388_308.mp4,31,0,36,1,450,118,0,150,636,0%,,,,
389_480.mp4,0,0,44,0,244,13,15,76,316,5%,,,,
390_709.mp4,5,0,26,19,233,571,2,224,856,0%,,,,
391_406.mp4,103,6,181,0,247,10,0,200,547,0%,,,,
392_339.mp4,24,0,0,80,1378,25,0,125,1507,0%,,,,
393_405.mp4,14,0,19,0,25,521,0,79,579,0%,,,,
394_373.mp4,0,0,69,0,168,152,0,161,389,0%,,,,
395_401.mp4,11,0,19,0,161,266,0,152,457,0%,,,,
396_272.mp4,9,10,0,1,498,7,0,31,525,0%,,,,
397_602.mp4,0,1,11,183,154,1,8,56,358,2%,,,,
398_457.mp4,9,0,0,0,377,9,195,138,590,33%,,,,
399_488.mp4,1,0,124,341,444,76,0,375,986,0%,,,,
400_476.mp4,160,0,47,60,133,36,4,252,440,1%,,,,
401_395.mp4,227,0,86,68,58,53,1,156,493,0%,,,,
402_453.mp4,3,0,22,2,269,89,44,114,429,10%,,,,
403_497.mp4,22,0,23,522,109,1,31,134,708,4%,,,,
404_429.mp4,88,0,343,7,34,94,73,271,639,11%,,,,
405_393.mp4,89,0,26,1,517,10,0,215,643,0%,,,,
406_391.mp4,0,0,0,10,504,1,37,51,552,7%,,,,
407_374.mp4,79,0,115,0,325,4,1,173,524,0%,,,,
408_424.mp4,0,0,2,2,259,46,0,53,309,0%,,,,
409_382.mp4,3,0,15,0,359,1,0,36,378,0%,,,,
410_411.mp4,39,0,10,12,440,20,0,92,521,0%,,,,
411_410.mp4,10,0,457,249,126,148,2,770,992,0%,,,,
412_274.mp4,120,0,27,0,181,236,15,200,579,3%,,,,
413_372.mp4,187,0,0,16,161,0,15,99,379,4%,,,,
414_385.mp4,50,0,8,6,347,29,8,120,448,2%,,,,
415_484.mp4,114,0,208,0,176,64,0,189,562,0%,,,,
416_342.mp4,0,0,3,0,8,7,0,11,18,0%,,,,
417_496.mp4,21,0,30,0,804,7,1,61,863,0%,,,,
418_507.mp4,6,4,13,173,95,35,0,85,326,0%,,,,
419_824.mp4,10,0,90,15,390,484,12,989,1001,1%,,,,
420_257.mp4,87,0,210,0,814,18,0,291,1129,0%,,,,
421_423.mp4,82,0,491,75,178,212,0,371,1038,0%,,,,
422_695.mp4,0,0,7,117,152,52,0,110,328,0%,,,,
423_421.mp4,116,0,0,1147,472,79,0,312,1814,0%,,,,
424_408.mp4,0,0,0,171,141,0,0,76,312,0%,,,,
425_485.mp4,23,1,74,42,191,4,0,109,335,0%,,,,
426_287.mp4,0,0,331,5,293,9,19,543,657,3%,,,,
427_637.mp4,142,0,56,0,228,90,0,179,516,0%,,,,
428_466.mp4,4,0,4,0,444,39,13,62,504,3%,,,,
429_404.mp4,94,0,203,14,145,2,0,142,458,0%,,,,
430_459.mp4,0,0,189,0,167,1,0,65,357,0%,,,,
431_447.mp4,7,0,76,164,279,129,11,279,666,2%,,,,
432_357.mp4,3,0,8,0,279,70,0,56,360,0%,,,,
433_498.mp4,188,0,0,0,8,337,0,197,533,0%,,,,
434_438.mp4,102,1,21,22,96,78,18,112,338,5%,,,,
435_456.mp4,345,0,25,0,14,92,0,106,476,0%,,,,
436_526.mp4,39,0,31,28,407,41,0,182,546,0%,,,,
437_360.mp4,0,0,0,405,184,5,0,118,594,0%,,,,
438_434.mp4,0,0,0,27,464,0,51,43,542,9%,,,,
439_441.mp4,149,0,0,0,12,301,0,119,462,0%,,,,
440_364.mp4,0,0,28,0,373,21,0,68,422,0%,,,,
441_439.mp4,0,0,152,16,5,103,20,134,296,7%,,,,
442_195.mp4,95,0,9,9,242,14,0,70,369,0%,,,,
443_514.mp4,245,0,389,0,715,169,2,939,1520,0%,,,,
444_655.mp4,219,7,86,3,117,5,0,151,437,0%,,,,
445_494.mp4,83,0,421,37,261,982,0,1099,1784,0%,,,,
446_667.mp4,47,2,61,82,161,181,0,259,534,0%,,,,
447_431.mp4,21,6,7,20,416,70,0,187,540,0%,,,,
448_361.mp4,0,0,8,10,42,3,9,40,72,13%,,,,
449_451.mp4,0,0,0,1,250,56,0,62,307,0%,,,,
450_533.mp4,2,0,27,130,488,0,32,179,679,5%,,,,
451_449.mp4,0,0,0,0,383,0,0,0,383,0%,,,,
452_550.mp4,10,0,314,10,7,107,0,137,448,0%,,,,
453_402.mp4,2,0,133,0,407,6,100,171,648,15%,,,,
454_527.mp4,0,0,110,37,58,179,0,90,384,0%,,,,
455_471.mp4,0,0,0,0,368,2,0,1,370,0%,,,,
456_435.mp4,0,0,254,6,150,178,0,191,588,0%,,,,
457_398.mp4,0,0,0,1,500,30,0,47,531,0%,,,,
458_722.mp4,4,0,45,2,155,65,74,124,345,21%,,,,
459_430.mp4,0,0,9,41,483,30,7,112,570,1%,,,,
460_678.mp4,2,0,14,5,558,58,3,63,640,0%,,,,
461_250.mp4,0,0,23,5,582,11,0,56,621,0%,,,,
462_467.mp4,3,0,262,0,158,148,23,220,594,4%,,,,
463_464.mp4,70,0,0,0,245,0,0,49,315,0%,,,,
464_463.mp4,139,1,187,0,41,21,5,128,394,1%,,,,
465_482.mp4,16,0,24,90,58,122,21,84,331,6%,,,,
466_428.mp4,1,0,27,0,36,103,168,95,335,50%,,,,
467_462.mp4,0,0,0,428,1,15,0,30,444,0%,,,,
468_470.mp4,86,0,113,3,350,62,1,233,615,0%,,,,
469_481.mp4,53,82,3,87,141,8,40,153,414,10%,,,,
470_468.mp4,20,0,372,0,263,260,0,288,915,0%,,,,
471_455.mp4,167,6,8,51,187,217,0,315,636,0%,,,,
472_511.mp4,265,0,2,0,209,0,3,93,479,1%,,,,
473_366.mp4,268,0,88,45,210,92,22,411,725,3%,,,,
474_281.mp4,4,3,24,0,195,89,0,89,315,0%,,,,
475_265.mp4,0,0,1,228,106,1,1,71,337,0%,,,,
476_400.mp4,12,0,4,0,191,83,20,61,310,6%,,,,
477_487.mp4,66,0,5,11,83,297,5,206,467,1%,,,,
478_506.mp4,4,0,5,63,673,7,0,47,752,0%,,,,
479_706.mp4,0,0,1,349,138,0,0,58,488,0%,,,,
480_389.mp4,7,0,41,0,407,5,4,68,464,1%,,,,
481_469.mp4,8,0,79,8,307,13,57,141,472,12%,,,,
482_465.mp4,3,0,1,0,158,192,0,113,354,0%,,,,
483_370.mp4,8,0,95,0,102,307,42,299,554,8%,,,,
484_415.mp4,0,0,14,0,230,15,0,30,259,0%,,,,
485_425.mp4,178,0,59,9,532,32,1,214,811,0%,,,,
486_680.mp4,12,0,16,0,24,505,14,69,571,2%,,,,
487_477.mp4,0,0,4,63,227,0,25,52,319,8%,,,,
488_399.mp4,0,0,0,0,518,0,0,0,518,0%,,,,
489_022.mp4,310,0,29,18,138,22,72,198,589,12%,,,,
490_534.mp4,0,0,1,165,396,24,0,113,586,0%,,,,
491_226.mp4,2,0,118,0,279,17,23,108,439,5%,,,,
492_325.mp4,115,0,2,6,207,10,4,119,344,1%,,,,
493_538.mp4,8,0,5,0,310,2,0,13,325,0%,,,,
494_445.mp4,333,0,30,0,80,324,0,252,767,0%,,,,
495_512.mp4,200,2,2,27,283,66,0,201,580,0%,,,,
496_417.mp4,96,4,60,0,1191,424,51,589,1826,3%,,,,
497_403.mp4,63,0,3,3,445,94,0,151,608,0%,,,,
498_433.mp4,143,0,10,1,161,1,0,79,316,0%,,,,
499_539.mp4,0,0,0,43,471,0,0,16,514,0%,,,,
500_592.mp4,62,1,55,0,1,176,0,74,295,0%,,,,
501_326.mp4,29,0,42,0,395,27,29,131,522,6%,,,,
502_504.mp4,25,0,229,0,64,9,0,89,327,0%,,,,
503_756.mp4,12,0,0,384,290,0,0,167,686,0%,,,,
504_502.mp4,23,0,5,1,255,65,0,95,349,0%,,,,
505_600.mp4,1,0,0,0,542,0,0,2,543,0%,,,,
506_478.mp4,15,1,0,0,319,329,4,117,668,1%,,,,
507_418.mp4,0,0,3,17,449,3,2,32,474,0%,,,,
508_831.mp4,0,0,0,5,579,19,0,27,603,0%,,,,
509_525.mp4,90,0,21,9,386,11,0,103,517,0%,,,,
510_528.mp4,241,0,9,18,231,141,0,563,640,0%,,,,
511_472.mp4,272,0,85,0,66,592,0,468,1015,0%,,,,
512_495.mp4,122,0,17,1,170,423,0,228,733,0%,,,,
513_305.mp4,217,0,14,15,161,6,3,102,416,1%,,,,
514_443.mp4,2,2,2,98,257,0,0,77,361,0%,,,,
515_519.mp4,8,0,82,0,604,0,0,107,694,0%,,,,
516_555.mp4,0,0,111,29,109,1,0,91,250,0%,,,,
517_521.mp4,9,1,17,78,202,69,87,229,463,19%,,,,
518_131.mp4,0,0,22,0,39,141,0,57,202,0%,,,,
519_515.mp4,3,0,6,9,449,294,0,102,761,0%,,,,
520_542.mp4,6,0,9,0,317,8,16,40,356,4%,,,,
521_517.mp4,0,0,2,0,31,4,0,7,37,0%,,,,
522_337.mp4,0,0,249,136,746,338,0,973,1469,0%,,,,
523_541.mp4,0,0,5,0,334,42,0,34,381,0%,,,,
524_580.mp4,0,0,3,128,335,61,0,166,527,0%,,,,
525_509.mp4,30,0,199,0,169,119,0,236,517,0%,,,,
526_436.mp4,2,0,7,323,348,483,30,790,1193,3%,,,,
527_454.mp4,0,0,0,178,19,145,0,90,342,0%,,,,
528_510.mp4,44,0,26,4,305,0,5,86,384,1%,,,,
529_633.mp4,56,11,39,8,136,88,0,122,338,0%,,,,
530_594.mp4,131,0,188,0,47,352,0,329,718,0%,,,,
531_549.mp4,33,0,4,15,110,50,65,103,277,23%,,,,
532_544.mp4,6,0,7,140,147,26,91,147,417,22%,,,,
533_450.mp4,0,0,18,0,532,0,7,26,557,1%,,,,
534_490.mp4,11,0,7,0,256,115,0,99,389,0%,,,,
535_587.mp4,0,0,3,0,663,1,0,6,667,0%,,,,
536_540.mp4,2,0,1,0,526,55,1,41,585,0%,,,,
537_563.mp4,8,69,39,55,60,162,4,132,397,1%,,,,
538_493.mp4,0,0,2,22,531,41,0,62,596,0%,,,,
539_499.mp4,57,0,1,22,149,37,49,87,315,16%,,,,
540_536.mp4,6,0,13,547,101,31,259,218,957,27%,,,,
541_523.mp4,76,0,5,0,107,188,14,95,390,4%,,,,
542_520.mp4,6,3,24,14,188,96,0,148,331,0%,,,,
543_559.mp4,7,0,1,0,697,11,2,29,718,0%,,,,
544_532.mp4,253,2,191,20,288,30,4,643,788,1%,,,,
545_553.mp4,5,0,2,2,389,39,0,30,437,0%,,,,
546_621.mp4,83,0,21,3,609,0,0,56,716,0%,,,,
547_574.mp4,8,0,96,2,30,43,0,79,179,0%,,,,
548_632.mp4,5,4,600,82,422,33,0,1057,1146,0%,,,,
549_531.mp4,0,0,0,97,484,44,0,91,625,0%,,,,
550_452.mp4,0,0,389,0,12,24,19,65,444,4%,,,,
551_631.mp4,15,0,0,226,443,49,0,199,733,0%,,,,
552_851.mp4,134,0,121,0,15,31,0,78,301,0%,,,,
553_545.mp4,0,0,0,0,356,8,0,8,364,0%,,,,
554_572.mp4,28,4,17,591,152,71,21,305,884,2%,,,,
555_516.mp4,159,0,2,148,259,9,0,145,577,0%,,,,
556_588.mp4,0,0,6,148,166,50,2,102,372,1%,,,,
557_560.mp4,85,0,58,148,46,250,0,268,587,0%,,,,
558_583.mp4,10,0,49,158,312,10,3,132,542,1%,,,,
559_543.mp4,1,2,5,0,5,3,0,11,16,0%,,,,
560_557.mp4,0,0,7,0,128,214,0,94,349,0%,,,,
561_998.mp4,289,23,2,1,47,60,0,124,422,0%,,,,
562_626.mp4,20,1,149,101,155,68,24,331,518,5%,,,,
563_537.mp4,0,0,0,356,0,34,0,22,390,0%,,,,
564_971.mp4,5,0,79,0,569,0,4,62,657,1%,,,,
565_589.mp4,21,0,0,1,240,168,0,115,430,0%,,,,
566_617.mp4,89,1,903,308,1086,414,5,2116,2806,0%,,,,
567_606.mp4,0,0,9,0,326,5,0,19,340,0%,,,,
568_628.mp4,0,0,0,0,570,0,0,0,570,0%,,,,
569_921.mp4,1,0,7,29,78,23,0,62,138,0%,,,,
570_624.mp4,20,0,130,2,78,4,119,144,353,34%,,,,
571_746.mp4,121,0,34,0,110,576,2,289,843,0%,,,,
572_554.mp4,28,0,1,4,225,108,0,102,366,0%,,,,
573_757.mp4,290,0,17,0,31,217,58,217,613,9%,,,,
574_547.mp4,78,0,9,1,369,3,2,90,462,0%,,,,
575_603.mp4,2,0,23,1,113,379,1,148,519,0%,,,,
576_155.mp4,0,0,2,0,413,1,0,6,416,0%,,,,
577_593.mp4,32,0,68,451,102,27,0,399,680,0%,,,,
578_636.mp4,6,0,51,336,104,77,0,177,574,0%,,,,
579_701.mp4,105,0,1,0,328,34,10,96,478,2%,,,,
580_524.mp4,63,1,17,0,14,217,2,80,314,1%,,,,
581_697.mp4,0,0,2,60,237,6,3,71,308,1%,,,,
582_172.mp4,157,0,30,0,161,72,11,176,431,3%,,,,
583_558.mp4,65,0,27,55,166,7,180,184,500,36%,,,,
584_823.mp4,35,0,3,0,429,18,0,72,485,0%,,,,
585_599.mp4,3,0,10,192,159,3,8,89,375,2%,,,,
586_223.mp4,0,0,30,13,322,79,7,194,451,2%,,,,
587_535.mp4,0,0,16,0,580,1,29,64,626,5%,,,,
588_556.mp4,33,2,15,2,55,437,0,93,544,0%,,,,
589_565.mp4,52,0,111,0,3,520,0,147,686,0%,,,,
590_034.mp4,45,0,1,352,208,2,15,152,623,2%,,,,
591_605.mp4,8,0,9,62,122,405,62,330,668,9%,,,,
592_500.mp4,0,0,0,24,340,0,0,15,364,0%,,,,
593_577.mp4,5,0,50,14,47,23,4,62,143,3%,,,,
594_530.mp4,222,0,30,0,120,202,0,400,574,0%,,,,
595_597.mp4,8,0,42,2,320,174,21,133,567,4%,,,,
596_609.mp4,5,1,42,2,319,168,20,143,557,4%,,,,
597_595.mp4,0,0,3,12,275,8,0,31,298,0%,,,,
598_178.mp4,42,0,38,0,65,504,41,120,690,6%,,,,
599_585.mp4,28,0,16,6,378,9,0,96,437,0%,,,,
600_505.mp4,107,0,7,0,181,33,60,129,388,15%,,,,
601_653.mp4,0,0,0,0,364,0,0,0,364,0%,,,,
602_397.mp4,49,0,90,6,896,8,2,246,1051,0%,,,,
603_575.mp4,1,0,1,111,102,0,78,110,293,27%,,,,
604_703.mp4,0,0,65,286,449,94,0,276,894,0%,,,,
605_591.mp4,31,0,0,19,603,11,0,58,664,0%,,,,
606_567.mp4,35,0,58,0,133,3,158,149,387,41%,,,,
607_683.mp4,0,1,20,38,156,189,0,162,404,0%,,,,
608_675.mp4,491,6,161,9,0,566,0,364,1233,0%,,,,
609_596.mp4,68,1,11,2,386,35,12,127,515,2%,,,,
610_692.mp4,63,12,7,0,78,238,0,114,398,0%,,,,
611_760.mp4,0,0,1,1,303,2,0,8,307,0%,,,,
612_702.mp4,367,0,12,9,20,28,0,80,436,0%,,,,
613_685.mp4,18,0,29,1,12,479,0,89,539,0%,,,,
614_616.mp4,407,0,43,1,54,33,0,159,538,0%,,,,
615_687.mp4,1,0,50,0,391,13,0,79,455,0%,,,,
616_614.mp4,29,0,13,0,614,7,0,43,663,0%,,,,
617_566.mp4,0,0,5,11,296,2,3,38,317,1%,,,,
618_629.mp4,4,0,7,319,62,2,0,57,394,0%,,,,
619_620.mp4,292,0,0,1,11,1,0,19,305,0%,,,,
620_619.mp4,449,0,124,0,46,152,0,315,771,0%,,,,
621_546.mp4,0,0,0,0,229,141,0,71,370,0%,,,,
622_647.mp4,327,0,0,0,44,6,2,59,379,1%,,,,
623_630.mp4,0,0,32,0,248,14,0,63,294,0%,,,,
624_570.mp4,10,0,43,359,32,7,0,137,451,0%,,,,
625_650.mp4,0,0,0,2,328,2,0,4,332,0%,,,,
626_562.mp4,22,0,554,1,326,125,0,350,1028,0%,,,,
627_658.mp4,20,0,0,0,351,3,0,34,374,0%,,,,
628_568.mp4,194,0,39,0,662,0,0,191,895,0%,,,,
629_618.mp4,72,2,9,9,852,35,10,139,989,1%,,,,
630_623.mp4,0,0,17,0,210,62,134,136,423,32%,,,,
631_551.mp4,11,6,20,0,47,312,28,110,424,7%,,,,
632_548.mp4,0,1,0,138,60,3,0,47,202,0%,,,,
633_529.mp4,193,2,94,3,53,20,59,172,424,14%,,,,
634_660.mp4,0,0,21,268,63,1,0,66,353,0%,,,,
635_642.mp4,16,0,57,3,440,67,218,271,801,27%,,,,
636_578.mp4,54,0,250,0,139,141,54,483,638,8%,,,,
637_427.mp4,0,0,5,0,484,23,0,32,512,0%,,,,
638_640.mp4,3,0,119,37,76,26,0,133,261,0%,,,,
639_841.mp4,457,0,3,17,176,12,1,139,666,0%,,,,
640_638.mp4,0,0,233,0,68,0,1,69,302,0%,,,,
641_662.mp4,4,0,53,0,206,91,9,109,363,2%,,,,
642_635.mp4,1,0,11,0,511,69,0,90,592,0%,,,,
643_646.mp4,5,0,45,20,65,244,0,132,379,0%,,,,
644_657.mp4,7,0,3,0,369,24,7,47,410,2%,,,,
645_688.mp4,21,0,30,380,233,23,10,319,697,1%,,,,
646_643.mp4,15,0,3,0,18,370,0,53,406,0%,,,,
647_622.mp4,25,0,284,71,235,104,0,227,719,0%,,,,
648_654.mp4,12,0,10,37,383,29,0,83,471,0%,,,,
649_816.mp4,0,0,20,996,80,65,0,215,1161,0%,,,,
650_625.mp4,0,0,37,0,472,0,184,148,693,27%,,,,
651_835.mp4,30,0,13,77,214,47,0,108,381,0%,,,,
652_773.mp4,0,0,339,27,410,19,0,656,795,0%,,,,
653_601.mp4,599,0,3,1,86,17,6,118,712,1%,,,,
654_648.mp4,64,0,135,0,119,92,0,125,410,0%,,,,
655_444.mp4,19,0,45,4,567,51,0,112,686,0%,,,,
656_666.mp4,8,0,0,0,491,6,0,16,505,0%,,,,
657_644.mp4,17,0,68,3,406,42,14,156,550,3%,,,,
658_627.mp4,0,0,6,0,385,13,0,26,404,0%,,,,
659_749.mp4,12,0,0,0,314,8,10,34,344,3%,,,,
660_634.mp4,74,0,157,1,47,5,36,82,320,11%,,,,
661_670.mp4,0,0,1,15,491,21,0,33,528,0%,,,,
662_641.mp4,0,0,56,217,211,12,1,141,497,0%,,,,
663_231.mp4,0,0,0,0,316,0,0,0,316,0%,,,,
664_668.mp4,2,0,163,0,17,151,0,142,333,0%,,,,
665_679.mp4,2,0,6,0,102,200,6,73,316,2%,,,,
666_656.mp4,0,0,0,0,383,0,0,0,383,0%,,,,
667_446.mp4,0,0,76,33,414,423,0,779,946,0%,,,,
668_664.mp4,67,11,0,21,282,17,0,110,398,0%,,,,
669_682.mp4,3,0,166,0,60,0,10,98,239,4%,,,,
670_661.mp4,2,0,14,134,325,13,0,112,488,0%,,,,
671_677.mp4,0,0,0,268,63,17,1,55,349,0%,,,,
672_720.mp4,6,0,4,98,388,48,0,60,544,0%,,,,
673_728.mp4,23,2,251,34,827,47,0,613,1184,0%,,,,
674_744.mp4,0,0,3,10,350,5,0,21,368,0%,,,,
675_608.mp4,137,0,60,0,1,221,2,143,421,0%,,,,
676_776.mp4,3,0,144,197,26,155,0,125,525,0%,,,,
677_671.mp4,1,0,10,69,164,68,2,65,314,1%,,,,
678_460.mp4,0,0,49,1,315,8,49,86,422,12%,,,,
679_665.mp4,22,0,0,2,63,334,0,74,421,0%,,,,
680_486.mp4,178,0,11,0,88,68,5,111,350,1%,,,,
681_711.mp4,21,0,0,0,813,6,0,32,840,0%,,,,
682_669.mp4,81,0,25,36,841,28,8,260,1019,1%,,,,
683_607.mp4,0,0,4,0,236,62,0,83,302,0%,,,,
684_717.mp4,0,0,3,0,454,46,0,50,503,0%,,,,
685_613.mp4,7,0,7,12,181,144,0,81,351,0%,,,,
686_696.mp4,30,6,45,0,130,110,0,102,321,0%,,,,
687_615.mp4,22,0,8,0,428,0,11,48,469,2%,,,,
688_645.mp4,21,0,140,29,491,38,11,262,730,2%,,,,
689_690.mp4,81,0,25,0,12,331,2,102,451,0%,,,,
690_689.mp4,3,0,5,2,249,119,0,111,378,0%,,,,
691_732.mp4,54,0,50,2,381,114,0,218,601,0%,,,,
692_610.mp4,2,0,159,76,74,164,99,423,574,17%,,,,
693_698.mp4,46,0,1,0,531,15,2,75,595,0%,,,,
694_767.mp4,16,0,106,14,48,75,1,120,260,0%,,,,
695_422.mp4,1,0,16,15,140,0,13,60,185,7%,,,,
696_686.mp4,0,0,30,13,331,9,25,92,408,6%,,,,
697_581.mp4,2,0,2,43,417,1,0,32,465,0%,,,,
698_693.mp4,2,0,0,0,293,0,9,16,304,3%,,,,
699_734.mp4,66,0,0,0,392,66,0,123,524,0%,,,,
700_813.mp4,130,0,66,33,76,28,0,142,333,0%,,,,
701_579.mp4,6,0,458,0,176,98,2,517,740,0%,,,,
702_612.mp4,164,0,405,5,52,27,57,250,710,8%,,,,
703_604.mp4,21,6,30,13,305,3,1,68,379,0%,,,,
704_723.mp4,0,0,0,36,207,249,2,98,494,0%,,,,
705_707.mp4,78,0,0,0,490,18,0,159,586,0%,,,,
706_479.mp4,1,2,45,117,141,1,23,102,330,7%,,,,
707_705.mp4,900,0,58,0,28,137,0,279,1123,0%,,,,
708_772.mp4,3,0,19,39,243,37,250,200,591,42%,,,,
709_390.mp4,3,0,21,113,158,33,0,103,328,0%,,,,
710_788.mp4,0,0,1,0,257,120,0,79,378,0%,,,,
711_681.mp4,0,0,37,0,249,30,0,52,316,0%,,,,
712_716.mp4,179,34,170,7,53,114,1,267,558,0%,,,,
713_726.mp4,3,0,54,168,204,87,7,192,523,1%,,,,
714_842.mp4,226,0,14,2,261,70,0,284,573,0%,,,,
715_721.mp4,56,0,383,1,199,158,60,287,857,7%,,,,
716_712.mp4,4,0,261,0,290,65,66,307,686,10%,,,,
717_684.mp4,1,0,13,0,182,169,9,104,374,2%,,,,
718_972.mp4,139,2,94,47,132,260,0,372,674,0%,,,,
719_737.mp4,7,0,0,3,392,0,0,12,402,0%,,,,
720_672.mp4,68,6,41,0,356,26,1,116,498,0%,,,,
721_715.mp4,2,0,0,4,415,7,0,20,428,0%,,,,
722_458.mp4,13,0,18,7,91,1,9,61,139,6%,,,,
723_704.mp4,0,0,0,0,730,0,1,2,731,0%,,,,
724_725.mp4,2,0,2,0,35,561,0,31,600,0%,,,,
725_724.mp4,0,0,10,0,698,1,0,21,709,0%,,,,
726_713.mp4,2,0,3,138,255,12,0,96,410,0%,,,,
727_729.mp4,51,1,0,33,389,111,0,195,585,0%,,,,
728_673.mp4,4,0,140,50,498,173,3,566,868,0%,,,,
729_727.mp4,20,0,15,65,491,42,0,122,633,0%,,,,
730_815.mp4,227,0,141,109,181,26,35,326,719,5%,,,,
731_741.mp4,333,0,204,0,326,118,23,528,1004,2%,,,,
732_691.mp4,30,0,21,13,4,0,0,35,68,0%,,,,
733_935.mp4,0,0,0,0,505,0,13,16,518,3%,,,,
734_699.mp4,527,0,37,0,132,164,238,304,1098,22%,,,,
735_774.mp4,651,0,50,0,21,387,0,492,1109,0%,,,,
736_785.mp4,81,0,212,3,394,95,13,585,798,2%,,,,
737_719.mp4,20,0,0,0,348,1,1,24,370,0%,,,,
738_804.mp4,1,0,1,35,305,37,0,36,379,0%,,,,
739_865.mp4,0,0,8,14,256,26,0,57,304,0%,,,,
740_796.mp4,3,0,51,0,119,158,0,101,331,0%,,,,
741_731.mp4,117,0,62,0,106,85,0,126,370,0%,,,,
742_775.mp4,3,0,56,0,261,4,299,175,623,48%,,,,
743_750.mp4,0,108,6,1,130,94,4,158,343,1%,,,,
744_674.mp4,52,0,4,8,210,8,12,70,294,4%,,,,
745_777.mp4,4,0,48,0,127,422,0,161,601,0%,,,,
746_571.mp4,147,0,326,0,250,18,0,467,741,0%,,,,
747_854.mp4,19,0,0,6,430,15,0,68,470,0%,,,,
748_355.mp4,0,0,63,0,33,46,72,126,214,34%,,,,
749_659.mp4,189,0,90,0,144,500,115,506,1038,11%,,,,
750_743.mp4,5,4,16,0,239,190,0,125,454,0%,,,,
751_752.mp4,0,0,16,47,226,42,0,69,331,0%,,,,
752_751.mp4,54,0,1,13,945,3,0,88,1016,0%,,,,
753_789.mp4,12,1,17,139,260,4,0,88,433,0%,,,,
754_758.mp4,9,0,0,92,235,74,0,143,410,0%,,,,
755_759.mp4,232,0,8,0,40,166,0,206,446,0%,,,,
756_503.mp4,0,0,0,0,568,0,0,0,568,0%,,,,
757_573.mp4,0,0,91,17,132,210,1,163,451,0%,,,,
758_754.mp4,1,0,1,0,178,192,1,69,373,0%,,,,
759_755.mp4,45,5,8,74,690,17,5,286,844,1%,,,,
760_611.mp4,100,8,4,75,289,10,1,273,487,0%,,,,
761_766.mp4,0,0,9,0,325,0,10,26,344,3%,,,,
762_832.mp4,0,0,2,0,412,3,0,9,417,0%,,,,
763_930.mp4,0,0,1,6,4,2,0,6,13,0%,,,,
764_850.mp4,206,0,29,1,136,237,69,570,678,10%,,,,
765_867.mp4,352,0,8,19,369,344,1,1049,1093,0%,,,,
766_761.mp4,20,0,15,140,544,184,2,280,905,0%,,,,
767_694.mp4,160,0,69,0,7,171,0,111,407,0%,,,,
768_793.mp4,129,0,187,0,0,1,13,111,330,4%,,,,
769_784.mp4,0,0,0,135,348,3,0,119,486,0%,,,,
770_791.mp4,91,0,96,0,281,191,0,178,659,0%,,,,
771_849.mp4,443,1,25,0,88,56,21,158,634,3%,,,,
772_708.mp4,1,0,58,23,184,47,16,119,329,5%,,,,
773_652.mp4,0,0,27,0,437,115,0,97,579,0%,,,,
774_735.mp4,3,0,16,5,131,158,0,103,313,0%,,,,
775_742.mp4,404,0,0,6,144,5,0,139,559,0%,,,,
776_676.mp4,1,0,30,258,52,33,1,121,375,0%,,,,
777_745.mp4,0,0,117,1,143,1,0,55,262,0%,,,,
778_798.mp4,6,0,14,2,125,9,171,105,327,52%,,,,
779_794.mp4,13,0,7,0,195,125,0,140,340,0%,,,,
780_869.mp4,9,0,0,1,398,0,2,20,410,0%,,,,
781_806.mp4,201,0,0,0,14,260,0,152,475,0%,,,,
782_787.mp4,29,0,40,0,312,200,2,129,583,0%,,,,
783_916.mp4,57,0,200,56,53,105,114,418,585,19%,,,,
784_769.mp4,4,0,15,0,588,336,51,769,994,5%,,,,
785_736.mp4,0,0,0,0,228,200,0,100,428,0%,,,,
786_819.mp4,2,0,13,45,139,381,0,198,580,0%,,,,
787_782.mp4,48,0,0,2,481,18,0,114,549,0%,,,,
788_710.mp4,1,0,2,0,528,2,1,10,534,0%,,,,
789_753.mp4,3,98,47,21,298,113,0,225,580,0%,,,,
790_014.mp4,12,0,24,35,212,478,0,257,761,0%,,,,
791_770.mp4,42,0,1,72,149,59,0,96,323,0%,,,,
792_903.mp4,85,0,84,0,67,46,103,157,385,27%,,,,
793_768.mp4,11,13,7,0,558,1,0,45,590,0%,,,,
794_779.mp4,630,0,328,57,109,187,2,707,1313,0%,,,,
795_907.mp4,0,0,35,54,350,81,25,170,545,5%,,,,
796_740.mp4,6,25,44,831,156,22,22,305,1106,2%,,,,
797_844.mp4,329,0,1,6,79,18,6,100,439,1%,,,,
798_778.mp4,27,0,16,51,266,9,0,91,369,0%,,,,
799_809.mp4,27,0,28,81,368,853,0,420,1357,0%,,,,
800_840.mp4,49,2,24,3,219,37,4,85,338,1%,,,,
801_855.mp4,241,0,152,352,35,60,0,797,840,0%,,,,
802_885.mp4,5,0,2,0,172,0,172,80,351,49%,,,,
803_017.mp4,0,0,151,8,81,28,26,119,294,9%,,,,
804_738.mp4,3,0,7,357,5,1,1,28,374,0%,,,,
805_011.mp4,10,0,3,0,11,9,53,25,86,62%,,,,
806_781.mp4,0,0,5,0,273,22,1,37,301,0%,,,,
807_273.mp4,312,3,5,6,37,397,0,254,760,0%,,,,
808_829.mp4,0,0,298,0,53,253,0,212,604,0%,,,,
809_799.mp4,1,0,1,0,0,11,0,3,13,0%,,,,
810_838.mp4,221,0,153,21,471,230,2,443,1098,0%,,,,
811_920.mp4,113,0,0,0,416,12,0,116,541,0%,,,,
812_821.mp4,225,0,0,105,405,14,0,522,749,0%,,,,
813_700.mp4,3,0,124,8,100,2,119,146,356,33%,,,,
814_871.mp4,10,3,8,330,181,9,0,89,541,0%,,,,
815_730.mp4,403,0,58,0,0,0,0,66,461,0%,,,,
816_649.mp4,21,0,30,1,232,2,126,113,412,31%,,,,
817_827.mp4,0,0,70,179,50,252,41,388,592,7%,,,,
818_820.mp4,126,1,460,1,248,222,0,968,1058,0%,,,,
819_786.mp4,85,0,209,67,592,5,119,474,1077,11%,,,,
820_818.mp4,61,0,2,56,355,2,159,239,635,25%,,,,
821_812.mp4,43,0,23,0,296,0,0,85,362,0%,,,,
822_244.mp4,12,0,3,158,111,21,0,78,305,0%,,,,
823_584.mp4,132,0,186,5,530,152,0,710,1005,0%,,,,
824_419.mp4,28,1,8,1067,327,4,15,640,1450,1%,,,,
825_074.mp4,2,1,0,0,543,1,0,7,547,0%,,,,
826_833.mp4,4,0,40,0,64,70,0,82,178,0%,,,,
827_817.mp4,5,0,8,38,139,123,0,87,313,0%,,,,
828_830.mp4,129,0,0,0,88,60,42,112,319,13%,,,,
829_808.mp4,0,0,53,319,401,62,0,224,835,0%,,,,
830_828.mp4,64,0,140,359,202,488,1,937,1254,0%,,,,
831_508.mp4,0,0,66,19,233,7,33,116,358,9%,,,,
832_762.mp4,1,0,357,101,166,59,4,334,688,1%,,,,
833_826.mp4,8,0,57,20,239,323,0,194,647,0%,,,,
834_852.mp4,1,0,1,0,292,9,0,18,303,0%,,,,
835_651.mp4,128,1,124,0,112,91,3,197,459,1%,,,,
836_950.mp4,6,0,0,0,0,320,0,10,326,0%,,,,
837_890.mp4,0,0,0,400,10,32,0,37,442,0%,,,,
838_810.mp4,41,7,131,3,65,209,0,204,456,0%,,,,
839_864.mp4,241,0,4,0,75,65,0,95,385,0%,,,,
840_800.mp4,111,0,3,0,693,3,30,140,840,4%,,,,
841_639.mp4,0,0,61,0,5,424,29,88,519,6%,,,,
842_714.mp4,0,0,0,0,1,0,0,0,1,0%,,,,
843_859.mp4,58,0,2,92,95,71,0,138,318,0%,,,,
844_797.mp4,2,0,1,0,699,150,0,147,852,0%,,,,
845_846.mp4,16,0,29,36,46,282,0,169,409,0%,,,,
846_845.mp4,3,0,118,0,232,0,0,58,353,0%,,,,
847_906.mp4,1,0,62,0,212,18,7,67,300,2%,,,,
848_894.mp4,107,1,61,88,58,83,0,196,398,0%,,,,
849_771.mp4,0,0,0,0,311,11,0,10,322,0%,,,,
850_764.mp4,2,0,20,0,575,9,1,30,607,0%,,,,
851_552.mp4,2,0,53,0,33,52,1,35,141,1%,,,,
852_834.mp4,0,0,0,0,427,0,0,0,427,0%,,,,
853_863.mp4,38,0,6,56,489,17,0,70,606,0%,,,,
854_747.mp4,67,0,73,0,112,1,1,100,254,0%,,,,
855_801.mp4,118,8,11,65,133,440,0,377,775,0%,,,,
856_881.mp4,384,0,97,0,595,27,0,271,1103,0%,,,,
857_909.mp4,16,0,0,2,0,0,0,4,18,0%,,,,
858_861.mp4,48,3,0,0,375,57,0,91,483,0%,,,,
859_843.mp4,4,0,31,0,0,296,0,39,331,0%,,,,
860_905.mp4,0,0,404,38,192,16,3,401,653,0%,,,,
861_858.mp4,36,0,3,0,474,113,0,168,626,0%,,,,
862_047.mp4,0,0,2,0,123,345,0,123,470,0%,,,,
863_853.mp4,18,0,0,157,296,41,1,81,513,0%,,,,
864_839.mp4,24,0,23,0,129,150,0,79,326,0%,,,,
865_739.mp4,100,0,9,108,125,4,2,84,348,1%,,,,
866_878.mp4,202,1,0,160,3,144,0,135,510,0%,,,,
867_765.mp4,0,0,11,0,1323,8,149,101,1491,10%,,,,
868_949.mp4,2,0,13,125,261,25,5,95,431,1%,,,,
869_780.mp4,138,0,235,48,514,248,155,1110,1338,12%,,,,
870_001.mp4,289,0,3,0,87,224,0,176,603,0%,,,,
871_814.mp4,6,0,6,190,140,8,0,69,350,0%,,,,
872_873.mp4,2,0,93,0,478,0,0,190,573,0%,,,,
873_872.mp4,136,0,756,0,1466,853,0,2497,3211,0%,,,,
874_291.mp4,20,0,37,1,375,41,4,109,478,1%,,,,
875_979.mp4,91,2,53,2,138,204,13,242,503,3%,,,,
876_891.mp4,255,0,21,12,0,0,0,38,288,0%,,,,
877_886.mp4,436,0,35,13,73,71,0,173,628,0%,,,,
878_866.mp4,68,0,237,7,251,173,0,244,736,0%,,,,
879_963.mp4,3,0,160,0,249,273,152,292,837,18%,,,,
880_135.mp4,0,0,5,0,434,2,0,14,441,0%,,,,
881_856.mp4,0,0,0,0,605,33,0,37,638,0%,,,,
882_952.mp4,19,15,28,81,119,113,5,208,380,1%,,,,
883_013.mp4,0,0,250,0,9,175,0,116,434,0%,,,,
884_968.mp4,0,0,268,0,3,74,0,62,345,0%,,,,
885_802.mp4,0,0,0,0,328,1,0,2,329,0%,,,,
886_877.mp4,162,0,202,0,69,92,0,218,525,0%,,,,
887_275.mp4,1,0,0,0,161,116,0,96,278,0%,,,,
888_937.mp4,0,0,3,3,67,234,0,69,307,0%,,,,
889_045.mp4,0,0,20,1,50,336,91,222,498,18%,,,,
890_837.mp4,63,0,39,0,195,8,36,91,341,11%,,,,
891_876.mp4,95,0,4,0,56,93,0,106,248,0%,,,,
892_112.mp4,4,5,16,23,272,5,4,64,329,1%,,,,
893_913.mp4,0,0,297,0,218,20,0,126,535,0%,,,,
894_848.mp4,79,0,8,0,2,143,0,62,232,0%,,,,
895_915.mp4,141,0,38,0,50,64,0,98,293,0%,,,,
896_128.mp4,0,0,1,1,522,7,0,12,531,0%,,,,
897_969.mp4,8,0,23,20,266,6,35,129,358,10%,,,,
898_922.mp4,8,0,16,0,299,26,0,55,349,0%,,,,
899_914.mp4,1,0,5,13,546,2,0,31,567,0%,,,,
900_926.mp4,159,0,0,0,64,138,0,135,361,0%,,,,
901_902.mp4,5,0,40,0,306,29,3,86,383,1%,,,,
902_901.mp4,40,0,104,36,51,99,0,134,330,0%,,,,
903_792.mp4,56,0,2,0,506,3,0,49,567,0%,,,,
904_046.mp4,1,0,8,25,183,144,0,105,361,0%,,,,
905_860.mp4,7,0,14,0,161,115,0,75,297,0%,,,,
906_847.mp4,248,0,0,35,30,76,0,112,389,0%,,,,
907_795.mp4,8,0,208,114,288,114,9,467,741,1%,,,,
908_207.mp4,0,0,8,148,471,18,21,135,666,3%,,,,
909_857.mp4,563,0,19,1,46,8,0,59,637,0%,,,,
910_911.mp4,49,0,2,0,218,2,23,71,294,8%,,,,
911_910.mp4,250,0,111,3,10,136,0,345,510,0%,,,,
912_927.mp4,90,0,36,3,53,60,10,108,252,4%,,,,
913_893.mp4,1,0,80,2,395,7,21,111,506,4%,,,,
914_899.mp4,50,0,1,23,213,66,1,129,354,0%,,,,
915_895.mp4,1,0,0,22,336,28,0,61,387,0%,,,,
916_783.mp4,143,70,105,0,30,107,27,257,482,6%,,,,
917_924.mp4,143,1,35,0,108,147,23,168,457,5%,,,,
918_934.mp4,0,0,1,0,471,0,0,2,472,0%,,,,
919_015.mp4,280,2,2,0,39,211,0,99,534,0%,,,,
920_811.mp4,84,0,8,2,249,42,0,89,385,0%,,,,
921_569.mp4,0,0,15,43,68,15,0,73,141,0%,,,,
922_898.mp4,19,0,3,1,593,0,0,28,616,0%,,,,
923_023.mp4,0,0,0,33,422,151,0,129,606,0%,,,,
924_917.mp4,27,0,157,0,863,42,160,351,1249,13%,,,,
925_933.mp4,7,0,0,39,9,371,0,98,426,0%,,,,
926_900.mp4,0,0,2,0,333,48,0,100,383,0%,,,,
927_912.mp4,12,0,35,0,70,626,0,161,743,0%,,,,
928_160.mp4,31,0,0,21,324,0,0,68,376,0%,,,,
929_962.mp4,0,0,4,0,450,2,9,15,465,2%,,,,
930_763.mp4,0,0,1,255,333,36,0,217,625,0%,,,,
931_936.mp4,0,0,14,1,301,2,1,27,319,0%,,,,
932_384.mp4,0,0,23,9,149,35,4,95,220,2%,,,,
933_925.mp4,54,0,15,0,424,20,0,104,513,0%,,,,
934_918.mp4,4,0,3,0,377,192,0,310,576,0%,,,,
935_733.mp4,1,0,1,231,313,21,0,152,567,0%,,,,
936_931.mp4,0,0,20,0,270,5,1,20,296,0%,,,,
937_888.mp4,173,0,210,0,0,72,0,186,455,0%,,,,
938_987.mp4,0,0,0,0,328,41,0,36,369,0%,,,,
939_115.mp4,51,0,20,0,0,439,1,87,511,0%,,,,
940_941.mp4,7,0,1,0,255,12,40,75,315,13%,,,,
941_940.mp4,3,0,3,306,62,120,0,174,494,0%,,,,
942_943.mp4,2,0,1,1,238,291,0,196,533,0%,,,,
943_942.mp4,83,0,286,46,0,7,0,155,422,0%,,,,
944_032.mp4,0,0,40,21,298,28,0,124,387,0%,,,,
945_044.mp4,0,0,18,30,714,0,0,39,762,0%,,,,
946_049.mp4,5,0,4,330,17,98,15,88,469,3%,,,,
947_951.mp4,12,0,3,0,290,336,0,180,641,0%,,,,
948_965.mp4,1,0,1,1,400,19,13,39,435,3%,,,,
949_868.mp4,51,0,99,8,76,28,424,189,686,62%,,,,
950_836.mp4,2,0,357,104,174,141,0,215,778,0%,,,,
951_947.mp4,102,0,266,77,456,314,206,745,1421,14%,,,,
952_882.mp4,22,0,4,263,438,3,0,146,730,0%,,,,
953_974.mp4,41,1,38,115,109,137,3,238,444,1%,,,,
954_976.mp4,3,0,25,8,312,27,1,69,376,0%,,,,
955_078.mp4,8,0,97,0,285,140,1,176,531,0%,,,,
956_958.mp4,1,0,1,47,493,6,0,51,548,0%,,,,
957_959.mp4,39,0,9,0,216,167,1,122,432,0%,,,,
958_956.mp4,1,0,1,0,331,4,55,50,392,14%,,,,
959_957.mp4,29,0,5,9,151,320,0,202,514,0%,,,,
960_999.mp4,0,0,19,180,29,31,0,64,259,0%,,,,
961_069.mp4,1,0,23,1,181,127,16,143,349,5%,,,,
962_929.mp4,7,0,0,0,453,0,0,10,460,0%,,,,
963_879.mp4,54,0,55,0,193,376,0,238,678,0%,,,,
964_174.mp4,0,0,0,451,1,23,0,46,475,0%,,,,
965_948.mp4,0,0,15,6,231,18,78,118,348,22%,,,,
966_988.mp4,88,0,9,0,216,51,0,122,364,0%,,,,
967_984.mp4,19,2,22,0,550,91,0,231,684,0%,,,,
968_884.mp4,5,10,0,220,68,2,0,52,305,0%,,,,
969_897.mp4,3,0,1,0,300,54,20,80,378,5%,,,,
970_973.mp4,249,8,43,0,42,134,0,138,476,0%,,,,
971_564.mp4,193,0,6,0,0,143,0,80,342,0%,,,,
972_718.mp4,0,0,0,17,256,37,1,52,311,0%,,,,
973_970.mp4,23,1,25,1,499,25,3,90,577,1%,,,,
974_953.mp4,0,0,150,3,147,7,13,96,320,4%,,,,
975_978.mp4,3,0,7,0,231,62,3,65,306,1%,,,,
976_954.mp4,11,0,106,3,104,92,28,170,344,8%,,,,
977_075.mp4,0,0,22,6,598,17,8,41,651,1%,,,,
978_975.mp4,48,11,85,45,542,30,40,292,801,5%,,,,
979_875.mp4,0,0,199,0,117,19,0,91,335,0%,,,,
980_992.mp4,217,2,42,0,32,88,2,151,383,1%,,,,
981_985.mp4,226,22,17,20,59,75,0,193,419,0%,,,,
982_004.mp4,14,0,5,10,813,1,0,50,843,0%,,,,
983_113.mp4,69,0,4,6,205,125,0,127,409,0%,,,,
984_967.mp4,4,0,31,1,236,43,28,82,343,8%,,,,
985_981.mp4,4,0,307,12,308,59,3,653,693,0%,,,,
986_994.mp4,3,0,3,554,269,0,0,115,829,0%,,,,
987_938.mp4,205,0,0,0,334,37,0,125,576,0%,,,,
988_966.mp4,165,0,0,85,205,0,0,139,455,0%,,,,
989_993.mp4,221,7,128,257,255,20,83,420,971,9%,,,,
990_008.mp4,3,0,12,0,264,13,0,35,292,0%,,,,
991_064.mp4,16,0,0,0,299,87,0,83,402,0%,,,,
992_980.mp4,1,0,21,1,574,126,6,161,729,1%,,,,
993_989.mp4,108,9,19,0,19,242,12,147,409,3%,,,,
994_986.mp4,19,0,57,4,390,7,8,128,485,2%,,,,
995_233.mp4,6,0,5,1,202,331,1,162,546,0%,,,,
996_056.mp4,120,0,21,7,87,77,0,68,312,0%,,,,
997_040.mp4,3,0,31,10,233,196,2,159,475,0%,,,,
998_561.mp4,4,0,119,38,117,42,24,120,344,7%,,,,
999_960.mp4,1,0,22,6,172,89,0,80,290,0%,,,,
