Video_name,happy,angry,sad,surprise,disgust,fear,neutral,emotion_change,each_video_emotion_count,neutral_%
test_00000000.mp4,85,32,12,215,69,73,7,383,493,0.014198783
test_00000001.mp4,208,2,9,9,150,8,23,154,409,0.056234719
test_00000002.mp4,172,0,0,0,0,0,0,0,172,0
test_00000003.mp4,2,0,22,3,3,1,0,10,31,0
test_00000004.mp4,0,6,1,264,31,14,0,104,316,0
test_00000005.mp4,29,0,14,83,20,82,0,132,228,0
test_00000006.mp4,12,0,7,84,108,198,4,254,413,0.00968523
test_00000007.mp4,0,0,1,0,0,1,0,1,2,0
test_00000008.mp4,0,0,0,0,0,1,0,0,1,0
test_00000009.mp4,40,0,9,8,47,110,0,38,214,0
test_00000010.mp4,15,0,0,2,39,104,0,43,160,0
test_00000011.mp4,1,0,4,56,197,166,17,283,441,0.038548753
test_00000012.mp4,82,0,2,28,246,178,0,148,536,0
test_00000013.mp4,215,0,0,2,112,20,0,66,349,0
test_00000014.mp4,0,0,4,0,176,10,15,29,205,0.073170732
test_00000015.mp4,14,0,2,13,4,38,0,24,71,0
test_00000016.mp4,0,0,1,8,0,9,1,7,19,0.052631579
test_00000017.mp4,28,41,27,211,100,40,0,192,447,0
test_00000018.mp4,92,0,8,0,0,1,76,66,177,0.429378531
test_00000019.mp4,39,0,0,0,19,101,0,29,159,0
test_00000020.mp4,4,0,0,1,76,31,1,38,113,0.008849558
test_00000021.mp4,69,0,57,91,223,155,0,345,595,0
test_00000022.mp4,22,0,7,200,95,1,73,88,398,0.183417085
test_00000023.mp4,48,0,0,0,9,0,0,16,57,0
test_00000024.mp4,91,82,53,100,21,234,0,488,581,0
test_00000025.mp4,66,0,15,0,6,72,0,57,159,0
test_00000026.mp4,74,1,9,17,73,42,1,83,217,0.004608295
test_00000027.mp4,0,0,1,0,0,1,0,1,2,0
test_00000028.mp4,122,0,0,0,0,37,0,17,159,0
test_00000029.mp4,117,0,0,0,4,153,0,71,274,0
test_00000030.mp4,1,1,7,25,24,3,0,20,61,0
test_00000031.mp4,26,0,0,1,31,300,0,64,358,0
test_00000032.mp4,3,0,6,474,10,20,0,45,513,0
test_00000033.mp4,103,0,42,11,71,21,2,118,250,0.008
test_00000034.mp4,0,0,8,32,18,253,0,55,311,0
test_00000035.mp4,147,0,3,0,65,106,0,73,321,0
test_00000036.mp4,9,0,18,39,19,25,0,66,110,0
test_00000037.mp4,0,0,0,0,0,0,0,0,0,0
test_00000038.mp4,0,0,0,15,0,0,0,0,15,0
test_00000039.mp4,6,0,20,0,2,13,0,15,41,0
test_00000040.mp4,194,0,68,1,160,5,79,107,507,0.15581854
test_00000041.mp4,4,0,0,19,0,1,0,3,24,0
test_00000042.mp4,7,1,71,28,19,129,0,51,255,0
test_00000043.mp4,0,0,0,0,0,0,0,0,0,0
test_00000044.mp4,10,0,10,89,99,23,20,51,251,0.079681275
test_00000045.mp4,15,0,3,22,27,31,0,36,98,0
test_00000046.mp4,0,0,0,0,0,0,1,0,1,1
test_00000047.mp4,30,0,7,0,28,526,0,42,591,0
test_00000048.mp4,0,0,4,8,3,1,0,5,16,0
test_00000049.mp4,9,0,45,115,120,294,6,118,589,0.010186757
test_00000050.mp4,0,0,3,54,72,0,0,20,129,0
test_00000051.mp4,147,17,7,87,34,136,0,134,428,0
test_00000052.mp4,5,0,5,110,39,76,0,151,235,0
test_00000053.mp4,75,24,36,1,14,16,2,64,168,0.011904762
test_00000054.mp4,10,0,3,40,8,257,3,52,321,0.009345794
test_00000055.mp4,0,0,3,1,0,0,0,1,4,0
test_00000056.mp4,2,1,0,0,1,4,0,5,8,0
test_00000057.mp4,0,0,1,73,57,15,1,21,147,0.006802721
test_00000058.mp4,0,0,0,0,0,2,0,0,2,0
test_00000059.mp4,198,0,24,0,3,4,138,113,367,0.376021798
test_00000060.mp4,54,0,2,0,6,78,0,63,140,0
test_00000061.mp4,111,0,0,0,45,2,0,35,158,0
test_00000062.mp4,169,0,1,0,7,186,0,29,363,0
test_00000063.mp4,62,0,0,28,59,12,0,52,161,0
test_00000064.mp4,298,0,33,39,28,74,0,66,472,0
test_00000065.mp4,3,0,15,42,109,104,17,227,290,0.05862069
test_00000066.mp4,0,0,8,43,53,10,21,52,135,0.155555556
test_00000067.mp4,0,0,13,69,79,55,4,190,220,0.018181818
test_00000068.mp4,0,0,0,209,198,4,0,261,411,0
test_00000069.mp4,63,0,4,33,0,0,0,34,100,0
test_00000070.mp4,1,0,0,0,0,9,0,2,10,0
test_00000071.mp4,4,0,4,77,38,47,0,36,170,0
test_00000072.mp4,116,0,9,418,1,174,0,398,718,0
test_00000073.mp4,9,15,19,58,146,54,0,115,301,0
test_00000074.mp4,10,0,129,101,236,167,12,560,655,0.018320611
test_00000075.mp4,15,0,24,2,19,120,0,53,180,0
test_00000076.mp4,1,0,15,77,333,0,22,168,448,0.049107143
test_00000077.mp4,273,0,9,0,2,0,46,52,330,0.139393939
test_00000078.mp4,52,0,55,0,14,7,3,53,131,0.022900763
test_00000079.mp4,5,0,0,192,8,30,0,28,235,0
test_00000080.mp4,94,0,15,8,1,296,0,160,414,0
test_00000081.mp4,3,0,16,124,231,26,6,293,406,0.014778325
test_00000082.mp4,195,0,92,665,43,43,28,653,1066,0.026266417
test_00000083.mp4,0,0,0,14,8,0,1,7,23,0.043478261
test_00000084.mp4,16,0,222,75,15,61,11,159,400,0.0275
test_00000085.mp4,2,0,6,70,10,49,0,51,137,0
test_00000086.mp4,28,0,0,0,0,1,0,2,29,0
test_00000087.mp4,79,0,46,165,92,155,0,231,537,0
test_00000088.mp4,2,0,82,0,169,264,0,422,517,0
test_00000089.mp4,0,0,0,76,23,2,5,19,106,0.047169811
test_00000090.mp4,204,0,0,4,82,142,0,105,432,0
test_00000091.mp4,33,0,14,0,0,14,0,19,61,0
test_00000092.mp4,242,0,1,52,49,1,1,91,346,0.002890173
test_00000093.mp4,20,9,0,29,0,5,0,19,63,0
test_00000094.mp4,20,0,48,96,99,27,31,170,321,0.096573209
test_00000095.mp4,16,0,58,23,29,26,1,58,153,0.006535948
test_00000096.mp4,70,54,6,122,20,77,0,102,349,0
test_00000097.mp4,0,0,3,2,15,94,0,13,114,0
test_00000098.mp4,48,0,34,196,225,10,1,436,514,0.001945525
test_00000099.mp4,12,0,4,207,49,28,1,55,301,0.003322259
test_00000100.mp4,157,0,41,32,0,10,0,79,240,0
test_00000101.mp4,15,27,6,691,99,23,0,309,861,0
test_00000102.mp4,184,0,40,10,5,9,15,90,263,0.057034221
test_00000103.mp4,16,1,1,39,0,2,0,8,59,0
test_00000104.mp4,43,0,28,115,139,54,5,111,384,0.013020833
test_00000105.mp4,23,3,5,70,19,299,0,117,419,0
test_00000106.mp4,4,0,2,226,83,81,0,189,396,0
test_00000107.mp4,122,54,14,138,46,41,0,267,415,0
test_00000108.mp4,8,0,17,14,61,47,0,52,147,0
test_00000109.mp4,0,0,2,1,121,243,3,192,370,0.008108108
test_00000110.mp4,38,0,4,26,119,2,81,88,270,0.3
test_00000111.mp4,210,0,46,1,8,6,72,123,343,0.209912536
test_00000112.mp4,0,0,4,2,3,4,0,9,13,0
test_00000113.mp4,0,0,11,2,29,92,0,42,134,0
test_00000114.mp4,0,0,0,23,272,10,0,18,305,0
test_00000115.mp4,19,0,26,188,3,310,0,339,546,0
test_00000116.mp4,88,13,26,14,54,61,0,109,256,0
test_00000117.mp4,187,1,5,8,57,98,10,232,366,0.027322404
test_00000118.mp4,18,0,11,23,15,3,0,33,70,0
test_00000119.mp4,17,0,0,0,0,246,0,19,263,0
test_00000120.mp4,15,0,15,252,40,33,1,128,356,0.002808989
test_00000121.mp4,21,1,20,64,57,49,0,110,212,0
test_00000122.mp4,2,1,6,1,19,185,1,51,215,0.004651163
test_00000123.mp4,1,0,3,268,12,12,0,52,296,0
test_00000124.mp4,150,0,18,10,4,16,17,71,215,0.079069767
test_00000125.mp4,5,0,10,33,12,7,1,15,68,0.014705882
test_00000126.mp4,0,0,2,14,2,20,0,23,38,0
test_00000127.mp4,25,2,106,112,100,27,0,193,372,0
test_00000128.mp4,37,0,10,0,0,196,0,54,243,0
test_00000129.mp4,43,0,21,9,162,9,7,74,251,0.027888446
test_00000130.mp4,40,0,0,66,23,0,0,39,129,0
test_00000131.mp4,39,0,0,6,14,19,3,24,81,0.037037037
test_00000132.mp4,0,0,0,0,1,0,0,0,1,0
test_00000133.mp4,1,0,0,0,0,0,0,0,1,0
test_00000134.mp4,85,0,9,182,106,17,4,154,403,0.009925558
test_00000135.mp4,145,1,19,47,87,37,2,104,338,0.00591716
test_00000136.mp4,22,0,12,1,14,124,0,59,173,0
test_00000137.mp4,18,0,104,2,49,204,1,269,378,0.002645503
test_00000138.mp4,43,0,0,16,5,1,1,12,66,0.015151515
test_00000139.mp4,0,0,19,119,10,28,2,88,178,0.011235955
test_00000140.mp4,1,0,3,3,122,28,0,40,157,0
test_00000141.mp4,251,0,0,0,6,77,0,63,334,0
test_00000142.mp4,97,0,53,0,84,26,9,124,269,0.033457249
test_00000143.mp4,126,0,7,86,61,30,2,99,312,0.006410256
test_00000144.mp4,78,3,2,113,0,152,0,165,348,0
test_00000145.mp4,53,7,9,73,29,156,1,255,328,0.00304878
test_00000146.mp4,8,4,43,51,197,119,0,352,422,0
test_00000147.mp4,4,0,5,173,25,88,0,181,295,0
test_00000148.mp4,221,0,0,0,2,0,0,4,223,0
test_00000149.mp4,0,0,0,156,23,14,0,25,193,0
test_00000150.mp4,14,0,14,19,67,15,0,67,129,0
test_00000151.mp4,253,0,3,11,52,15,0,57,334,0
test_00000152.mp4,46,0,1,0,0,193,0,25,240,0
test_00000153.mp4,33,8,2,106,278,43,0,78,470,0
test_00000154.mp4,11,0,10,18,48,47,0,59,134,0
test_00000155.mp4,56,9,15,106,270,29,0,369,485,0
test_00000156.mp4,67,5,23,275,101,78,0,279,549,0
test_00000157.mp4,0,0,3,23,9,0,0,17,35,0
test_00000158.mp4,1,11,20,278,128,50,0,301,488,0
test_00000159.mp4,280,0,3,3,18,55,0,49,359,0
test_00000160.mp4,0,0,2,164,77,33,0,83,276,0
test_00000161.mp4,55,0,9,42,160,2,5,59,273,0.018315018
test_00000162.mp4,32,0,0,1,39,75,2,33,149,0.013422819
test_00000163.mp4,334,0,28,0,3,2,122,140,489,0.249488753
test_00000164.mp4,1,0,0,2,2,0,0,3,5,0
test_00000165.mp4,117,28,102,13,135,166,21,412,582,0.036082474
test_00000166.mp4,13,0,2,226,293,0,0,26,534,0
test_00000167.mp4,4,0,0,0,0,146,0,4,150,0
test_00000168.mp4,0,0,25,85,24,21,0,35,155,0
test_00000169.mp4,93,0,20,56,0,20,0,109,189,0
test_00000170.mp4,6,0,32,1,18,319,0,93,376,0
test_00000171.mp4,20,0,56,58,111,41,0,185,286,0
test_00000172.mp4,3,0,13,86,12,91,2,79,207,0.009661836
test_00000173.mp4,58,0,209,4,27,57,42,197,397,0.105793451
test_00000174.mp4,23,6,0,35,9,3,3,31,79,0.037974684
test_00000175.mp4,53,0,5,0,4,27,0,35,89,0
test_00000176.mp4,7,0,4,65,124,354,0,284,554,0
test_00000177.mp4,133,0,8,0,8,0,12,40,161,0.074534161
test_00000178.mp4,4,0,7,37,17,77,7,50,149,0.046979866
test_00000179.mp4,51,0,0,5,136,5,3,49,200,0.015
test_00000180.mp4,17,5,1,4,175,16,1,53,219,0.00456621
test_00000181.mp4,3,1,25,16,32,5,5,49,87,0.057471264
test_00000182.mp4,0,0,0,0,0,3,0,0,3,0
test_00000183.mp4,119,0,6,6,40,4,0,62,175,0
test_00000184.mp4,108,8,14,291,676,59,14,713,1170,0.011965812
test_00000185.mp4,187,30,1,1,3,85,0,60,307,0
test_00000186.mp4,5,0,5,9,412,61,2,143,494,0.004048583
test_00000187.mp4,28,0,0,0,24,38,0,38,90,0
test_00000188.mp4,0,0,0,0,0,0,0,0,0,0
test_00000189.mp4,0,2,6,3,6,2,0,13,19,0
test_00000190.mp4,219,0,0,15,107,0,0,91,341,0
test_00000191.mp4,17,0,12,71,43,66,1,97,210,0.004761905
test_00000192.mp4,19,0,1,173,1,1,0,13,195,0
test_00000193.mp4,21,0,11,128,319,331,19,477,829,0.02291918
test_00000194.mp4,150,0,8,9,25,20,0,53,212,0
test_00000195.mp4,2,0,0,0,14,140,0,22,156,0
test_00000196.mp4,10,0,20,58,5,5,1,42,99,0.01010101
test_00000197.mp4,11,0,2,0,1,4,3,7,21,0.142857143
test_00000198.mp4,39,0,49,18,6,56,0,68,168,0
test_00000199.mp4,85,3,0,92,1,15,0,35,196,0
test_00000200.mp4,46,0,1,0,9,8,0,18,64,0
test_00000201.mp4,12,0,1,87,82,98,0,85,280,0
test_00000202.mp4,15,0,2,76,2,58,3,55,156,0.019230769
test_00000203.mp4,0,0,0,15,13,1,0,5,29,0
test_00000204.mp4,0,0,0,0,0,0,0,0,0,0
test_00000205.mp4,233,0,2,1,104,5,0,206,345,0
test_00000206.mp4,256,1,33,6,21,144,0,121,461,0
test_00000207.mp4,182,3,21,16,63,28,0,90,313,0
test_00000208.mp4,4,0,0,14,112,4,0,24,134,0
test_00000209.mp4,125,0,2,33,2,263,0,66,425,0
test_00000210.mp4,0,0,14,0,5,0,0,7,19,0
test_00000211.mp4,5,0,10,47,12,81,6,65,161,0.037267081
test_00000212.mp4,117,0,2,44,79,39,0,116,281,0
test_00000213.mp4,285,0,0,15,114,33,1,127,448,0.002232143
test_00000214.mp4,6,0,3,38,16,8,6,38,77,0.077922078
test_00000215.mp4,3,1,3,98,19,19,19,28,162,0.117283951
test_00000216.mp4,1,0,1,32,0,138,0,11,172,0
test_00000217.mp4,1,0,0,0,0,1,0,1,2,0
test_00000218.mp4,0,0,7,90,6,25,10,39,138,0.072463768
test_00000219.mp4,0,0,0,0,12,16,0,6,28,0
test_00000220.mp4,5,0,21,32,2,44,2,65,106,0.018867925
test_00000221.mp4,92,41,0,0,227,11,0,59,371,0
test_00000222.mp4,63,0,15,58,105,19,10,165,270,0.037037037
test_00000223.mp4,33,37,120,4,14,15,0,100,223,0
test_00000224.mp4,33,0,45,2,61,54,1,61,196,0.005102041
test_00000225.mp4,1,0,1,7,0,7,0,9,16,0
test_00000226.mp4,16,0,71,7,134,58,2,95,288,0.006944444
test_00000227.mp4,5,0,0,5,24,118,0,33,152,0
test_00000228.mp4,3,0,7,3,0,193,0,17,206,0
test_00000229.mp4,0,0,0,0,0,0,0,0,0,0
test_00000230.mp4,158,0,0,0,9,17,0,35,184,0
test_00000231.mp4,28,0,1,17,29,113,0,53,188,0
test_00000232.mp4,0,0,124,12,0,152,0,34,288,0
test_00000233.mp4,8,0,46,77,29,13,6,151,179,0.033519553
test_00000234.mp4,107,7,0,12,68,72,1,70,267,0.003745318
test_00000235.mp4,4,0,0,0,79,40,0,37,123,0
test_00000236.mp4,7,0,15,41,4,36,78,51,181,0.430939227
test_00000237.mp4,10,0,4,111,70,3,4,94,202,0.01980198
test_00000238.mp4,0,0,1,12,23,8,0,13,44,0
test_00000239.mp4,3,0,2,138,5,159,0,48,307,0
test_00000240.mp4,97,0,3,22,11,31,0,30,164,0
test_00000241.mp4,18,0,4,76,125,46,0,149,269,0
test_00000242.mp4,0,1,16,399,113,24,14,310,567,0.024691358
test_00000243.mp4,6,0,12,20,70,32,5,31,145,0.034482759
test_00000244.mp4,4,0,22,25,10,56,2,59,119,0.016806723
test_00000245.mp4,0,0,98,17,1,11,0,41,127,0
test_00000246.mp4,113,83,11,254,23,14,1,483,499,0.002004008
test_00000247.mp4,207,0,72,116,63,98,2,448,558,0.003584229
test_00000248.mp4,0,0,0,21,10,0,2,10,33,0.060606061
test_00000249.mp4,26,14,21,178,444,25,24,454,732,0.032786885
test_00000250.mp4,0,0,0,0,0,0,0,0,0,0
test_00000251.mp4,108,0,6,0,2,10,0,19,126,0
test_00000252.mp4,98,0,0,0,48,187,0,82,333,0
test_00000253.mp4,2,3,0,22,5,4,0,18,36,0
test_00000254.mp4,35,9,10,85,10,60,0,33,209,0
test_00000255.mp4,3,0,13,413,270,46,8,415,753,0.01062417
test_00000256.mp4,4,0,7,3,463,1,31,49,509,0.060903733
test_00000257.mp4,36,0,0,4,108,2,0,30,150,0
test_00000258.mp4,5,0,0,0,0,221,0,10,226,0
test_00000259.mp4,105,0,10,6,46,8,0,55,175,0
test_00000260.mp4,154,0,0,39,133,9,1,94,336,0.00297619
test_00000261.mp4,67,4,29,357,24,47,20,296,548,0.03649635
test_00000262.mp4,11,0,13,3,14,44,18,43,103,0.174757282
test_00000263.mp4,45,1,18,14,1,68,0,45,147,0
test_00000264.mp4,0,0,85,0,0,22,0,18,107,0
test_00000265.mp4,4,0,8,100,101,9,28,59,250,0.112
test_00000266.mp4,74,0,9,39,21,51,2,64,196,0.010204082
test_00000267.mp4,0,0,5,141,0,2,7,11,155,0.04516129
test_00000268.mp4,14,0,12,167,31,44,1,114,269,0.003717472
test_00000269.mp4,3,0,1,0,7,28,0,13,39,0
test_00000270.mp4,43,1,43,68,245,77,0,375,477,0
test_00000271.mp4,66,0,18,18,13,143,22,111,280,0.078571429
test_00000272.mp4,0,0,1,1,7,7,0,7,16,0
test_00000273.mp4,15,0,45,0,66,31,3,75,160,0.01875
test_00000274.mp4,0,0,21,472,51,1,0,92,545,0
test_00000275.mp4,227,0,35,27,152,81,17,175,539,0.031539889
test_00000276.mp4,1,4,1,53,0,3,0,12,62,0
test_00000277.mp4,72,0,2,27,12,7,0,30,120,0
test_00000278.mp4,1,0,21,9,20,48,2,43,101,0.01980198
test_00000279.mp4,43,0,14,12,18,58,0,55,145,0
test_00000280.mp4,11,0,7,133,91,13,0,96,255,0
test_00000281.mp4,0,0,0,307,41,4,0,27,352,0
test_00000282.mp4,1,0,1,0,1,6,5,8,14,0.357142857
test_00000283.mp4,60,0,20,8,1,82,1,55,172,0.005813953
test_00000284.mp4,289,0,77,110,55,57,3,463,591,0.005076142
test_00000285.mp4,7,0,62,1,147,29,11,183,257,0.042801556
test_00000286.mp4,19,0,10,51,54,24,0,94,158,0
test_00000287.mp4,5,0,3,42,117,251,2,244,420,0.004761905
test_00000288.mp4,0,0,5,32,65,2,25,42,129,0.19379845
test_00000289.mp4,95,0,42,51,231,259,0,552,678,0
test_00000290.mp4,5,0,26,13,17,78,1,34,140,0.007142857
test_00000291.mp4,16,0,20,155,33,11,2,66,237,0.008438819
test_00000292.mp4,24,0,0,118,8,13,1,29,164,0.006097561
test_00000293.mp4,0,0,0,21,100,0,3,17,124,0.024193548
test_00000294.mp4,0,0,0,0,0,0,1,0,1,1
test_00000295.mp4,0,0,0,167,17,0,0,12,184,0
test_00000296.mp4,1,0,2,0,0,37,0,3,40,0
test_00000297.mp4,73,1,30,3,53,28,12,90,200,0.06
test_00000298.mp4,2,0,4,120,0,34,4,23,164,0.024390244
test_00000299.mp4,5,0,61,161,112,1,15,163,355,0.042253521
test_00000300.mp4,0,0,60,17,246,43,64,103,430,0.148837209
test_00000301.mp4,14,0,2,265,14,28,0,75,323,0
test_00000302.mp4,6,0,8,5,65,415,0,141,499,0
test_00000303.mp4,77,0,10,8,11,257,0,88,363,0
test_00000304.mp4,71,2,11,0,214,166,0,144,464,0
test_00000305.mp4,51,0,0,0,10,85,0,57,146,0
test_00000306.mp4,5,0,12,19,0,38,13,42,87,0.149425287
test_00000307.mp4,50,0,65,0,17,4,18,44,154,0.116883117
test_00000308.mp4,10,68,24,185,53,8,18,337,366,0.049180328
test_00000309.mp4,3,0,0,12,0,0,0,6,15,0
test_00000310.mp4,141,7,3,1,322,31,0,141,505,0
test_00000311.mp4,39,0,4,13,101,7,17,53,181,0.093922652
test_00000312.mp4,149,2,16,36,59,10,45,137,317,0.141955836
test_00000313.mp4,5,0,33,172,71,99,17,123,397,0.042821159
test_00000314.mp4,5,1,10,29,81,55,6,55,187,0.032085561
test_00000315.mp4,0,0,1,0,0,0,0,0,1,0
test_00000316.mp4,9,0,5,465,40,27,0,70,546,0
test_00000317.mp4,10,0,0,46,112,0,82,57,250,0.328
test_00000318.mp4,106,0,0,0,47,4,0,38,157,0
test_00000319.mp4,146,0,0,10,36,160,0,89,352,0
test_00000320.mp4,22,5,25,75,190,177,6,460,500,0.012
test_00000321.mp4,1,0,8,218,14,18,0,42,259,0
test_00000322.mp4,2,0,11,2,32,1,10,34,58,0.172413793
test_00000323.mp4,76,0,32,3,18,29,1,90,159,0.006289308
test_00000324.mp4,72,0,129,65,4,142,0,191,412,0
test_00000325.mp4,15,1,0,0,0,0,0,2,16,0
test_00000326.mp4,218,0,0,49,0,1,0,16,268,0
test_00000327.mp4,112,0,0,0,74,12,13,74,211,0.061611374
test_00000328.mp4,30,408,71,47,398,14,6,778,974,0.006160164
test_00000329.mp4,56,0,1,39,4,59,0,53,159,0
test_00000330.mp4,0,0,0,307,21,5,1,32,334,0.002994012
test_00000331.mp4,3,0,8,85,3,202,2,39,303,0.00660066
test_00000332.mp4,0,0,2,13,38,198,1,69,252,0.003968254
test_00000333.mp4,5,0,34,63,9,96,1,78,208,0.004807692
test_00000334.mp4,40,0,14,9,21,0,0,30,84,0
test_00000335.mp4,91,4,2,9,1,101,0,56,208,0
test_00000336.mp4,2,6,40,0,9,93,6,42,156,0.038461538
test_00000337.mp4,0,0,1,0,0,1,0,1,2,0
test_00000338.mp4,6,0,11,221,31,234,5,110,508,0.00984252
test_00000339.mp4,84,18,29,0,242,152,3,138,528,0.005681818
test_00000340.mp4,3,0,8,47,43,315,0,121,416,0
test_00000341.mp4,0,0,1,7,2,12,3,11,25,0.12
test_00000342.mp4,92,0,12,132,144,153,0,308,533,0
test_00000343.mp4,185,0,12,28,92,100,0,196,417,0
test_00000344.mp4,18,0,0,0,4,22,0,13,44,0
test_00000345.mp4,0,8,30,59,233,1,0,87,331,0
test_00000346.mp4,11,0,10,68,39,69,0,56,197,0
test_00000347.mp4,0,0,1,38,13,5,0,13,57,0
test_00000348.mp4,0,0,1,89,87,17,56,42,250,0.224
test_00000349.mp4,104,0,14,0,100,1,18,97,237,0.075949367
test_00000350.mp4,20,4,1,49,102,13,0,70,189,0
test_00000351.mp4,8,0,57,5,9,24,7,44,110,0.063636364
test_00000352.mp4,75,0,21,45,5,13,29,53,188,0.154255319
test_00000353.mp4,121,0,6,4,584,377,0,804,1092,0
test_00000354.mp4,4,0,9,219,76,24,13,167,345,0.037681159
test_00000355.mp4,62,0,9,3,39,11,0,45,124,0
test_00000356.mp4,166,0,0,0,1,58,1,30,226,0.004424779
test_00000357.mp4,14,0,8,68,61,93,1,67,245,0.004081633
test_00000358.mp4,4,0,4,320,77,66,7,147,478,0.014644351
test_00000359.mp4,54,0,3,1,36,5,5,52,104,0.048076923
test_00000360.mp4,96,1,3,59,33,18,4,66,214,0.018691589
test_00000361.mp4,125,0,0,26,7,136,0,46,294,0
test_00000362.mp4,0,0,0,40,0,4,0,6,44,0
test_00000363.mp4,135,0,0,0,2,42,0,7,179,0
test_00000364.mp4,1,1,3,0,50,12,8,24,75,0.106666667
test_00000365.mp4,13,24,5,399,113,103,4,370,661,0.006051437
test_00000366.mp4,0,0,2,1,297,1,9,26,310,0.029032258
test_00000367.mp4,3,0,0,1,0,0,0,1,4,0
test_00000368.mp4,118,0,0,5,31,0,2,38,156,0.012820513
test_00000369.mp4,168,0,0,2,87,80,0,246,337,0
test_00000370.mp4,15,0,7,28,0,4,0,19,54,0
test_00000371.mp4,4,1,32,19,63,44,5,52,168,0.029761905
test_00000372.mp4,40,0,1,52,57,7,0,57,157,0
test_00000373.mp4,16,0,1,0,0,219,0,21,236,0
test_00000374.mp4,183,0,12,172,176,92,3,566,638,0.004702194
test_00000375.mp4,1,0,1,7,4,1,0,9,14,0
test_00000376.mp4,96,4,34,68,5,112,1,120,320,0.003125
test_00000377.mp4,4,0,21,98,55,5,6,58,189,0.031746032
test_00000378.mp4,4,0,1,0,226,1,0,12,232,0
test_00000379.mp4,86,47,1,3,27,89,0,67,253,0
test_00000380.mp4,2,0,0,489,75,3,0,50,569,0
test_00000381.mp4,94,7,100,108,64,136,0,118,509,0
test_00000382.mp4,0,0,26,32,10,31,0,24,99,0
test_00000383.mp4,0,0,0,19,0,1,0,2,20,0
test_00000384.mp4,0,0,0,1,0,0,0,0,1,0
test_00000385.mp4,255,0,2,2,61,28,0,88,348,0
test_00000386.mp4,0,0,0,1,64,2,8,8,75,0.106666667
test_00000387.mp4,230,0,11,224,4,24,5,360,498,0.010040161
test_00000388.mp4,10,8,26,23,6,30,0,42,103,0
test_00000389.mp4,125,0,5,0,50,17,1,74,198,0.005050505
test_00000390.mp4,1,0,0,0,0,0,0,0,1,0
test_00000391.mp4,19,0,1,0,1,0,0,4,21,0
test_00000392.mp4,7,0,29,89,8,13,83,65,229,0.362445415
test_00000393.mp4,27,0,0,0,16,109,0,43,152,0
test_00000394.mp4,208,1,31,0,1,7,99,107,347,0.285302594
test_00000395.mp4,97,14,0,15,196,35,0,53,357,0
test_00000396.mp4,13,0,3,75,65,10,4,75,170,0.023529412
test_00000397.mp4,0,0,0,0,8,0,0,0,8,0
test_00000398.mp4,0,0,0,182,26,2,0,31,210,0
test_00000399.mp4,119,0,14,0,1,3,26,53,163,0.159509202
test_00000400.mp4,6,0,3,18,0,12,0,12,39,0
test_00000401.mp4,11,0,21,50,2,24,2,53,110,0.018181818
test_00000402.mp4,190,3,40,176,2,86,0,80,497,0
test_00000403.mp4,13,0,6,0,57,74,1,51,151,0.006622517
test_00000404.mp4,41,0,0,5,101,3,0,34,150,0
test_00000405.mp4,79,3,4,183,26,119,1,77,415,0.002409639
test_00000406.mp4,11,3,8,141,63,33,55,224,314,0.175159236
test_00000407.mp4,14,0,0,168,53,0,0,22,235,0
test_00000408.mp4,0,0,5,0,0,4,0,3,9,0
test_00000409.mp4,32,0,0,0,158,148,0,67,338,0
test_00000410.mp4,19,0,4,0,0,170,3,32,196,0.015306122
test_00000411.mp4,0,0,2,175,401,5,0,61,583,0
test_00000412.mp4,4,0,17,104,61,218,26,96,430,0.060465116
test_00000413.mp4,3,0,47,8,50,99,7,78,214,0.03271028
test_00000414.mp4,74,0,53,0,28,16,0,71,171,0
test_00000415.mp4,4,0,0,171,0,70,0,23,245,0
test_00000416.mp4,13,0,1,13,39,5,0,28,71,0
test_00000417.mp4,15,0,4,286,0,12,0,54,317,0
test_00000418.mp4,74,4,13,4,32,208,0,69,335,0
test_00000419.mp4,1,0,3,53,119,10,19,67,205,0.092682927
test_00000420.mp4,212,0,65,0,11,4,137,157,429,0.319347319
test_00000421.mp4,1,0,3,30,0,53,1,17,88,0.011363636
test_00000422.mp4,37,0,0,0,0,127,0,34,164,0
test_00000423.mp4,12,0,7,83,276,3,41,52,422,0.097156398
test_00000424.mp4,15,0,4,164,21,62,2,92,268,0.007462687
test_00000425.mp4,0,0,0,301,0,0,0,0,301,0
test_00000426.mp4,0,0,10,4,1,25,0,18,40,0
test_00000427.mp4,20,0,85,202,65,119,26,352,517,0.050290135
test_00000428.mp4,0,0,5,0,0,1,0,2,6,0
test_00000429.mp4,96,26,40,96,87,60,2,311,407,0.004914005
test_00000430.mp4,79,0,0,0,10,62,0,74,151,0
test_00000431.mp4,198,1,17,250,372,88,0,586,926,0
test_00000432.mp4,24,0,14,263,23,193,2,147,519,0.003853565
test_00000433.mp4,14,0,0,81,19,82,0,82,196,0
test_00000434.mp4,72,0,56,590,448,79,32,987,1277,0.025058731
test_00000435.mp4,164,0,84,132,18,349,0,366,747,0
test_00000436.mp4,75,0,2,152,2,27,0,40,258,0
test_00000437.mp4,3,0,0,170,2,0,0,10,175,0
test_00000438.mp4,12,0,27,34,4,49,5,73,131,0.038167939
test_00000439.mp4,5,3,5,0,2,1,0,11,16,0
test_00000440.mp4,243,1,9,0,0,3,49,78,305,0.160655738
test_00000441.mp4,17,0,16,2,146,1,10,46,192,0.052083333
test_00000442.mp4,1,0,0,4,0,14,0,6,19,0
test_00000443.mp4,9,0,4,11,1,3,1,14,29,0.034482759
test_00000444.mp4,0,0,7,11,23,23,0,28,64,0
test_00000445.mp4,149,0,1,1,34,123,0,98,308,0
test_00000446.mp4,0,0,9,17,28,122,0,44,176,0
test_00000447.mp4,0,0,7,323,72,4,0,60,406,0
test_00000448.mp4,2,0,6,213,120,66,1,169,408,0.00245098
test_00000449.mp4,43,1,10,11,242,17,1,76,325,0.003076923
test_00000450.mp4,12,0,13,781,32,94,4,268,936,0.004273504
test_00000451.mp4,3,0,0,0,0,4,0,2,7,0
test_00000452.mp4,22,0,10,1,103,406,5,243,547,0.009140768
test_00000453.mp4,7,0,0,80,0,1,0,10,88,0
test_00000454.mp4,0,0,2,58,26,9,0,31,95,0
test_00000455.mp4,219,4,8,18,50,93,2,98,394,0.005076142
test_00000456.mp4,5,1,35,36,297,0,41,107,415,0.098795181
test_00000457.mp4,9,0,0,3,42,203,0,60,257,0
test_00000458.mp4,52,0,14,0,103,142,6,231,317,0.018927445
test_00000459.mp4,1,0,54,0,182,0,11,71,248,0.044354839
test_00000460.mp4,19,0,4,24,6,37,0,42,90,0
test_00000461.mp4,1,0,26,33,4,167,0,63,231,0
test_00000462.mp4,5,0,0,55,36,10,0,34,106,0
test_00000463.mp4,235,0,51,61,29,79,1,209,456,0.002192982
test_00000464.mp4,299,0,10,1,25,50,0,96,385,0
test_00000465.mp4,1,0,10,75,2,62,0,21,150,0
test_00000466.mp4,1,3,5,69,131,27,0,51,236,0
test_00000467.mp4,73,0,10,18,21,44,0,41,166,0
test_00000468.mp4,167,0,1,13,51,5,0,56,237,0
test_00000469.mp4,0,0,0,0,0,0,0,0,0,0
test_00000470.mp4,0,0,4,7,246,1,2,20,260,0.007692308
test_00000471.mp4,1,5,32,365,27,23,0,94,453,0
test_00000472.mp4,241,0,0,0,8,1,0,14,250,0
test_00000473.mp4,206,0,56,0,49,10,11,73,332,0.03313253
test_00000474.mp4,108,0,0,0,12,7,0,21,127,0
test_00000475.mp4,13,0,8,0,0,67,0,12,88,0
test_00000476.mp4,87,0,23,1,43,23,13,95,190,0.068421053
test_00000477.mp4,95,0,51,17,36,62,70,220,331,0.211480363
test_00000478.mp4,86,0,37,7,9,174,0,75,313,0
test_00000479.mp4,20,0,5,1,85,79,0,56,190,0
test_00000480.mp4,0,0,5,79,2,2,0,17,88,0
test_00000481.mp4,13,0,0,230,153,4,3,126,403,0.007444169
test_00000482.mp4,3,0,2,198,50,5,0,102,258,0
test_00000483.mp4,16,0,1,8,9,16,0,23,50,0
test_00000484.mp4,19,2,21,82,5,18,1,60,148,0.006756757
test_00000485.mp4,137,0,0,2,32,36,0,63,207,0
test_00000486.mp4,9,0,35,36,15,17,6,51,118,0.050847458
test_00000487.mp4,32,0,2,2,1,65,0,14,102,0
test_00000488.mp4,0,0,0,32,19,13,34,38,98,0.346938776
test_00000489.mp4,1,0,1,360,21,32,1,93,416,0.002403846
test_00000490.mp4,96,0,7,6,44,4,1,46,158,0.006329114
test_00000491.mp4,0,0,0,0,0,2,0,0,2,0
test_00000492.mp4,10,0,1,106,0,2,0,9,119,0
test_00000493.mp4,10,0,0,147,7,27,0,24,191,0
test_00000494.mp4,184,154,176,253,190,154,55,906,1166,0.047169811
test_00000495.mp4,0,0,1,22,0,0,0,1,23,0
test_00000496.mp4,0,0,1,48,20,232,3,81,304,0.009868421
test_00000497.mp4,1,0,9,70,12,3,138,41,233,0.592274678
test_00000498.mp4,0,0,5,96,16,1,0,18,118,0
test_00000499.mp4,4,0,15,0,93,74,1,43,187,0.005347594
test_00000500.mp4,96,0,2,0,65,140,0,76,303,0
test_00000501.mp4,1,0,0,1,0,0,0,1,2,0
test_00000502.mp4,12,0,11,4,63,3,1,40,94,0.010638298
test_00000503.mp4,1,0,2,11,4,5,1,15,24,0.041666667
test_00000504.mp4,9,0,22,23,0,137,0,43,191,0
test_00000505.mp4,1,0,0,0,0,1,0,1,2,0
test_00000506.mp4,60,0,0,0,1,158,0,23,219,0
test_00000507.mp4,14,13,19,72,9,11,18,72,156,0.115384615
test_00000508.mp4,34,1,3,55,0,133,0,84,226,0
test_00000509.mp4,63,0,0,104,19,1,0,19,187,0
test_00000510.mp4,78,0,4,4,0,76,0,28,162,0
test_00000511.mp4,154,5,11,9,77,28,3,95,287,0.010452962
test_00000512.mp4,2,0,0,81,36,58,0,48,177,0
test_00000513.mp4,231,0,0,1,72,9,0,50,313,0
test_00000514.mp4,94,91,30,79,36,59,0,256,389,0
test_00000515.mp4,320,0,1,13,77,9,0,77,420,0
test_00000516.mp4,191,0,0,0,55,16,0,52,262,0
test_00000517.mp4,11,0,16,6,75,23,4,50,135,0.02962963
test_00000518.mp4,28,0,12,157,1,146,2,80,346,0.005780347
test_00000519.mp4,0,0,0,0,0,0,0,0,0,0
test_00000520.mp4,0,0,0,1,7,0,0,1,8,0
test_00000521.mp4,0,0,0,26,1,6,0,5,33,0
test_00000522.mp4,25,0,0,10,2,75,0,49,112,0
test_00000523.mp4,11,0,10,35,0,213,0,31,269,0
test_00000524.mp4,0,0,0,0,0,31,0,0,31,0
test_00000525.mp4,187,0,0,41,1,267,0,66,496,0
test_00000526.mp4,151,0,41,6,2,4,42,88,246,0.170731707
test_00000527.mp4,58,0,0,3,138,103,0,182,302,0
test_00000528.mp4,8,1,0,3,231,28,0,34,271,0
test_00000529.mp4,18,0,11,5,220,384,10,327,648,0.015432099
test_00000530.mp4,40,1,0,117,6,101,0,59,265,0
test_00000531.mp4,6,0,2,8,146,1,4,21,167,0.023952096
test_00000532.mp4,3,0,4,33,17,9,0,22,66,0
test_00000533.mp4,180,0,40,0,0,6,38,107,264,0.143939394
test_00000534.mp4,2,0,0,164,4,1,0,5,171,0
test_00000535.mp4,141,0,0,2,59,44,1,100,247,0.004048583
test_00000536.mp4,13,1,2,11,278,26,0,44,331,0
test_00000537.mp4,0,0,0,0,0,2,0,0,2,0
test_00000538.mp4,32,0,4,7,14,8,0,25,65,0
test_00000539.mp4,64,2,33,226,585,81,10,718,1001,0.00999001
test_00000540.mp4,111,0,3,7,73,407,0,155,601,0
test_00000541.mp4,9,0,0,109,101,152,0,239,371,0
test_00000542.mp4,1,0,3,28,12,18,0,23,62,0
test_00000543.mp4,0,0,0,115,135,2,1,31,253,0.003952569
test_00000544.mp4,146,0,0,0,6,34,0,36,186,0
test_00000545.mp4,0,0,0,1,0,259,0,2,260,0
test_00000546.mp4,8,1,0,122,15,81,2,51,229,0.008733624
test_00000547.mp4,170,0,9,19,1,5,6,30,210,0.028571429
test_00000548.mp4,77,39,0,19,14,124,0,55,273,0
test_00000549.mp4,65,0,6,28,11,211,1,75,322,0.00310559
test_00000550.mp4,9,3,14,80,44,2,5,42,157,0.031847134
test_00000551.mp4,0,0,7,90,2,19,25,23,143,0.174825175
test_00000552.mp4,10,0,3,11,37,10,0,25,71,0
test_00000553.mp4,0,0,1,102,110,9,5,45,227,0.022026432
test_00000554.mp4,3,0,45,425,413,28,20,629,934,0.021413276
test_00000555.mp4,7,0,2,5,103,48,42,64,207,0.202898551
test_00000556.mp4,48,18,4,35,76,19,0,84,200,0
test_00000557.mp4,76,0,6,64,24,219,0,53,389,0
test_00000558.mp4,0,0,8,0,0,171,0,10,179,0
test_00000559.mp4,218,0,3,1,88,3,1,103,314,0.003184713
test_00000560.mp4,60,0,2,13,66,25,26,83,192,0.135416667
test_00000561.mp4,44,0,14,16,123,46,4,161,247,0.016194332
test_00000562.mp4,0,0,1,0,0,116,0,2,117,0
test_00000563.mp4,2,0,3,440,36,42,0,134,523,0
test_00000564.mp4,4,0,8,0,0,149,0,21,161,0
test_00000565.mp4,2,0,21,66,0,61,0,24,150,0
test_00000566.mp4,0,0,1,0,0,2,0,1,3,0
test_00000567.mp4,18,0,0,79,49,21,30,59,197,0.152284264
test_00000568.mp4,90,0,0,0,37,38,0,54,165,0
test_00000569.mp4,23,5,1,21,0,154,0,51,204,0
test_00000570.mp4,114,0,1,1,60,3,1,40,180,0.005555556
test_00000571.mp4,374,0,0,0,0,0,0,0,374,0
test_00000572.mp4,16,0,4,23,0,429,0,68,472,0
test_00000573.mp4,16,0,0,14,43,88,0,57,161,0
test_00000574.mp4,31,0,3,6,22,20,0,33,82,0
test_00000575.mp4,89,0,11,197,94,45,27,253,463,0.058315335
test_00000576.mp4,209,0,1,33,158,63,9,161,473,0.019027484
test_00000577.mp4,83,0,22,0,0,172,0,117,277,0
test_00000578.mp4,134,0,0,2,32,14,0,31,182,0
test_00000579.mp4,121,0,16,0,4,15,47,88,203,0.231527094
test_00000580.mp4,0,0,125,96,45,2,8,188,276,0.028985507
test_00000581.mp4,0,0,0,0,9,0,0,0,9,0
test_00000582.mp4,62,0,0,8,62,358,0,162,490,0
test_00000583.mp4,12,0,0,76,209,112,0,280,409,0
test_00000584.mp4,4,0,2,91,7,6,0,24,110,0
test_00000585.mp4,17,0,2,4,7,108,25,38,163,0.153374233
test_00000586.mp4,0,0,0,0,0,3,0,0,3,0
test_00000587.mp4,124,0,34,299,9,79,0,350,545,0
test_00000588.mp4,73,0,0,0,29,59,0,41,161,0
test_00000589.mp4,8,0,58,11,151,261,26,320,515,0.050485437
test_00000590.mp4,59,0,5,192,274,44,22,402,596,0.036912752
test_00000591.mp4,0,0,0,0,0,0,0,0,0,0
test_00000592.mp4,32,0,24,124,89,126,5,324,400,0.0125
test_00000593.mp4,1,0,1,193,114,19,0,161,328,0
test_00000594.mp4,0,0,3,76,54,8,8,26,149,0.053691275
test_00000595.mp4,67,2,3,1,2,45,0,41,120,0
test_00000596.mp4,38,0,3,18,6,68,16,43,149,0.10738255
test_00000597.mp4,0,0,4,167,263,88,0,87,522,0
test_00000598.mp4,7,0,32,0,0,106,0,44,145,0
test_00000599.mp4,38,0,6,103,102,20,0,74,269,0
test_00000600.mp4,2,0,2,36,0,115,0,14,155,0
test_00000601.mp4,147,26,42,105,94,120,0,371,534,0
test_00000602.mp4,1,0,18,595,60,18,9,180,701,0.012838802
test_00000603.mp4,292,0,0,2,1,151,1,83,447,0.002237136
test_00000604.mp4,11,0,8,71,47,3,1,45,141,0.007092199
test_00000605.mp4,36,0,9,7,76,90,2,84,220,0.009090909
test_00000606.mp4,10,0,0,20,178,97,0,94,305,0
test_00000607.mp4,16,0,11,31,5,303,0,58,366,0
test_00000608.mp4,124,1,1,25,31,266,0,99,448,0
test_00000609.mp4,80,28,65,36,116,44,0,141,369,0
test_00000610.mp4,185,0,21,0,23,70,19,150,318,0.059748428
test_00000611.mp4,4,0,4,360,1,4,0,24,373,0
test_00000612.mp4,2,0,25,64,84,92,8,191,275,0.029090909
test_00000613.mp4,4,5,2,13,9,2,0,19,35,0
test_00000614.mp4,227,5,2,16,84,24,1,79,359,0.002785515
test_00000615.mp4,4,0,0,9,2,22,0,12,37,0
test_00000616.mp4,49,0,14,2,16,75,29,81,185,0.156756757
test_00000617.mp4,95,2,8,22,21,157,0,151,305,0
test_00000618.mp4,5,0,9,0,52,120,0,68,186,0
test_00000619.mp4,13,0,0,0,0,164,0,10,177,0
test_00000620.mp4,37,0,1,6,132,71,6,177,253,0.023715415
test_00000621.mp4,2,0,4,13,96,1,58,40,174,0.333333333
test_00000622.mp4,75,0,0,28,173,34,0,99,310,0
test_00000623.mp4,118,0,0,0,1,5,0,12,124,0
test_00000624.mp4,7,0,12,120,208,24,4,147,375,0.010666667
test_00000625.mp4,22,52,19,554,249,109,0,531,1005,0
test_00000626.mp4,0,0,0,0,0,0,0,0,0,0
test_00000627.mp4,137,2,1,4,2,145,0,102,291,0
test_00000628.mp4,111,0,18,4,0,4,0,23,137,0
test_00000629.mp4,2,0,13,64,55,270,40,157,444,0.09009009
test_00000630.mp4,45,0,100,0,0,91,0,86,236,0
test_00000631.mp4,174,0,0,41,113,9,0,85,337,0
test_00000632.mp4,7,0,4,6,0,26,0,16,43,0
test_00000633.mp4,2,0,33,436,123,69,11,317,674,0.016320475
test_00000634.mp4,15,0,81,5,44,193,3,245,341,0.008797654
test_00000635.mp4,78,0,3,2,62,21,0,54,166,0
test_00000636.mp4,37,7,19,632,189,22,0,412,906,0
test_00000637.mp4,4,0,2,274,38,21,0,74,339,0
test_00000638.mp4,1,0,8,2,31,58,0,27,100,0
test_00000639.mp4,9,0,18,81,151,0,0,43,259,0
test_00000640.mp4,161,0,29,138,69,12,10,349,419,0.023866348
test_00000641.mp4,25,0,0,16,129,32,0,56,202,0
test_00000642.mp4,29,2,20,68,215,32,4,255,370,0.010810811
test_00000643.mp4,63,0,72,0,36,19,3,94,193,0.015544041
test_00000644.mp4,17,0,50,11,109,69,0,97,256,0
test_00000645.mp4,81,2,0,56,4,68,1,59,212,0.004716981
test_00000646.mp4,141,0,9,83,122,111,43,373,509,0.084479371
test_00000647.mp4,24,0,0,2,257,28,0,56,311,0
test_00000648.mp4,214,0,0,0,18,2,0,19,234,0
test_00000649.mp4,235,0,11,9,11,17,2,73,285,0.007017544
test_00000650.mp4,3,0,1,21,11,5,4,17,45,0.088888889
test_00000651.mp4,54,0,65,85,393,284,105,826,986,0.106490872
test_00000652.mp4,74,0,10,90,88,52,24,283,338,0.071005917
test_00000653.mp4,20,0,8,131,6,5,0,64,170,0
test_00000654.mp4,1,0,9,87,1,0,0,12,98,0
test_00000655.mp4,155,0,5,0,0,88,0,17,248,0
test_00000656.mp4,50,12,11,129,62,32,52,235,348,0.149425287
test_00000657.mp4,10,0,2,92,1,9,1,30,115,0.008695652
test_00000658.mp4,65,0,1,1,49,46,0,43,162,0
test_00000659.mp4,12,0,86,32,35,9,5,53,179,0.027932961
test_00000660.mp4,147,0,8,0,0,0,50,51,205,0.243902439
test_00000661.mp4,1,0,18,0,232,0,17,25,268,0.063432836
test_00000662.mp4,0,0,15,162,90,128,0,112,395,0
test_00000663.mp4,34,0,0,0,115,8,0,32,157,0
test_00000664.mp4,8,0,4,24,10,34,0,57,80,0
test_00000665.mp4,202,0,13,0,2,0,42,47,259,0.162162162
test_00000666.mp4,23,0,13,3,29,37,0,58,105,0
test_00000667.mp4,0,0,6,0,0,0,0,0,6,0
test_00000668.mp4,0,0,8,15,132,17,0,25,172,0
test_00000669.mp4,11,0,1,1,8,0,0,6,21,0
test_00000670.mp4,0,0,2,0,4,2,2,4,10,0.2
test_00000671.mp4,34,0,2,1,0,21,0,13,58,0
test_00000672.mp4,130,0,0,19,8,3,0,26,160,0
test_00000673.mp4,175,0,16,0,1,14,105,94,311,0.337620579
test_00000674.mp4,15,0,3,31,3,53,0,32,105,0
test_00000675.mp4,6,0,0,251,48,39,0,139,344,0
test_00000676.mp4,1,0,13,124,46,58,0,52,242,0
test_00000677.mp4,23,0,0,17,141,0,1,51,182,0.005494505
test_00000678.mp4,13,0,9,15,9,6,8,32,60,0.133333333
test_00000679.mp4,161,0,5,187,72,22,11,143,458,0.024017467
test_00000680.mp4,45,26,161,129,71,82,0,417,514,0
test_00000681.mp4,175,0,8,0,2,1,41,51,227,0.18061674
test_00000682.mp4,29,0,137,135,38,172,0,193,511,0
test_00000683.mp4,3,0,40,20,1,93,0,62,157,0
test_00000684.mp4,0,0,0,10,4,40,0,8,54,0
test_00000685.mp4,0,0,6,198,47,30,2,80,283,0.007067138
test_00000686.mp4,360,0,30,1,5,8,21,73,425,0.049411765
test_00000687.mp4,1,0,24,254,7,207,0,102,493,0
test_00000688.mp4,1,0,11,86,0,55,1,32,154,0.006493506
test_00000689.mp4,2,0,225,1,0,3,0,12,231,0
test_00000690.mp4,37,0,37,11,101,91,1,201,278,0.003597122
test_00000691.mp4,46,0,31,51,101,23,15,104,267,0.056179775
test_00000692.mp4,24,0,0,0,0,141,0,30,165,0
test_00000693.mp4,76,0,56,38,6,9,0,47,185,0
test_00000694.mp4,10,58,43,390,139,34,6,384,680,0.008823529
test_00000695.mp4,1,0,1,83,2,8,4,21,99,0.04040404
test_00000696.mp4,0,0,4,536,7,4,0,27,551,0
test_00000697.mp4,31,0,29,49,69,58,10,179,246,0.040650407
test_00000698.mp4,102,0,9,18,33,309,0,143,471,0
test_00000699.mp4,121,0,0,111,247,56,1,89,536,0.001865672
test_00000700.mp4,28,0,16,184,274,31,0,410,533,0
test_00000701.mp4,142,0,19,0,60,3,1,66,225,0.004444444
test_00000702.mp4,0,0,7,31,17,90,0,47,145,0
test_00000703.mp4,4,0,8,44,19,9,13,51,97,0.134020619
test_00000704.mp4,116,9,2,94,119,47,0,241,387,0
test_00000705.mp4,39,0,5,70,60,54,0,98,228,0
test_00000706.mp4,0,0,0,0,0,0,0,0,0,0
test_00000707.mp4,54,0,1,1,4,12,0,16,72,0
test_00000708.mp4,12,0,0,2,0,1,0,6,15,0
test_00000709.mp4,0,0,0,1,0,1,0,1,2,0
test_00000710.mp4,74,0,0,0,12,53,0,46,139,0
test_00000711.mp4,26,0,28,59,193,80,0,355,386,0
test_00000712.mp4,68,0,28,14,51,13,12,55,186,0.064516129
test_00000713.mp4,96,0,15,3,117,18,22,126,271,0.081180812
test_00000714.mp4,107,8,0,194,0,135,0,58,444,0
test_00000715.mp4,0,0,0,156,52,7,19,50,234,0.081196581
test_00000716.mp4,293,0,0,1,80,23,0,45,397,0
test_00000717.mp4,79,0,0,19,58,73,0,72,229,0
test_00000718.mp4,0,0,0,108,3,0,0,4,111,0
test_00000719.mp4,200,6,0,31,4,141,0,119,382,0
test_00000720.mp4,6,0,11,126,22,16,0,55,181,0
test_00000721.mp4,61,0,0,21,2,187,0,51,271,0
test_00000722.mp4,15,0,0,355,199,22,0,119,591,0
test_00000723.mp4,0,0,0,137,24,0,0,12,161,0
test_00000724.mp4,98,0,15,66,21,158,15,219,373,0.040214477
test_00000725.mp4,3,0,1,0,0,0,0,1,4,0
test_00000726.mp4,16,3,22,75,54,2,8,48,180,0.044444444
test_00000727.mp4,16,3,53,16,25,187,2,76,302,0.006622517
test_00000728.mp4,16,19,3,2,212,9,2,57,263,0.007604563
test_00000729.mp4,0,0,13,0,17,2,0,8,32,0
test_00000730.mp4,0,0,0,0,0,0,0,0,0,0
test_00000731.mp4,6,0,35,2,126,91,1,69,261,0.003831418
test_00000732.mp4,361,0,0,1,6,8,0,27,376,0
test_00000733.mp4,26,0,1,192,116,2,0,279,337,0
test_00000734.mp4,87,0,188,71,25,112,0,198,483,0
test_00000735.mp4,19,24,2,17,4,148,3,37,217,0.013824885
test_00000736.mp4,0,0,0,0,0,2,0,0,2,0
test_00000737.mp4,25,0,66,9,28,72,5,74,205,0.024390244
test_00000738.mp4,19,0,75,53,102,256,4,150,509,0.007858546
test_00000739.mp4,263,0,6,3,44,15,0,76,331,0
test_00000740.mp4,0,0,0,1,3,1,0,2,5,0
test_00000741.mp4,1,0,1,73,123,31,22,59,251,0.087649402
test_00000742.mp4,79,0,68,16,84,138,4,143,389,0.010282776
test_00000743.mp4,2,0,0,16,4,29,0,24,51,0
test_00000744.mp4,13,2,1,63,59,7,0,39,145,0
test_00000745.mp4,87,0,0,12,56,9,0,19,164,0
test_00000746.mp4,50,0,1,0,7,100,0,23,158,0
test_00000747.mp4,1,0,0,7,1,33,1,8,43,0.023255814
test_00000748.mp4,56,15,55,1,318,68,0,236,513,0
test_00000749.mp4,2,0,3,209,8,8,0,24,230,0
test_00000750.mp4,17,14,21,103,10,29,0,110,194,0
test_00000751.mp4,5,0,3,15,204,101,7,106,335,0.020895522
test_00000752.mp4,8,0,22,2,13,58,1,40,104,0.009615385
test_00000753.mp4,135,0,23,0,0,1,70,87,229,0.305676856
test_00000754.mp4,58,0,0,2,98,144,0,210,302,0
test_00000755.mp4,1,0,0,0,0,2,0,1,3,0
test_00000756.mp4,0,0,1,114,48,17,0,54,180,0
test_00000757.mp4,125,0,1,12,2,3,5,28,148,0.033783784
test_00000758.mp4,88,0,0,6,126,15,0,50,235,0
test_00000759.mp4,3,0,6,226,26,19,0,91,280,0
test_00000760.mp4,124,0,0,1,63,53,0,59,241,0
test_00000761.mp4,56,9,19,112,86,40,25,134,347,0.07204611
test_00000762.mp4,8,0,0,0,68,256,0,80,332,0
test_00000763.mp4,1,0,2,13,8,2,1,18,27,0.037037037
test_00000764.mp4,22,0,10,35,92,38,0,78,197,0
test_00000765.mp4,83,0,42,0,23,36,0,62,184,0
test_00000766.mp4,54,0,33,5,1,290,0,63,383,0
test_00000767.mp4,18,0,0,3,10,109,5,29,145,0.034482759
test_00000768.mp4,148,0,0,1,195,200,0,130,544,0
test_00000769.mp4,9,0,57,162,173,18,1,333,420,0.002380952
test_00000770.mp4,21,0,1,1,116,6,0,29,145,0
test_00000771.mp4,29,4,28,1,41,56,0,59,159,0
test_00000772.mp4,8,6,3,4,4,232,0,29,257,0
test_00000773.mp4,17,0,35,1,39,58,0,85,150,0
test_00000774.mp4,0,0,0,0,0,2,0,0,2,0
test_00000775.mp4,46,2,5,8,1,214,0,47,276,0
test_00000776.mp4,47,2,49,91,186,125,0,470,500,0
test_00000777.mp4,83,0,36,132,85,103,1,136,440,0.002272727
test_00000778.mp4,17,0,23,2,1,111,10,44,164,0.06097561
test_00000779.mp4,5,0,61,77,208,101,19,285,471,0.040339703
test_00000780.mp4,136,35,160,235,106,55,9,549,736,0.012228261
test_00000781.mp4,0,2,45,13,37,76,8,148,181,0.044198895
test_00000782.mp4,0,0,4,182,270,0,0,189,456,0
test_00000783.mp4,3,0,0,133,1,1,0,9,138,0
test_00000784.mp4,8,0,36,140,113,121,20,332,438,0.0456621
test_00000785.mp4,14,0,11,457,6,0,0,41,488,0
test_00000786.mp4,163,33,45,458,139,209,0,763,1047,0
test_00000787.mp4,0,0,0,0,0,0,0,0,0,0
test_00000788.mp4,3,0,4,204,157,80,3,145,451,0.006651885
test_00000789.mp4,8,0,0,9,0,122,3,27,142,0.021126761
test_00000790.mp4,93,0,29,9,237,194,17,489,579,0.029360967
test_00000791.mp4,39,0,0,2,19,66,0,41,126,0
test_00000792.mp4,4,0,1,7,8,3,0,13,23,0
test_00000793.mp4,10,0,47,42,80,14,0,85,193,0
test_00000794.mp4,8,0,1,95,92,9,0,83,205,0
test_00000795.mp4,9,1,8,251,215,3,29,315,516,0.05620155
test_00000796.mp4,25,0,13,17,0,101,0,46,156,0
test_00000797.mp4,102,47,29,3,41,8,0,112,230,0
test_00000798.mp4,101,0,2,39,2,130,0,52,274,0
test_00000799.mp4,74,1,67,43,10,88,1,183,284,0.003521127
test_00000800.mp4,105,2,0,17,15,0,0,15,139,0
test_00000801.mp4,11,3,0,0,210,6,0,23,230,0
test_00000802.mp4,8,4,3,2,3,1,0,11,21,0
test_00000803.mp4,0,0,0,0,3,3,0,3,6,0
test_00000804.mp4,137,0,40,3,205,64,4,260,453,0.008830022
test_00000805.mp4,11,0,3,169,29,6,1,73,219,0.00456621
test_00000806.mp4,9,0,21,10,399,48,5,164,492,0.010162602
test_00000807.mp4,6,0,9,87,80,2,29,65,213,0.136150235
test_00000808.mp4,2,0,0,211,18,5,0,23,236,0
test_00000809.mp4,18,0,1,0,15,149,0,43,183,0
test_00000810.mp4,6,0,5,8,1,102,1,25,123,0.008130081
test_00000811.mp4,6,0,4,16,25,171,8,55,230,0.034782609
test_00000812.mp4,6,0,0,29,80,10,8,33,133,0.060150376
test_00000813.mp4,10,6,15,45,88,24,0,37,188,0
test_00000814.mp4,197,0,10,6,102,27,2,90,344,0.005813953
test_00000815.mp4,114,0,47,258,1,379,1,664,800,0.00125
test_00000816.mp4,232,0,34,0,7,5,91,147,369,0.246612466
test_00000817.mp4,4,0,5,0,5,282,0,24,296,0
test_00000818.mp4,305,0,0,4,16,49,0,101,374,0
test_00000819.mp4,56,0,0,3,31,7,4,27,101,0.03960396
test_00000820.mp4,53,0,12,219,231,235,34,516,784,0.043367347
test_00000821.mp4,47,0,0,14,16,7,4,36,88,0.045454545
test_00000822.mp4,0,0,7,299,1,3,0,20,310,0
test_00000823.mp4,1,0,82,1,59,101,3,91,247,0.012145749
test_00000824.mp4,40,0,0,0,0,112,0,34,152,0
test_00000825.mp4,119,0,48,3,0,2,0,43,172,0
test_00000826.mp4,18,0,3,5,82,30,0,60,138,0
test_00000827.mp4,4,0,23,82,248,0,7,76,364,0.019230769
test_00000828.mp4,1,0,24,47,42,18,0,60,132,0
test_00000829.mp4,36,1,31,210,342,89,3,587,712,0.004213483
test_00000830.mp4,0,0,0,0,0,0,0,0,0,0
test_00000831.mp4,173,0,16,0,3,2,84,103,278,0.302158273
test_00000832.mp4,39,0,3,4,80,1,22,66,149,0.147651007
test_00000833.mp4,12,0,1,32,1,100,0,69,146,0
test_00000834.mp4,10,0,67,588,217,286,2,724,1170,0.001709402
test_00000835.mp4,56,3,126,2,175,152,0,256,514,0
test_00000836.mp4,66,0,0,0,27,323,0,61,416,0
test_00000837.mp4,17,0,3,0,166,17,0,43,203,0
test_00000838.mp4,124,0,0,0,0,4,0,8,128,0
test_00000839.mp4,0,0,30,26,77,85,3,81,221,0.013574661
test_00000840.mp4,0,1,16,32,151,49,0,106,249,0
test_00000841.mp4,51,2,15,157,75,110,1,319,411,0.00243309
test_00000842.mp4,10,3,5,46,357,12,0,47,433,0
test_00000843.mp4,1,0,11,0,2,40,0,25,54,0
test_00000844.mp4,37,0,31,3,0,0,0,10,71,0
test_00000845.mp4,2,0,19,0,1,4,0,8,26,0
test_00000846.mp4,7,0,6,10,202,10,1,55,236,0.004237288
test_00000847.mp4,17,0,30,154,49,324,9,134,583,0.015437393
test_00000848.mp4,2,0,0,41,6,40,0,20,89,0
test_00000849.mp4,16,0,2,132,346,22,0,287,518,0
test_00000850.mp4,0,0,3,94,361,0,0,88,458,0
test_00000851.mp4,1,0,33,86,40,68,8,141,236,0.033898305
test_00000852.mp4,3,0,4,16,0,2,0,5,25,0
test_00000853.mp4,57,7,38,21,62,47,3,177,235,0.012765957
test_00000854.mp4,138,0,0,14,20,2,0,47,174,0
test_00000855.mp4,3,0,6,22,91,5,1,52,128,0.0078125
test_00000856.mp4,0,0,0,0,0,0,0,0,0,0
test_00000857.mp4,6,0,19,428,5,75,0,81,533,0
test_00000858.mp4,73,0,0,1,1,30,1,7,106,0.009433962
test_00000859.mp4,93,0,0,3,26,32,1,65,155,0.006451613
test_00000860.mp4,7,0,4,90,22,12,1,64,136,0.007352941
test_00000861.mp4,1,0,19,0,0,0,1,4,21,0.047619048
test_00000862.mp4,48,0,74,212,160,119,28,393,641,0.043681747
test_00000863.mp4,2,0,73,1,92,0,22,68,190,0.115789474
test_00000864.mp4,70,0,17,0,178,32,36,106,333,0.108108108
test_00000865.mp4,235,0,49,5,5,54,0,78,348,0
test_00000866.mp4,101,0,3,1,51,143,0,118,299,0
test_00000867.mp4,221,3,31,157,254,120,59,742,845,0.069822485
test_00000868.mp4,105,3,2,101,22,122,0,78,355,0
test_00000869.mp4,32,0,44,169,23,119,3,100,390,0.007692308
test_00000870.mp4,1,0,23,100,6,30,0,30,160,0
test_00000871.mp4,1,0,19,36,41,14,16,70,127,0.125984252
test_00000872.mp4,0,0,0,32,6,35,0,34,73,0
test_00000873.mp4,18,0,3,0,10,12,0,18,43,0
test_00000874.mp4,124,0,25,318,35,32,12,329,546,0.021978022
test_00000875.mp4,6,0,2,20,58,57,0,65,143,0
test_00000876.mp4,33,0,0,0,6,111,0,21,150,0
test_00000877.mp4,0,0,38,34,0,0,0,3,72,0
test_00000878.mp4,91,14,16,282,62,30,4,220,499,0.008016032
test_00000879.mp4,123,43,9,669,278,58,0,636,1180,0
test_00000880.mp4,52,0,2,42,209,76,0,252,381,0
test_00000881.mp4,27,40,19,128,61,81,22,291,378,0.058201058
test_00000882.mp4,147,0,0,79,54,156,0,34,436,0
test_00000883.mp4,51,3,26,62,141,178,10,302,471,0.021231423
test_00000884.mp4,0,0,0,42,0,1,0,2,43,0
test_00000885.mp4,4,0,0,101,0,189,0,14,294,0
test_00000886.mp4,206,0,20,56,197,36,0,133,515,0
test_00000887.mp4,24,0,13,1,14,38,0,32,90,0
test_00000888.mp4,0,0,17,33,121,13,2,50,186,0.010752688
test_00000889.mp4,0,0,6,367,121,59,12,111,565,0.021238938
test_00000890.mp4,0,0,27,13,7,2,6,18,55,0.109090909
test_00000891.mp4,0,0,10,68,204,23,5,107,310,0.016129032
test_00000892.mp4,48,0,2,1,37,216,0,74,304,0
test_00000893.mp4,21,0,29,57,1,18,3,55,129,0.023255814
test_00000894.mp4,89,0,13,1,2,2,57,60,164,0.347560976
test_00000895.mp4,0,0,27,60,379,1,1,132,468,0.002136752
test_00000896.mp4,8,0,35,31,14,38,2,36,128,0.015625
test_00000897.mp4,54,48,5,375,207,65,0,415,754,0
test_00000898.mp4,210,3,92,167,191,201,0,759,864,0
test_00000899.mp4,32,2,11,63,54,100,1,133,263,0.003802281
test_00000900.mp4,0,0,0,0,0,0,0,0,0,0
test_00000901.mp4,181,0,70,1,24,116,0,310,392,0
test_00000902.mp4,8,0,4,1,0,9,0,6,22,0
test_00000903.mp4,51,1,0,51,35,121,0,46,259,0
test_00000904.mp4,12,0,5,196,28,94,0,63,335,0
test_00000905.mp4,141,0,70,255,33,212,5,384,716,0.00698324
test_00000906.mp4,0,0,24,0,2,165,0,27,191,0
test_00000907.mp4,45,0,28,10,40,81,3,93,207,0.014492754
test_00000908.mp4,102,12,19,63,45,11,24,101,276,0.086956522
test_00000909.mp4,0,0,21,136,262,20,2,307,441,0.004535147
test_00000910.mp4,4,0,0,5,1,29,0,16,39,0
test_00000911.mp4,32,0,19,9,15,96,11,75,182,0.06043956
test_00000912.mp4,80,0,0,1,30,162,0,77,273,0
test_00000913.mp4,6,0,4,6,42,18,0,26,76,0
test_00000914.mp4,18,0,50,43,9,22,7,53,149,0.046979866
test_00000915.mp4,10,0,39,4,12,111,5,65,181,0.027624309
test_00000916.mp4,52,0,1,55,3,48,0,93,159,0
test_00000917.mp4,0,0,16,188,13,15,0,74,232,0
test_00000918.mp4,6,0,54,2,41,2,36,41,141,0.255319149
test_00000919.mp4,32,0,1,4,13,22,0,36,72,0
test_00000920.mp4,3,0,18,177,254,18,0,92,470,0
test_00000921.mp4,6,0,0,0,164,97,0,64,267,0
test_00000922.mp4,13,0,3,318,43,73,2,230,452,0.004424779
test_00000923.mp4,79,0,68,29,0,11,0,83,187,0
test_00000924.mp4,1,0,38,350,104,91,3,309,587,0.005110733
test_00000925.mp4,8,0,57,28,46,4,0,57,143,0
test_00000926.mp4,42,0,1,17,161,9,3,116,233,0.012875536
test_00000927.mp4,287,3,0,52,183,18,6,152,549,0.010928962
test_00000928.mp4,4,0,0,5,0,1,0,3,10,0
test_00000929.mp4,35,32,36,40,87,79,9,223,318,0.028301887
test_00000930.mp4,79,12,33,56,184,136,4,310,504,0.007936508
test_00000931.mp4,4,0,3,2,130,63,0,84,202,0
test_00000932.mp4,0,0,16,47,107,75,5,52,250,0.02
test_00000933.mp4,8,0,71,132,145,55,3,124,414,0.007246377
test_00000934.mp4,8,0,9,60,26,176,3,59,282,0.010638298
test_00000935.mp4,11,0,8,0,19,2,41,30,81,0.50617284
test_00000936.mp4,66,40,3,12,14,26,4,82,165,0.024242424
test_00000937.mp4,0,0,7,0,8,11,0,10,26,0
test_00000938.mp4,108,0,28,11,32,33,16,85,228,0.070175439
test_00000939.mp4,122,89,126,73,110,96,4,416,620,0.006451613
test_00000940.mp4,36,4,0,61,29,7,3,49,140,0.021428571
test_00000941.mp4,25,11,26,83,22,94,0,191,261,0
test_00000942.mp4,33,0,1,1,2,0,0,5,37,0
test_00000943.mp4,179,0,7,57,2,31,0,59,276,0
test_00000944.mp4,116,0,0,0,5,5,1,13,127,0.007874016
test_00000945.mp4,273,0,0,116,38,33,0,107,460,0
test_00000946.mp4,251,51,30,258,109,114,1,563,814,0.001228501
test_00000947.mp4,1,0,0,41,101,7,0,26,150,0
test_00000948.mp4,41,3,0,114,69,116,0,76,343,0
test_00000949.mp4,1,0,74,19,214,101,41,122,450,0.091111111
test_00000950.mp4,1,0,10,2,310,3,0,31,326,0
test_00000951.mp4,1,0,13,101,18,17,0,46,150,0
test_00000952.mp4,129,3,2,107,48,91,5,205,385,0.012987013
test_00000953.mp4,48,0,1,92,635,27,2,311,805,0.002484472
test_00000954.mp4,57,1,2,0,283,42,0,114,385,0
test_00000955.mp4,1,10,29,30,14,2,0,49,86,0
test_00000956.mp4,0,0,0,2,0,0,0,0,2,0
test_00000957.mp4,11,0,51,0,23,84,0,48,169,0
test_00000958.mp4,1,0,2,2,0,7,0,9,12,0
test_00000959.mp4,1,0,0,244,83,13,0,152,341,0
test_00000960.mp4,23,4,0,2,304,54,0,80,387,0
test_00000961.mp4,7,0,47,0,19,6,0,17,79,0
test_00000962.mp4,294,0,90,2,3,12,83,168,484,0.171487603
test_00000963.mp4,64,34,2,785,21,46,0,302,952,0
test_00000964.mp4,9,0,0,0,0,1,0,1,10,0
test_00000965.mp4,193,0,0,1,8,0,0,14,202,0
test_00000966.mp4,0,0,0,0,0,0,0,0,0,0
test_00000967.mp4,124,0,3,4,23,0,0,12,154,0
test_00000968.mp4,4,2,7,53,20,358,24,109,468,0.051282051
test_00000969.mp4,8,0,12,38,3,16,0,25,77,0
test_00000970.mp4,127,5,45,32,138,11,7,157,365,0.019178082
test_00000971.mp4,0,0,4,3,3,6,3,10,19,0.157894737
test_00000972.mp4,36,0,7,8,0,5,2,21,58,0.034482759
test_00000973.mp4,54,0,1,37,46,84,0,67,222,0
test_00000974.mp4,46,0,3,117,3,51,0,80,220,0
test_00000975.mp4,245,0,2,0,4,4,52,59,307,0.169381107
test_00000976.mp4,0,0,3,132,14,64,0,33,213,0
test_00000977.mp4,4,0,4,128,51,8,0,48,195,0
test_00000978.mp4,314,0,22,1,12,227,0,191,576,0
test_00000979.mp4,23,0,8,63,3,266,4,81,367,0.010899183
test_00000980.mp4,0,0,19,1,0,189,0,20,209,0
test_00000981.mp4,0,0,0,275,4,0,0,4,279,0
test_00000982.mp4,52,0,1,36,79,67,0,97,235,0
test_00000983.mp4,26,0,3,65,0,68,0,15,162,0
test_00000984.mp4,117,5,21,0,7,0,0,47,150,0
test_00000985.mp4,3,0,21,21,212,206,32,281,495,0.064646465
test_00000986.mp4,124,10,20,122,199,0,44,124,519,0.08477842
test_00000987.mp4,55,0,7,54,7,171,4,140,298,0.013422819
test_00000988.mp4,82,0,6,93,5,192,0,171,378,0
test_00000989.mp4,2,0,0,2,3,7,0,11,14,0
test_00000990.mp4,293,8,22,52,40,30,0,124,445,0
test_00000991.mp4,80,0,3,140,12,14,0,166,249,0
test_00000992.mp4,141,0,5,38,13,66,0,43,263,0
test_00000993.mp4,1,0,158,129,7,16,0,67,311,0
test_00000994.mp4,6,0,10,265,80,8,13,172,382,0.034031414
test_00000995.mp4,16,1,2,28,1,1,8,29,57,0.140350877
test_00000996.mp4,5,4,3,92,2,2,0,19,108,0
test_00000997.mp4,91,34,43,199,44,308,0,303,719,0
test_00000998.mp4,90,0,36,109,250,121,13,400,619,0.021001616
test_00000999.mp4,14,0,14,121,36,88,4,150,277,0.014440433
test_00001000.mp4,28,7,56,7,24,51,0,59,173,0
test_00001001.mp4,7,0,40,260,215,115,23,350,660,0.034848485
test_00001002.mp4,292,1,0,28,32,41,0,82,394,0
test_00001003.mp4,23,0,282,126,41,42,10,144,524,0.019083969
test_00001004.mp4,50,0,40,6,44,34,0,78,174,0
test_00001005.mp4,166,5,4,123,87,73,5,124,463,0.010799136
test_00001006.mp4,67,0,0,3,51,61,0,86,182,0
test_00001007.mp4,5,0,7,171,58,2,4,135,247,0.016194332
test_00001008.mp4,2,0,28,0,0,118,0,29,148,0
test_00001009.mp4,0,0,0,4,25,73,0,22,102,0
test_00001010.mp4,28,0,55,275,39,6,38,241,441,0.0861678
test_00001011.mp4,28,22,25,36,55,27,6,101,199,0.030150754
test_00001012.mp4,43,8,45,10,107,104,0,204,317,0
test_00001013.mp4,22,0,30,140,50,22,1,67,265,0.003773585
test_00001014.mp4,227,0,113,11,5,8,31,148,395,0.078481013
test_00001015.mp4,7,0,28,6,90,172,6,137,309,0.019417476
test_00001016.mp4,1,0,2,33,27,1,0,14,64,0
test_00001017.mp4,0,0,0,0,0,0,0,0,0,0
test_00001018.mp4,8,0,0,5,15,0,0,5,28,0
test_00001019.mp4,158,0,0,15,33,9,0,44,215,0
test_00001020.mp4,3,0,13,1,11,7,1,14,36,0.027777778
test_00001021.mp4,51,6,0,7,0,147,0,49,211,0
test_00001022.mp4,304,0,6,12,30,23,0,68,375,0
test_00001023.mp4,29,0,0,0,42,250,0,64,321,0
test_00001024.mp4,156,0,0,0,4,194,0,60,354,0
test_00001025.mp4,10,0,7,55,322,40,1,148,435,0.002298851
test_00001026.mp4,45,17,12,5,26,10,0,60,115,0
test_00001027.mp4,7,1,0,10,101,60,1,68,180,0.005555556
test_00001028.mp4,0,0,0,4,106,3,0,6,113,0
test_00001029.mp4,69,3,12,20,39,59,11,97,213,0.051643192
test_00001030.mp4,6,0,0,0,0,169,0,4,175,0
test_00001031.mp4,3,0,16,3,19,57,4,39,102,0.039215686
test_00001032.mp4,101,0,14,97,42,348,1,185,603,0.001658375
test_00001033.mp4,1,0,4,2,1,112,1,17,121,0.008264463
test_00001034.mp4,144,87,10,0,30,194,0,295,465,0
test_00001035.mp4,32,0,16,0,0,145,0,39,193,0
test_00001036.mp4,0,0,7,17,3,17,0,18,44,0
test_00001037.mp4,6,0,0,138,207,17,0,57,368,0
test_00001038.mp4,6,0,0,33,6,5,0,17,50,0
test_00001039.mp4,26,0,12,38,7,18,0,58,101,0
test_00001040.mp4,2,0,17,26,68,16,0,39,129,0
test_00001041.mp4,116,0,6,2,143,307,0,166,574,0
test_00001042.mp4,1,0,1,1,0,0,0,2,3,0
test_00001043.mp4,28,7,0,4,1,359,0,30,399,0
test_00001044.mp4,9,0,0,4,2,2,0,13,17,0
test_00001045.mp4,2,0,11,0,50,14,8,37,85,0.094117647
test_00001046.mp4,12,0,1,50,1,20,0,29,84,0
test_00001047.mp4,7,0,0,107,73,0,0,46,187,0
test_00001048.mp4,6,0,48,74,54,77,18,170,277,0.064981949
test_00001049.mp4,4,0,1,201,7,74,0,163,287,0
test_00001050.mp4,60,2,62,127,35,116,0,129,402,0
test_00001051.mp4,167,0,5,4,4,103,0,65,283,0
test_00001052.mp4,1,0,6,21,64,23,18,38,133,0.135338346
test_00001053.mp4,1,0,2,139,72,24,0,68,238,0
test_00001054.mp4,9,2,0,143,69,17,0,166,240,0
test_00001055.mp4,85,2,54,78,285,3,22,143,529,0.041587902
test_00001056.mp4,235,0,12,87,30,200,0,348,564,0
test_00001057.mp4,11,0,21,0,8,4,0,17,44,0
test_00001058.mp4,6,0,4,344,121,32,1,126,508,0.001968504
test_00001059.mp4,60,0,2,0,26,130,0,51,218,0
test_00001060.mp4,24,0,0,91,42,2,0,40,159,0
test_00001061.mp4,36,0,20,23,35,55,0,35,169,0
test_00001062.mp4,0,0,0,247,0,0,0,0,247,0
test_00001063.mp4,149,4,15,30,88,222,0,118,508,0
test_00001064.mp4,0,0,3,130,53,44,10,60,240,0.041666667
test_00001065.mp4,97,0,0,21,75,146,0,126,339,0
test_00001066.mp4,0,0,0,13,3,0,0,1,16,0
test_00001067.mp4,17,12,46,16,38,17,1,55,147,0.006802721
test_00001068.mp4,6,0,14,59,11,4,0,26,94,0
test_00001069.mp4,1,0,8,24,0,128,0,49,161,0
test_00001070.mp4,190,0,12,200,70,156,8,363,636,0.012578616
test_00001071.mp4,166,0,21,0,5,5,14,52,211,0.066350711
test_00001072.mp4,0,0,8,2,111,145,0,97,266,0
test_00001073.mp4,1,0,2,0,3,1,0,3,7,0
test_00001074.mp4,117,0,3,20,1,73,3,61,217,0.013824885
test_00001075.mp4,19,1,26,0,2,86,0,28,134,0
test_00001076.mp4,6,0,11,122,0,36,0,85,175,0
test_00001077.mp4,35,0,9,3,0,311,0,53,358,0
test_00001078.mp4,0,0,1,14,98,65,0,45,178,0
test_00001079.mp4,17,0,5,14,0,32,0,34,68,0
test_00001080.mp4,1,7,47,35,411,0,40,88,541,0.073937153
test_00001081.mp4,162,0,29,0,3,2,11,49,207,0.053140097
test_00001082.mp4,74,1,9,116,53,260,1,155,514,0.001945525
test_00001083.mp4,41,7,252,935,241,129,43,1074,1648,0.026092233
test_00001084.mp4,70,0,204,30,188,229,10,684,731,0.013679891
test_00001085.mp4,14,0,2,5,7,52,0,34,80,0
test_00001086.mp4,6,0,29,0,15,100,0,19,150,0
test_00001087.mp4,6,0,0,103,77,0,0,39,186,0
test_00001088.mp4,3,0,0,135,75,2,35,36,250,0.14
test_00001089.mp4,4,0,1,5,5,12,0,12,27,0
test_00001090.mp4,175,8,39,207,107,42,60,572,638,0.094043887
test_00001091.mp4,80,6,12,88,383,281,0,560,850,0
test_00001092.mp4,64,0,14,31,84,20,0,42,213,0
test_00001093.mp4,43,0,0,1,60,164,0,80,268,0
test_00001094.mp4,116,0,1,0,2,220,0,51,339,0
test_00001095.mp4,4,0,0,47,22,14,0,37,87,0
test_00001096.mp4,39,0,0,0,15,98,0,36,152,0
test_00001097.mp4,0,0,1,124,22,21,0,26,168,0
test_00001098.mp4,194,0,0,0,24,17,0,30,235,0
test_00001099.mp4,0,0,8,0,100,156,0,68,264,0
test_00001100.mp4,11,0,35,5,6,319,0,51,376,0
test_00001101.mp4,29,3,34,26,173,51,19,161,335,0.056716418
test_00001102.mp4,93,0,13,44,0,19,1,124,170,0.005882353
test_00001103.mp4,160,24,61,6,123,81,2,138,457,0.004376368
test_00001104.mp4,100,0,0,2,10,3,0,19,115,0
test_00001105.mp4,5,3,3,109,0,105,0,40,225,0
test_00001106.mp4,282,1,95,322,88,313,11,849,1112,0.009892086
test_00001107.mp4,0,0,10,25,46,90,0,75,171,0
test_00001108.mp4,114,0,9,0,65,34,0,80,222,0
test_00001109.mp4,16,0,0,141,111,5,1,145,274,0.003649635
test_00001110.mp4,217,1,7,240,1,156,0,439,622,0
test_00001111.mp4,19,0,18,0,0,0,0,16,37,0
test_00001112.mp4,0,0,0,18,12,29,0,21,59,0
test_00001113.mp4,77,0,35,25,39,20,1,77,197,0.005076142
test_00001114.mp4,89,19,62,224,406,46,55,606,901,0.061043285
test_00001115.mp4,8,0,25,10,128,37,0,122,208,0
test_00001116.mp4,38,0,1,36,78,17,0,90,170,0
test_00001117.mp4,1,0,78,9,10,54,2,46,154,0.012987013
test_00001118.mp4,99,0,18,5,53,48,0,60,223,0
test_00001119.mp4,45,0,3,17,3,274,0,45,342,0
test_00001120.mp4,0,0,1,2,1,0,0,3,4,0
test_00001121.mp4,4,0,3,74,0,41,0,34,122,0
test_00001122.mp4,1,0,78,86,13,85,3,104,266,0.011278195
test_00001123.mp4,0,0,8,49,70,66,1,140,194,0.005154639
test_00001124.mp4,1,0,13,22,11,106,7,37,160,0.04375
test_00001125.mp4,39,0,19,2,5,423,0,41,488,0
test_00001126.mp4,18,0,0,97,39,12,0,51,166,0
test_00001127.mp4,8,0,1,139,11,2,0,43,161,0
test_00001128.mp4,0,0,3,11,1,2,0,5,17,0
test_00001129.mp4,23,0,30,201,119,97,3,166,473,0.006342495
test_00001130.mp4,17,0,14,44,0,0,7,27,82,0.085365854
test_00001131.mp4,0,0,1,80,1,0,0,2,82,0
test_00001132.mp4,0,0,1,1,2,4,0,4,8,0
test_00001133.mp4,0,0,0,15,205,5,0,18,225,0
test_00001134.mp4,170,0,0,0,21,4,0,31,195,0
test_00001135.mp4,18,0,5,99,194,18,6,100,340,0.017647059
test_00001136.mp4,18,0,0,7,2,3,0,11,30,0
test_00001137.mp4,21,0,8,80,12,113,16,90,250,0.064
test_00001138.mp4,239,0,160,0,135,39,3,217,576,0.005208333
test_00001139.mp4,12,5,37,492,128,184,33,566,891,0.037037037
test_00001140.mp4,81,0,6,158,7,19,0,209,271,0
test_00001141.mp4,1,1,0,6,26,30,0,30,64,0
test_00001142.mp4,230,0,1,45,57,22,0,212,355,0
test_00001143.mp4,224,0,2,135,21,136,0,49,518,0
test_00001144.mp4,163,0,0,3,19,4,0,32,189,0
test_00001145.mp4,383,2,4,0,71,53,0,95,513,0
test_00001146.mp4,289,0,36,0,0,2,63,93,390,0.161538462
test_00001147.mp4,77,0,14,0,0,0,51,57,142,0.35915493
test_00001148.mp4,248,0,0,1,5,2,2,14,258,0.007751938
test_00001149.mp4,345,0,46,0,0,5,130,157,526,0.247148289
test_00001150.mp4,286,0,12,4,17,31,1,51,351,0.002849003
test_00001151.mp4,0,0,7,70,223,0,17,62,317,0.05362776
test_00001152.mp4,40,0,31,6,46,43,5,74,171,0.029239766
test_00001153.mp4,117,0,1,1,10,45,0,18,174,0
test_00001154.mp4,4,0,35,59,0,33,0,31,131,0
test_00001155.mp4,16,2,14,7,6,156,0,31,201,0
test_00001156.mp4,150,0,0,1,19,81,0,61,251,0
test_00001157.mp4,1,0,3,93,12,7,0,40,116,0
test_00001158.mp4,69,0,17,259,73,35,2,298,455,0.004395604
test_00001159.mp4,152,0,13,48,0,50,0,115,263,0
test_00001160.mp4,14,0,1,1,4,5,0,11,25,0
test_00001161.mp4,0,0,4,54,0,57,0,19,115,0
test_00001162.mp4,297,2,0,17,6,132,2,86,456,0.004385965
test_00001163.mp4,42,0,39,26,18,55,8,70,188,0.042553191
test_00001164.mp4,156,1,0,39,7,0,0,45,203,0
test_00001165.mp4,25,0,51,6,34,100,5,120,221,0.022624434
test_00001166.mp4,8,0,0,1,4,12,7,17,32,0.21875
test_00001167.mp4,8,0,1,171,33,11,0,43,224,0
test_00001168.mp4,252,3,243,13,25,9,0,39,545,0
test_00001169.mp4,68,16,37,393,272,103,6,676,895,0.006703911
test_00001170.mp4,141,0,0,0,0,18,0,9,159,0
test_00001171.mp4,71,0,26,14,131,45,65,145,352,0.184659091
test_00001172.mp4,278,0,0,7,10,51,0,98,346,0
test_00001173.mp4,0,0,2,0,0,177,0,2,179,0
test_00001174.mp4,1,0,0,120,11,29,0,33,161,0
test_00001175.mp4,31,0,24,103,33,48,0,107,239,0
test_00001176.mp4,0,0,0,0,0,0,0,0,0,0
test_00001177.mp4,6,0,8,73,85,22,12,107,206,0.058252427
test_00001178.mp4,18,8,6,2,99,74,0,163,207,0
test_00001179.mp4,267,2,0,3,120,17,13,98,422,0.030805687
test_00001180.mp4,31,1,0,0,5,150,0,44,187,0
test_00001181.mp4,26,0,35,88,388,73,7,211,617,0.011345219
test_00001182.mp4,10,0,23,0,4,119,0,21,156,0
test_00001183.mp4,3,0,0,114,41,4,0,22,162,0
test_00001184.mp4,96,0,0,0,2,84,0,55,182,0
test_00001185.mp4,31,0,17,0,0,3,1,25,52,0.019230769
test_00001186.mp4,286,84,23,800,29,105,1,846,1328,0.000753012
test_00001187.mp4,83,0,9,132,169,37,4,118,434,0.00921659
test_00001188.mp4,106,0,0,3,0,364,0,126,473,0
test_00001189.mp4,27,2,163,63,747,122,4,662,1128,0.003546099
test_00001190.mp4,0,0,42,0,44,87,1,56,174,0.005747126
test_00001191.mp4,102,1,51,45,99,9,16,214,323,0.049535604
test_00001192.mp4,0,0,6,203,12,150,6,76,377,0.015915119
test_00001193.mp4,1,0,0,40,6,3,3,18,53,0.056603774
test_00001194.mp4,1,0,0,91,32,0,0,21,124,0
test_00001195.mp4,26,0,3,7,51,29,2,43,118,0.016949153
test_00001196.mp4,77,0,4,10,12,39,1,37,143,0.006993007
test_00001197.mp4,144,0,6,22,66,32,4,77,274,0.01459854
test_00001198.mp4,61,0,2,60,9,12,0,52,144,0
test_00001199.mp4,2,0,2,2,4,194,0,20,204,0
test_00001200.mp4,102,61,2,150,23,159,0,379,497,0
test_00001201.mp4,0,0,2,1,0,1,1,3,5,0.2
test_00001202.mp4,5,0,0,6,142,133,1,251,287,0.003484321
test_00001203.mp4,0,0,0,142,55,52,0,163,249,0
test_00001204.mp4,24,8,118,413,843,63,34,1086,1503,0.022621424
test_00001205.mp4,46,0,0,1,3,154,0,53,204,0
test_00001206.mp4,51,13,84,79,105,168,0,410,500,0
test_00001207.mp4,5,0,5,8,337,2,69,51,426,0.161971831
test_00001208.mp4,16,0,1,260,48,6,0,33,331,0
test_00001209.mp4,356,0,21,0,1,3,89,89,470,0.189361702
test_00001210.mp4,53,0,14,0,23,30,0,43,120,0
test_00001211.mp4,10,51,12,0,13,4,0,45,90,0
test_00001212.mp4,0,0,99,0,0,0,0,0,99,0
test_00001213.mp4,33,0,3,1,62,11,29,62,139,0.208633094
test_00001214.mp4,5,0,3,30,31,69,0,60,138,0
test_00001215.mp4,96,0,2,0,0,67,0,35,165,0
test_00001216.mp4,22,0,3,0,1,16,0,18,42,0
test_00001217.mp4,7,3,71,135,505,265,28,716,1014,0.027613412
test_00001218.mp4,52,0,45,26,173,116,0,149,412,0
test_00001219.mp4,60,34,24,118,69,177,5,369,487,0.01026694
test_00001220.mp4,157,0,61,13,17,64,0,89,312,0
test_00001221.mp4,0,0,0,0,0,0,0,0,0,0
test_00001222.mp4,28,0,35,3,25,117,0,114,208,0
test_00001223.mp4,154,0,26,20,265,27,1,145,493,0.002028398
test_00001224.mp4,13,0,0,71,3,20,0,43,107,0
test_00001225.mp4,0,0,3,57,51,8,4,53,123,0.032520325
test_00001226.mp4,43,0,2,0,14,5,1,26,65,0.015384615
test_00001227.mp4,2,0,4,2,2,47,17,48,74,0.22972973
test_00001228.mp4,85,0,0,8,89,2,0,58,184,0
test_00001229.mp4,39,0,3,57,2,106,1,71,208,0.004807692
test_00001230.mp4,0,0,0,0,1,0,0,0,1,0
test_00001231.mp4,32,0,0,0,16,109,0,32,157,0
test_00001232.mp4,66,0,32,14,49,42,0,77,203,0
test_00001233.mp4,38,0,10,0,111,9,0,38,168,0
test_00001234.mp4,22,0,0,0,0,100,0,14,122,0
test_00001235.mp4,23,4,26,334,28,90,10,302,515,0.019417476
test_00001236.mp4,1,0,0,37,219,74,1,71,332,0.003012048
test_00001237.mp4,26,0,21,37,69,24,5,136,182,0.027472527
test_00001238.mp4,42,3,37,230,8,30,0,167,350,0
test_00001239.mp4,117,0,1,11,83,210,0,127,422,0
test_00001240.mp4,0,0,0,15,1,150,4,19,170,0.023529412
test_00001241.mp4,0,0,0,239,113,0,0,188,352,0
test_00001242.mp4,0,0,0,0,1,3,0,2,4,0
test_00001243.mp4,51,0,14,11,68,49,0,61,193,0
test_00001244.mp4,10,0,20,1,5,311,0,61,347,0
test_00001245.mp4,0,0,0,40,140,12,2,19,194,0.010309278
test_00001246.mp4,117,1,0,155,127,44,0,187,444,0
test_00001247.mp4,61,0,97,284,23,71,4,488,540,0.007407407
test_00001248.mp4,0,0,0,129,2,0,0,2,131,0
test_00001249.mp4,1,0,4,169,0,39,0,27,213,0
test_00001250.mp4,8,0,12,0,6,11,0,18,37,0
test_00001251.mp4,12,0,10,3,19,98,7,35,149,0.046979866
test_00001252.mp4,287,0,7,6,3,210,0,339,513,0
test_00001253.mp4,0,0,0,0,0,0,0,0,0,0
test_00001254.mp4,92,71,47,50,95,53,1,305,409,0.002444988
test_00001255.mp4,15,0,25,0,27,62,1,41,130,0.007692308
test_00001256.mp4,4,0,2,1,0,4,0,7,11,0
test_00001257.mp4,56,0,4,2,87,83,0,65,232,0
test_00001258.mp4,0,0,6,6,186,46,7,28,251,0.027888446
test_00001259.mp4,86,0,3,0,31,34,0,34,154,0
test_00001260.mp4,2,0,17,6,141,3,0,40,169,0
test_00001261.mp4,24,0,2,1,0,0,0,6,27,0
test_00001262.mp4,54,41,8,34,17,9,0,71,163,0
test_00001263.mp4,210,0,0,32,51,38,0,210,331,0
test_00001264.mp4,1,0,1,6,0,18,0,9,26,0
test_00001265.mp4,52,0,0,0,2,144,0,42,198,0
test_00001266.mp4,12,0,37,29,25,14,1,83,118,0.008474576
test_00001267.mp4,20,0,40,263,163,16,39,427,541,0.072088725
test_00001268.mp4,89,0,15,0,2,1,52,66,159,0.327044025
test_00001269.mp4,230,62,5,681,67,87,0,781,1132,0
test_00001270.mp4,2,0,0,7,5,157,12,52,183,0.06557377
test_00001271.mp4,11,0,49,387,36,137,3,253,623,0.004815409
test_00001272.mp4,25,1,0,31,49,19,2,51,127,0.015748031
test_00001273.mp4,27,2,2,101,15,15,0,32,162,0
test_00001274.mp4,0,0,8,0,70,115,0,51,193,0
test_00001275.mp4,102,37,26,216,73,43,0,317,497,0
test_00001276.mp4,10,0,0,133,6,161,0,227,310,0
test_00001277.mp4,34,0,9,29,75,5,0,29,152,0
test_00001278.mp4,4,0,46,228,112,138,7,283,535,0.013084112
test_00001279.mp4,27,5,35,358,52,9,52,286,538,0.096654275
test_00001280.mp4,3,0,1,2,5,26,1,16,38,0.026315789
test_00001281.mp4,0,0,2,29,8,1,1,9,41,0.024390244
test_00001282.mp4,4,0,1,1,0,0,0,2,6,0
test_00001283.mp4,168,0,11,3,44,13,2,83,241,0.008298755
test_00001284.mp4,127,0,0,116,34,29,2,110,308,0.006493506
test_00001285.mp4,0,0,1,0,1,1,0,2,3,0
test_00001286.mp4,7,0,0,0,0,359,0,10,366,0
test_00001287.mp4,84,14,11,12,20,19,0,56,160,0
test_00001288.mp4,194,0,11,10,157,30,0,108,402,0
test_00001289.mp4,0,0,0,2,0,0,0,0,2,0
test_00001290.mp4,195,0,0,15,0,0,0,14,210,0
test_00001291.mp4,72,0,13,0,4,157,0,12,246,0
test_00001292.mp4,55,0,0,0,2,167,0,45,224,0
test_00001293.mp4,83,0,0,18,97,76,0,50,274,0
test_00001294.mp4,374,0,0,22,0,0,0,12,396,0
test_00001295.mp4,29,0,22,89,83,3,3,106,229,0.013100437
test_00001296.mp4,117,0,2,231,129,124,0,505,603,0
test_00001297.mp4,63,0,84,94,425,124,1,598,791,0.001264223
test_00001298.mp4,82,0,20,51,85,30,4,153,272,0.014705882
test_00001299.mp4,7,0,22,122,4,71,0,54,226,0
test_00001300.mp4,0,0,1,0,4,96,0,8,101,0
test_00001301.mp4,64,5,10,81,87,137,1,274,385,0.002597403
test_00001302.mp4,11,0,12,45,145,125,3,268,341,0.008797654
test_00001303.mp4,71,0,14,7,53,0,9,48,154,0.058441558
test_00001304.mp4,210,0,4,7,45,15,5,73,286,0.017482517
test_00001305.mp4,59,0,0,1,47,53,0,67,160,0
test_00001306.mp4,51,0,2,0,0,12,0,14,65,0
test_00001307.mp4,8,0,0,172,36,0,0,30,216,0
test_00001308.mp4,9,0,6,80,11,78,7,67,191,0.036649215
test_00001309.mp4,58,0,86,11,188,300,6,445,649,0.009244992
test_00001310.mp4,34,0,11,91,67,13,0,134,216,0
test_00001311.mp4,61,0,88,11,45,141,0,231,346,0
test_00001312.mp4,256,0,11,54,88,47,8,135,464,0.017241379
test_00001313.mp4,0,0,14,0,21,3,0,8,38,0
test_00001314.mp4,3,0,31,9,111,148,1,173,303,0.00330033
test_00001315.mp4,1,0,0,20,32,80,0,39,133,0
test_00001316.mp4,3,0,0,40,0,0,0,4,43,0
test_00001317.mp4,206,13,12,138,26,71,6,108,472,0.012711864
test_00001318.mp4,157,0,0,95,83,15,0,271,350,0
test_00001319.mp4,157,0,5,22,1,76,0,108,261,0
test_00001320.mp4,6,1,0,125,1,2,0,9,135,0
test_00001321.mp4,0,0,9,0,0,2,0,4,11,0
test_00001322.mp4,2,0,0,17,2,1,0,6,22,0
test_00001323.mp4,322,0,116,0,59,30,0,42,527,0
test_00001324.mp4,99,0,36,43,25,56,0,53,259,0
test_00001325.mp4,23,99,12,112,325,277,0,652,848,0
test_00001326.mp4,1,0,5,0,5,122,1,19,134,0.007462687
test_00001327.mp4,75,0,0,0,0,75,0,25,150,0
test_00001328.mp4,0,0,1,1,9,1,1,6,13,0.076923077
test_00001329.mp4,4,0,1,238,0,57,0,40,300,0
test_00001330.mp4,3,0,0,2,0,1,0,4,6,0
test_00001331.mp4,4,0,0,19,299,24,0,24,346,0
test_00001332.mp4,61,0,1,222,5,3,2,136,294,0.006802721
test_00001333.mp4,0,0,2,252,79,5,7,49,345,0.020289855
test_00001334.mp4,16,0,0,237,31,7,0,50,291,0
test_00001335.mp4,4,0,39,9,15,42,0,57,109,0
test_00001336.mp4,71,4,8,26,60,68,0,55,237,0
test_00001337.mp4,55,0,2,109,3,49,0,51,218,0
test_00001338.mp4,31,0,10,2,0,88,9,44,140,0.064285714
test_00001339.mp4,6,0,5,76,81,2,0,102,170,0
test_00001340.mp4,1,0,4,59,0,493,2,54,559,0.003577818
test_00001341.mp4,0,0,0,0,0,3,0,0,3,0
test_00001342.mp4,10,0,1,0,5,234,0,24,250,0
test_00001343.mp4,0,0,2,217,36,17,3,53,275,0.010909091
test_00001344.mp4,1,0,66,4,0,141,0,25,212,0
test_00001345.mp4,65,1,0,80,13,21,6,40,186,0.032258065
test_00001346.mp4,0,0,1,222,14,44,0,88,281,0
test_00001347.mp4,19,0,20,77,78,166,0,242,360,0
test_00001348.mp4,164,0,4,11,105,36,16,102,336,0.047619048
test_00001349.mp4,151,1,1,67,48,27,0,149,295,0
test_00001350.mp4,6,20,27,4,188,10,10,75,265,0.037735849
test_00001351.mp4,18,0,88,122,49,135,10,272,422,0.023696682
test_00001352.mp4,10,0,2,230,185,21,2,62,450,0.004444444
test_00001353.mp4,119,0,0,36,78,10,0,47,243,0
test_00001354.mp4,75,12,2,0,185,9,0,41,283,0
test_00001355.mp4,154,0,1,20,32,71,0,96,278,0
test_00001356.mp4,25,0,0,23,4,0,4,21,56,0.071428571
test_00001357.mp4,1,0,0,20,29,8,0,12,58,0
test_00001358.mp4,1,0,0,138,46,83,27,71,295,0.091525424
test_00001359.mp4,0,0,47,2,115,3,0,43,167,0
test_00001360.mp4,87,0,10,8,54,36,8,77,203,0.039408867
test_00001361.mp4,0,0,0,61,42,38,0,34,141,0
test_00001362.mp4,6,0,4,13,10,16,0,31,49,0
test_00001363.mp4,89,0,3,2,154,2,0,137,250,0
test_00001364.mp4,0,0,19,13,388,10,4,58,434,0.00921659
test_00001365.mp4,55,0,13,1,7,44,23,62,143,0.160839161
test_00001366.mp4,23,0,18,60,16,123,0,77,240,0
test_00001367.mp4,114,0,0,0,70,11,0,55,195,0
test_00001368.mp4,256,0,17,3,3,1,84,86,364,0.230769231
test_00001369.mp4,94,0,34,2,4,4,58,68,196,0.295918367
test_00001370.mp4,4,0,0,8,2,6,0,9,20,0
test_00001371.mp4,6,0,0,1,0,84,0,14,91,0
test_00001372.mp4,5,0,0,0,0,0,0,0,5,0
test_00001373.mp4,447,79,49,958,80,205,19,1264,1837,0.01034295
test_00001374.mp4,76,0,0,5,199,118,0,109,398,0
test_00001375.mp4,121,0,5,52,72,230,0,85,480,0
test_00001376.mp4,21,9,15,266,158,70,0,310,539,0
test_00001377.mp4,10,1,29,7,40,64,1,69,152,0.006578947
test_00001378.mp4,22,0,13,51,75,382,2,101,545,0.003669725
test_00001379.mp4,58,10,0,89,14,147,0,92,318,0
test_00001380.mp4,1,3,0,0,128,0,0,5,132,0
test_00001381.mp4,17,0,1,66,27,6,0,36,117,0
test_00001382.mp4,15,3,118,76,847,58,27,526,1144,0.023601399
test_00001383.mp4,6,2,9,1,67,63,5,43,153,0.032679739
test_00001384.mp4,3,0,0,47,4,148,0,53,202,0
test_00001385.mp4,101,0,20,23,7,2,26,42,179,0.145251397
test_00001386.mp4,57,0,0,8,28,3,8,40,104,0.076923077
test_00001387.mp4,1,0,43,0,214,26,10,37,294,0.034013605
test_00001388.mp4,10,0,35,0,25,39,3,53,112,0.026785714
test_00001389.mp4,80,0,2,15,36,20,0,45,153,0
test_00001390.mp4,0,0,0,0,0,5,0,0,5,0
test_00001391.mp4,2,0,2,1,11,12,5,19,33,0.151515152
test_00001392.mp4,35,0,18,105,107,50,0,189,315,0
test_00001393.mp4,7,0,0,0,3,18,0,12,28,0
test_00001394.mp4,69,27,5,2,242,3,1,52,349,0.00286533
test_00001395.mp4,80,108,13,121,150,73,1,135,546,0.001831502
test_00001396.mp4,6,0,42,22,150,51,12,158,283,0.042402827
test_00001397.mp4,0,0,7,205,0,8,0,15,220,0
test_00001398.mp4,11,0,22,47,129,81,2,89,292,0.006849315
test_00001399.mp4,48,0,0,9,0,187,0,42,244,0
test_00001400.mp4,0,0,7,383,2,64,0,123,456,0
test_00001401.mp4,14,0,22,38,201,60,0,203,335,0
test_00001402.mp4,0,0,0,46,1,116,5,27,168,0.029761905
test_00001403.mp4,67,0,58,0,29,321,0,173,475,0
test_00001404.mp4,66,0,0,100,12,164,9,176,351,0.025641026
test_00001405.mp4,9,0,25,0,30,40,0,44,104,0
test_00001406.mp4,7,0,2,10,112,119,5,106,255,0.019607843
test_00001407.mp4,0,0,0,1,0,0,0,0,1,0
test_00001408.mp4,30,0,5,60,167,20,1,54,283,0.003533569
test_00001409.mp4,20,4,18,269,23,79,0,204,413,0
test_00001410.mp4,9,0,31,205,12,94,0,55,351,0
test_00001411.mp4,0,0,0,88,8,46,0,20,142,0
test_00001412.mp4,170,3,2,29,147,38,5,127,394,0.012690355
test_00001413.mp4,17,0,2,0,2,2,0,5,23,0
test_00001414.mp4,76,0,21,54,240,108,43,433,542,0.079335793
test_00001415.mp4,7,0,3,3,11,4,0,13,28,0
test_00001416.mp4,12,0,76,5,20,71,14,81,198,0.070707071
test_00001417.mp4,31,7,32,148,47,84,5,133,354,0.014124294
test_00001418.mp4,1,0,5,9,20,6,1,24,42,0.023809524
test_00001419.mp4,11,0,20,133,58,14,21,67,257,0.081712062
test_00001420.mp4,2,0,33,0,18,54,1,32,108,0.009259259
test_00001421.mp4,4,0,26,68,41,45,0,58,184,0
test_00001422.mp4,0,0,4,0,126,34,0,6,164,0
test_00001423.mp4,110,0,13,69,51,10,13,100,266,0.04887218
test_00001424.mp4,0,0,0,0,162,0,0,0,162,0
test_00001425.mp4,94,0,8,0,0,46,0,40,148,0
test_00001426.mp4,0,0,2,59,188,71,7,130,327,0.021406728
test_00001427.mp4,7,0,36,72,74,25,0,65,214,0
test_00001428.mp4,4,0,1,0,4,0,0,6,9,0
test_00001429.mp4,0,0,0,0,36,35,0,5,71,0
test_00001430.mp4,7,0,3,9,44,13,0,30,76,0
test_00001431.mp4,112,0,2,1,10,3,1,21,129,0.007751938
test_00001432.mp4,40,0,0,0,17,3,0,21,60,0
test_00001433.mp4,0,0,1,2,5,0,0,5,8,0
test_00001434.mp4,4,0,0,0,116,10,0,9,130,0
test_00001435.mp4,7,0,12,107,27,32,4,117,189,0.021164021
test_00001436.mp4,40,2,1,18,40,31,0,49,132,0
test_00001437.mp4,131,0,11,0,44,54,14,103,254,0.05511811
test_00001438.mp4,82,3,0,0,89,12,16,74,202,0.079207921
test_00001439.mp4,157,0,1,1,2,32,7,72,200,0.035
test_00001440.mp4,0,0,58,24,127,27,21,84,257,0.081712062
test_00001441.mp4,0,0,0,0,0,53,0,0,53,0
test_00001442.mp4,92,0,0,0,54,14,0,36,160,0
test_00001443.mp4,194,0,0,14,69,212,0,152,489,0
test_00001444.mp4,0,0,0,1,0,58,0,2,59,0
test_00001445.mp4,89,0,25,32,37,51,13,100,247,0.052631579
test_00001446.mp4,0,0,12,186,66,57,0,150,321,0
test_00001447.mp4,131,0,2,61,14,68,0,150,276,0
test_00001448.mp4,1,0,4,19,0,9,1,15,34,0.029411765
test_00001449.mp4,5,0,126,10,314,36,0,309,491,0
test_00001450.mp4,4,0,18,122,12,83,0,73,239,0
test_00001451.mp4,7,0,5,0,15,175,0,32,202,0
test_00001452.mp4,0,0,4,3,80,115,0,95,202,0
test_00001453.mp4,87,48,115,63,209,216,23,521,761,0.03022339
test_00001454.mp4,5,0,9,430,48,45,0,148,537,0
test_00001455.mp4,16,0,1,0,82,366,0,75,465,0
test_00001456.mp4,41,0,10,139,27,84,0,223,301,0
test_00001457.mp4,9,0,10,0,15,193,14,49,241,0.058091286
test_00001458.mp4,41,0,0,0,8,103,0,30,152,0
test_00001459.mp4,8,0,42,110,140,152,0,291,452,0
test_00001460.mp4,23,0,14,119,68,112,3,226,339,0.008849558
test_00001461.mp4,30,0,0,0,103,26,1,49,160,0.00625
test_00001462.mp4,36,49,44,385,210,166,20,719,910,0.021978022
test_00001463.mp4,6,0,2,54,51,66,2,90,181,0.011049724
test_00001464.mp4,4,0,15,2,131,7,1,29,160,0.00625
test_00001465.mp4,120,0,1,2,0,120,1,61,244,0.004098361
test_00001466.mp4,161,0,1,0,88,87,0,276,337,0
test_00001467.mp4,34,0,0,0,9,127,0,44,170,0
test_00001468.mp4,2,0,4,1,10,40,0,19,57,0
test_00001469.mp4,46,0,45,36,35,260,4,175,426,0.009389671
test_00001470.mp4,5,0,553,21,403,30,57,929,1069,0.053320861
test_00001471.mp4,17,0,25,19,2,167,7,78,237,0.029535865
test_00001472.mp4,0,0,0,0,0,0,0,0,0,0
test_00001473.mp4,2,0,12,8,11,9,0,34,42,0
test_00001474.mp4,81,0,14,6,3,27,3,49,134,0.02238806
test_00001475.mp4,1,0,12,33,5,10,0,15,61,0
test_00001476.mp4,58,1,15,333,593,114,32,670,1146,0.027923211
test_00001477.mp4,4,0,101,123,1,48,0,153,277,0
test_00001478.mp4,0,0,0,6,11,2,0,7,19,0
test_00001479.mp4,110,0,22,22,53,62,1,108,270,0.003703704
test_00001480.mp4,77,1,0,1,51,253,0,80,383,0
test_00001481.mp4,1,0,0,19,0,0,0,1,20,0
test_00001482.mp4,0,0,1,0,0,31,0,2,32,0
test_00001483.mp4,220,0,1,60,49,22,0,234,352,0
test_00001484.mp4,68,1,8,225,396,58,5,560,761,0.006570302
test_00001485.mp4,102,0,31,94,1,2,16,125,246,0.06504065
test_00001486.mp4,1,0,7,83,226,154,0,400,471,0
test_00001487.mp4,13,0,3,55,69,2,62,48,204,0.303921569
test_00001488.mp4,21,0,13,393,4,25,2,91,458,0.004366812
test_00001489.mp4,2,0,6,63,43,55,2,111,171,0.011695906
test_00001490.mp4,22,0,1,1,17,174,0,37,215,0
test_00001491.mp4,2,1,28,3,6,29,1,28,70,0.014285714
test_00001492.mp4,99,1,89,0,18,109,2,121,318,0.006289308
test_00001493.mp4,20,0,1,84,23,0,0,33,128,0
test_00001494.mp4,177,0,0,0,9,38,0,24,224,0
test_00001495.mp4,1,0,10,27,20,226,6,52,290,0.020689655
test_00001496.mp4,8,0,8,5,21,60,14,55,116,0.120689655
test_00001497.mp4,3,0,60,33,873,32,76,325,1077,0.070566388
test_00001498.mp4,18,0,0,0,44,101,2,55,165,0.012121212
test_00001499.mp4,166,0,0,55,29,3,0,69,253,0
test_00001500.mp4,79,91,17,187,48,100,0,474,522,0
test_00001501.mp4,9,0,10,0,0,220,0,17,239,0
test_00001502.mp4,26,28,131,13,82,37,19,263,336,0.056547619
test_00001503.mp4,2,0,60,17,2,9,0,35,90,0
test_00001504.mp4,0,0,0,0,0,0,0,0,0,0
test_00001505.mp4,47,3,3,11,189,42,37,103,332,0.111445783
test_00001506.mp4,4,0,1,82,115,11,0,44,213,0
test_00001507.mp4,0,0,0,0,0,1,2,2,3,0.666666667
test_00001508.mp4,0,0,0,3,7,26,0,11,36,0
test_00001509.mp4,33,0,13,0,0,110,0,33,156,0
test_00001510.mp4,35,4,17,57,17,44,0,43,174,0
test_00001511.mp4,119,2,1,17,26,12,0,24,177,0
test_00001512.mp4,33,8,38,302,17,56,21,252,475,0.044210526
test_00001513.mp4,234,0,51,2,1,12,130,150,430,0.302325581
test_00001514.mp4,5,0,48,173,179,53,41,159,499,0.082164329
test_00001515.mp4,122,0,0,0,20,18,0,43,160,0
test_00001516.mp4,17,0,2,0,124,23,0,20,166,0
test_00001517.mp4,67,0,0,29,216,43,9,139,364,0.024725275
test_00001518.mp4,1,0,4,2,7,0,2,10,16,0.125
test_00001519.mp4,13,1,2,0,0,2,0,6,18,0
test_00001520.mp4,2,0,0,0,0,69,0,2,71,0
test_00001521.mp4,19,0,87,0,79,11,35,79,231,0.151515152
test_00001522.mp4,5,0,17,169,27,95,6,154,319,0.018808777
test_00001523.mp4,0,0,0,0,0,0,0,0,0,0
test_00001524.mp4,58,0,27,32,752,44,28,307,941,0.029755579
test_00001525.mp4,237,0,20,0,1,5,31,69,294,0.105442177
test_00001526.mp4,2,0,1,84,277,98,5,302,467,0.010706638
test_00001527.mp4,14,2,2,108,2,36,1,61,165,0.006060606
test_00001528.mp4,5,0,7,49,296,286,69,566,712,0.096910112
test_00001529.mp4,10,0,22,44,12,35,0,51,123,0
test_00001530.mp4,7,1,15,259,52,45,30,159,409,0.073349633
test_00001531.mp4,12,0,25,345,2,10,0,83,394,0
test_00001532.mp4,3,0,0,1,0,69,0,3,73,0
test_00001533.mp4,1,0,0,3,1,1,0,3,6,0
test_00001534.mp4,1,0,4,186,23,3,0,13,217,0
test_00001535.mp4,0,0,0,0,1,0,0,0,1,0
test_00001536.mp4,54,2,0,46,42,12,3,45,159,0.018867925
test_00001537.mp4,0,0,0,2,2,0,0,3,4,0
test_00001538.mp4,28,0,8,230,7,73,0,89,346,0
test_00001539.mp4,4,0,14,5,30,6,0,31,59,0
test_00001540.mp4,3,0,2,0,25,0,8,8,38,0.210526316
test_00001541.mp4,79,0,23,0,0,0,26,52,128,0.203125
test_00001542.mp4,53,1,31,166,147,3,31,111,432,0.071759259
test_00001543.mp4,16,0,0,42,15,5,7,32,85,0.082352941
test_00001544.mp4,67,0,3,0,0,343,0,84,413,0
test_00001545.mp4,6,0,1,19,18,6,0,21,50,0
test_00001546.mp4,264,2,1,4,0,33,1,24,305,0.003278689
test_00001547.mp4,12,0,19,36,36,19,0,75,122,0
test_00001548.mp4,3,0,84,5,107,0,0,17,199,0
test_00001549.mp4,3,0,1,13,7,0,0,12,24,0
test_00001550.mp4,63,0,8,44,4,79,5,52,203,0.024630542
test_00001551.mp4,0,0,0,0,0,433,0,0,433,0
test_00001552.mp4,161,100,3,0,0,260,0,321,524,0
test_00001553.mp4,29,0,94,63,21,50,5,90,262,0.019083969
test_00001554.mp4,20,0,12,14,7,10,12,35,75,0.16
test_00001555.mp4,73,0,15,120,117,9,0,52,334,0
test_00001556.mp4,58,1,3,39,25,19,0,98,145,0
test_00001557.mp4,35,0,16,169,59,42,5,117,326,0.015337423
test_00001558.mp4,31,0,242,63,58,12,12,143,418,0.028708134
test_00001559.mp4,1,0,12,3,174,7,5,35,202,0.024752475
test_00001560.mp4,16,0,49,28,72,162,0,96,327,0
test_00001561.mp4,0,0,54,3,34,0,27,40,118,0.228813559
test_00001562.mp4,68,0,0,13,93,23,0,91,197,0
test_00001563.mp4,5,0,4,2,1,0,1,6,13,0.076923077
test_00001564.mp4,8,0,13,73,53,29,4,113,180,0.022222222
test_00001565.mp4,19,0,39,44,148,15,33,99,298,0.110738255
test_00001566.mp4,62,0,0,0,44,53,0,56,159,0
test_00001567.mp4,63,0,1,1,64,28,0,59,157,0
test_00001568.mp4,0,0,0,0,0,0,0,0,0,0
test_00001569.mp4,2,0,4,288,145,24,14,287,477,0.029350105
test_00001570.mp4,2,0,0,16,21,64,0,17,103,0
test_00001571.mp4,186,0,4,10,36,11,0,66,247,0
test_00001572.mp4,76,0,0,121,90,78,2,344,367,0.005449591
test_00001573.mp4,100,0,14,80,4,113,0,99,311,0
test_00001574.mp4,74,3,156,51,78,215,8,332,585,0.013675214
test_00001575.mp4,0,0,0,0,0,0,0,0,0,0
test_00001576.mp4,64,1,4,126,199,51,0,163,445,0
test_00001577.mp4,62,10,83,580,126,5,0,498,866,0
test_00001578.mp4,111,0,0,0,0,1,33,41,145,0.227586207
test_00001579.mp4,3,0,6,299,10,25,2,76,345,0.005797101
test_00001580.mp4,44,0,2,24,47,4,0,36,121,0
test_00001581.mp4,120,0,0,0,4,4,0,12,128,0
test_00001582.mp4,24,0,66,0,64,57,7,86,218,0.032110092
test_00001583.mp4,147,2,0,21,47,21,5,70,243,0.020576132
test_00001584.mp4,60,0,0,67,31,57,0,51,215,0
test_00001585.mp4,6,0,6,231,89,30,26,60,388,0.067010309
test_00001586.mp4,1,0,0,62,135,0,0,40,198,0
test_00001587.mp4,31,0,6,4,25,32,0,41,98,0
test_00001588.mp4,4,0,4,40,2,3,0,14,53,0
test_00001589.mp4,8,0,4,9,17,37,0,33,75,0
test_00001590.mp4,1,0,121,17,13,124,0,156,276,0
test_00001591.mp4,62,0,0,0,2,238,0,37,302,0
test_00001592.mp4,19,0,21,2,20,13,0,40,75,0
test_00001593.mp4,3,0,11,43,7,100,2,69,166,0.012048193
test_00001594.mp4,131,0,6,0,0,2,89,78,228,0.390350877
test_00001595.mp4,2,0,2,0,86,16,0,23,106,0
test_00001596.mp4,1,0,6,6,4,24,0,19,41,0
test_00001597.mp4,18,0,10,3,153,79,0,128,263,0
test_00001598.mp4,69,0,2,0,0,144,0,58,215,0
test_00001599.mp4,44,0,4,24,0,14,0,24,86,0
test_00001600.mp4,37,0,145,36,302,250,23,670,793,0.029003783
test_00001601.mp4,113,0,1,4,28,17,0,33,163,0
test_00001602.mp4,1,0,6,13,1,152,0,23,173,0
test_00001603.mp4,0,0,0,15,0,3,0,1,18,0
test_00001604.mp4,46,11,39,133,40,106,0,96,375,0
test_00001605.mp4,0,0,0,2,0,0,0,0,2,0
test_00001606.mp4,149,0,20,180,109,54,5,449,517,0.00967118
test_00001607.mp4,156,3,0,55,31,16,0,57,261,0
test_00001608.mp4,5,0,79,353,278,37,28,521,780,0.035897436
test_00001609.mp4,1,0,2,306,107,10,3,95,429,0.006993007
test_00001610.mp4,21,0,1,6,15,50,0,51,93,0
test_00001611.mp4,25,0,0,0,116,20,0,50,161,0
test_00001612.mp4,0,0,0,20,2,23,0,8,45,0
test_00001613.mp4,161,0,28,38,48,21,11,113,307,0.035830619
test_00001614.mp4,58,0,63,180,110,190,4,347,605,0.00661157
test_00001615.mp4,50,0,0,2,1,281,0,55,334,0
test_00001616.mp4,20,0,25,11,77,33,0,63,166,0
test_00001617.mp4,89,0,23,0,4,83,0,70,199,0
test_00001618.mp4,47,0,11,70,0,72,0,95,200,0
test_00001619.mp4,3,2,4,0,74,11,1,25,95,0.010526316
test_00001620.mp4,38,0,0,16,36,60,0,49,150,0
test_00001621.mp4,44,0,74,40,32,27,4,65,221,0.018099548
test_00001622.mp4,21,0,0,22,7,2,6,17,58,0.103448276
test_00001623.mp4,89,12,13,69,61,148,0,103,392,0
test_00001624.mp4,0,0,98,2,100,18,3,69,221,0.013574661
test_00001625.mp4,22,25,16,253,32,51,16,262,415,0.038554217
test_00001626.mp4,0,0,1,179,15,117,3,68,315,0.00952381
test_00001627.mp4,176,0,30,70,62,252,4,486,594,0.006734007
test_00001628.mp4,117,0,1,5,65,5,0,39,193,0
test_00001629.mp4,115,0,11,1,2,284,0,44,413,0
test_00001630.mp4,19,0,1,0,0,231,0,25,251,0
test_00001631.mp4,363,6,0,21,49,58,1,94,498,0.002008032
test_00001632.mp4,3,4,11,14,163,4,1,35,200,0.005
test_00001633.mp4,14,0,3,42,1,202,0,43,262,0
test_00001634.mp4,52,0,6,81,3,55,0,42,197,0
test_00001635.mp4,8,0,68,152,102,229,3,177,562,0.005338078
test_00001636.mp4,0,0,0,0,0,0,0,0,0,0
test_00001637.mp4,18,0,26,57,34,49,8,74,192,0.041666667
test_00001638.mp4,33,0,0,0,125,80,0,81,238,0
test_00001639.mp4,1,0,14,0,0,1,0,3,16,0
test_00001640.mp4,20,0,5,1,1,199,0,28,226,0
test_00001641.mp4,7,0,9,502,33,6,0,42,557,0
test_00001642.mp4,5,0,15,50,62,46,3,98,181,0.016574586
test_00001643.mp4,44,9,2,95,176,80,2,361,408,0.004901961
test_00001644.mp4,56,0,92,87,93,158,27,352,513,0.052631579
test_00001645.mp4,0,0,0,0,265,2,0,4,267,0
test_00001646.mp4,0,0,346,0,0,126,0,222,472,0
test_00001647.mp4,45,1,2,295,47,16,0,202,406,0
test_00001648.mp4,0,0,0,119,0,0,2,2,121,0.016528926
test_00001649.mp4,14,0,27,9,110,63,6,80,229,0.026200873
test_00001650.mp4,160,21,6,74,7,219,0,90,487,0
test_00001651.mp4,50,0,52,158,5,239,1,280,505,0.001980198
test_00001652.mp4,0,0,9,16,16,6,0,19,47,0
test_00001653.mp4,170,0,6,1,82,16,15,117,290,0.051724138
test_00001654.mp4,10,0,41,8,54,27,21,90,161,0.130434783
test_00001655.mp4,124,0,3,51,9,104,0,89,291,0
test_00001656.mp4,75,1,15,14,41,18,1,56,165,0.006060606
test_00001657.mp4,114,6,44,43,64,162,3,352,436,0.006880734
test_00001658.mp4,5,0,0,1,7,3,0,10,16,0
test_00001659.mp4,90,0,0,0,0,69,0,45,159,0
test_00001660.mp4,55,0,147,14,16,113,0,179,345,0
test_00001661.mp4,54,0,23,78,9,5,0,40,169,0
test_00001662.mp4,157,0,0,15,49,27,0,80,248,0
test_00001663.mp4,10,0,1,0,6,4,0,11,21,0
test_00001664.mp4,184,0,3,30,60,35,5,90,317,0.015772871
test_00001665.mp4,45,0,4,106,152,12,0,169,319,0
test_00001666.mp4,1,0,4,64,89,1,0,18,159,0
test_00001667.mp4,204,0,8,2,50,31,9,102,304,0.029605263
test_00001668.mp4,7,0,12,198,9,22,0,92,248,0
test_00001669.mp4,42,0,42,23,158,48,0,117,313,0
test_00001670.mp4,40,1,0,104,8,63,0,25,216,0
test_00001671.mp4,8,0,18,91,14,27,0,84,158,0
test_00001672.mp4,13,0,47,17,74,127,0,206,278,0
test_00001673.mp4,38,0,4,11,171,20,0,42,244,0
test_00001674.mp4,0,0,13,154,74,165,0,301,406,0
test_00001675.mp4,1,0,1,266,150,69,0,258,487,0
test_00001676.mp4,204,2,34,1,2,5,102,120,350,0.291428571
test_00001677.mp4,0,0,11,87,57,11,4,51,170,0.023529412
test_00001678.mp4,7,0,0,78,37,86,0,90,208,0
test_00001679.mp4,0,1,1,2,7,17,0,12,28,0
test_00001680.mp4,2,0,2,83,73,4,32,42,196,0.163265306
test_00001681.mp4,63,6,2,3,56,10,0,61,140,0
test_00001682.mp4,5,0,10,10,106,29,7,49,167,0.041916168
test_00001683.mp4,0,0,31,62,50,5,2,35,150,0.013333333
test_00001684.mp4,13,1,133,34,85,38,8,117,312,0.025641026
test_00001685.mp4,0,0,4,265,77,225,7,100,578,0.012110727
test_00001686.mp4,36,0,7,79,36,28,23,90,209,0.110047847
test_00001687.mp4,39,0,40,86,53,39,3,185,260,0.011538462
test_00001688.mp4,102,17,47,163,39,31,3,279,402,0.007462687
test_00001689.mp4,32,0,0,50,6,152,0,60,240,0
test_00001690.mp4,1,0,5,98,70,13,63,54,250,0.252
test_00001691.mp4,25,9,90,658,204,9,54,675,1049,0.051477598
test_00001692.mp4,71,0,16,0,0,0,0,18,87,0
test_00001693.mp4,48,0,71,1,10,159,14,85,303,0.04620462
test_00001694.mp4,77,0,7,18,0,241,0,76,343,0
test_00001695.mp4,0,0,1,1,6,102,0,10,110,0
test_00001696.mp4,0,1,4,0,2,1,0,6,8,0
test_00001697.mp4,1,0,22,41,55,417,21,111,557,0.037701975
test_00001698.mp4,201,1,3,0,26,4,0,35,235,0
test_00001699.mp4,32,0,32,66,43,37,2,121,212,0.009433962
test_00001700.mp4,0,0,1,18,316,10,1,50,346,0.002890173
test_00001701.mp4,1,0,20,28,30,15,0,22,94,0
test_00001702.mp4,2,0,12,1,366,0,36,57,417,0.086330935
test_00001703.mp4,347,80,98,563,127,199,44,1115,1458,0.030178326
test_00001704.mp4,28,2,44,0,14,8,10,53,106,0.094339623
test_00001705.mp4,165,1,18,16,68,27,0,76,295,0
test_00001706.mp4,33,0,35,145,139,55,6,312,413,0.014527845
test_00001707.mp4,55,0,0,8,162,33,0,44,258,0
test_00001708.mp4,26,0,1,31,125,244,0,61,427,0
test_00001709.mp4,1,0,26,179,253,31,3,302,493,0.006085193
test_00001710.mp4,21,0,25,90,116,19,17,77,288,0.059027778
test_00001711.mp4,14,1,5,1,219,13,2,50,255,0.007843137
test_00001712.mp4,57,0,8,1,0,162,0,52,228,0
test_00001713.mp4,129,0,0,4,15,19,1,34,168,0.005952381
test_00001714.mp4,77,21,45,177,65,25,0,261,410,0
test_00001715.mp4,35,0,0,0,16,7,0,13,58,0
test_00001716.mp4,135,0,0,0,33,34,0,64,202,0
test_00001717.mp4,215,0,3,19,5,215,0,38,457,0
test_00001718.mp4,86,3,0,215,178,171,0,519,653,0
test_00001719.mp4,27,52,17,7,11,9,1,53,124,0.008064516
test_00001720.mp4,126,0,0,30,15,7,0,31,178,0
test_00001721.mp4,0,0,1,160,3,0,0,8,164,0
test_00001722.mp4,268,0,3,83,62,2,1,62,419,0.002386635
test_00001723.mp4,43,5,23,104,77,50,24,176,326,0.073619632
test_00001724.mp4,16,0,7,175,14,73,0,69,285,0
test_00001725.mp4,59,0,37,57,0,55,0,53,208,0
test_00001726.mp4,94,0,181,166,277,449,6,872,1173,0.00511509
test_00001727.mp4,40,0,39,24,0,0,7,54,110,0.063636364
test_00001728.mp4,55,0,1,95,53,109,0,196,313,0
test_00001729.mp4,32,0,0,0,124,0,0,22,156,0
test_00001730.mp4,131,0,0,11,388,36,0,163,566,0
test_00001731.mp4,0,0,1,0,0,0,0,0,1,0
test_00001732.mp4,55,0,0,11,115,1,0,23,182,0
test_00001733.mp4,5,0,28,45,3,88,21,60,190,0.110526316
test_00001734.mp4,104,0,4,48,2,21,1,56,180,0.005555556
test_00001735.mp4,9,0,2,135,296,4,42,76,488,0.086065574
test_00001736.mp4,18,0,47,40,81,103,2,106,291,0.006872852
test_00001737.mp4,0,0,30,0,318,66,0,135,414,0
