Video_name,happy,angry,sad,surprise,disgust,fear,neutral,emotion_change,each_video_emotion_count,neutral_%,all_emotion_count,all_neutral_count,all_neutral_%,,
000_003.mp4,127,3,29,0,119,25,0,100,303,0%,438339,25710,6%,,
001_870.mp4,0,0,195,13,188,38,29,137,463,6%,,,,,樣本變異數
002_006.mp4,0,0,33,21,283,5,0,94,342,0%,,,,,26168.16556
003_000.mp4,22,0,17,0,196,69,0,88,304,0%,,,,,
004_982.mp4,10,0,63,7,150,79,1,76,310,0%,,,,,
005_010.mp4,0,0,16,1,236,133,0,116,386,0%,,,,,
006_002.mp4,125,0,1,1,82,101,2,85,312,1%,,,,,
007_132.mp4,0,0,26,59,257,10,56,114,408,14%,,,,,
008_990.mp4,3,0,52,15,98,90,48,101,306,16%,,,,,
009_027.mp4,10,0,75,0,57,173,0,79,315,0%,,,,,
010_005.mp4,5,0,248,0,242,49,32,344,576,6%,,,,,
011_805.mp4,30,0,175,0,431,18,121,574,775,16%,,,,,
012_026.mp4,2,0,14,86,96,47,77,136,322,24%,,,,,
013_883.mp4,0,0,48,9,99,1,34,74,191,18%,,,,,
014_790.mp4,7,2,95,62,184,328,44,280,722,6%,,,,,
015_919.mp4,86,34,168,25,68,104,0,209,485,0%,,,,,
016_209.mp4,9,0,80,0,227,6,15,92,337,4%,,,,,
017_803.mp4,12,3,81,87,33,75,1,140,292,0%,,,,,
018_019.mp4,29,0,4,73,297,0,25,79,428,6%,,,,,
019_018.mp4,47,16,142,62,35,93,17,163,412,4%,,,,,
020_344.mp4,178,0,5,6,27,136,0,140,352,0%,,,,,
021_312.mp4,10,4,36,101,215,79,6,157,451,1%,,,,,
022_489.mp4,109,0,40,20,110,50,46,181,375,12%,,,,,
023_923.mp4,101,0,0,1,393,49,11,124,555,2%,,,,,
024_073.mp4,3,0,17,0,237,23,0,58,280,0%,,,,,
025_067.mp4,163,0,57,10,142,142,29,196,543,5%,,,,,
026_012.mp4,6,0,156,41,147,22,12,188,384,3%,,,,,
027_009.mp4,55,0,8,0,86,117,0,55,266,0%,,,,,
028_068.mp4,12,0,134,87,19,91,70,166,413,17%,,,,,
029_048.mp4,17,2,10,1,259,147,12,142,448,3%,,,,,
030_193.mp4,22,0,12,23,233,4,4,57,298,1%,,,,,
031_163.mp4,46,0,48,15,222,68,0,203,399,0%,,,,,
032_944.mp4,0,0,12,81,146,73,0,74,312,0%,,,,,
033_097.mp4,314,0,59,0,201,236,11,631,821,1%,,,,,
034_590.mp4,9,3,5,206,183,2,0,60,408,0%,,,,,
035_036.mp4,0,0,0,0,330,3,4,8,337,1%,,,,,
036_035.mp4,2,0,11,51,265,1,7,47,337,2%,,,,,
037_072.mp4,0,0,1,3,307,0,0,6,311,0%,,,,,
038_125.mp4,0,0,7,94,163,35,0,59,299,0%,,,,,
039_058.mp4,0,0,145,10,517,23,0,138,695,0%,,,,,
040_997.mp4,3,0,3,5,397,14,19,39,441,4%,,,,,
041_063.mp4,199,0,38,0,112,0,0,100,349,0%,,,,,
042_084.mp4,37,32,43,19,72,115,21,119,339,6%,,,,,
043_110.mp4,93,2,146,1,33,93,12,129,380,3%,,,,,
044_945.mp4,0,0,8,131,172,0,27,70,338,8%,,,,,
045_889.mp4,12,0,11,64,163,67,13,125,330,4%,,,,,
046_904.mp4,20,5,2,221,89,20,2,88,359,1%,,,,,
047_862.mp4,16,0,57,0,174,72,0,107,319,0%,,,,,
048_029.mp4,74,0,254,0,409,61,10,588,808,1%,,,,,
049_946.mp4,0,0,0,6,124,230,0,50,360,0%,,,,,
050_059.mp4,233,0,0,0,237,60,0,172,530,0%,,,,,
051_332.mp4,205,18,197,33,8,188,47,233,696,7%,,,,,
052_108.mp4,21,0,77,9,67,156,3,98,333,1%,,,,,
053_095.mp4,30,1,95,10,82,139,60,166,417,14%,,,,,
054_071.mp4,10,0,51,48,53,26,180,109,368,49%,,,,,
055_147.mp4,275,0,4,148,71,33,0,347,531,0%,,,,,
056_996.mp4,80,1,18,33,180,1,14,120,327,4%,,,,,
057_070.mp4,18,0,26,23,193,107,0,111,367,0%,,,,,
058_039.mp4,4,0,28,1,572,13,0,62,618,0%,,,,,
059_050.mp4,227,155,20,0,24,105,0,256,531,0%,,,,,
060_088.mp4,15,0,213,47,308,192,153,532,928,16%,,,,,
061_080.mp4,5,0,27,0,297,20,7,90,356,2%,,,,,
062_066.mp4,137,0,7,53,215,15,0,141,427,0%,,,,,
063_041.mp4,4,0,12,80,226,16,11,70,349,3%,,,,,
064_991.mp4,3,0,1,0,391,7,0,15,402,0%,,,,,
065_089.mp4,98,0,17,6,159,51,112,141,443,25%,,,,,
066_062.mp4,0,0,2,2,8,22,0,14,34,0%,,,,,
067_025.mp4,6,0,114,95,267,8,48,131,538,9%,,,,,
068_028.mp4,24,12,1,58,182,94,30,124,401,7%,,,,,
069_961.mp4,0,0,22,15,192,30,63,79,322,20%,,,,,
070_057.mp4,0,0,15,13,123,6,143,100,300,48%,,,,,
071_054.mp4,51,0,5,23,223,70,8,147,380,2%,,,,,
072_037.mp4,59,0,6,0,228,4,14,74,311,5%,,,,,
073_024.mp4,1,0,235,0,15,3,52,70,306,17%,,,,,
074_825.mp4,14,0,5,73,260,0,0,87,352,0%,,,,,
075_977.mp4,3,0,6,100,27,910,20,171,1066,2%,,,,,
076_079.mp4,25,1,12,0,274,16,7,40,335,2%,,,,,
077_100.mp4,19,2,77,202,130,19,53,265,502,11%,,,,,
078_955.mp4,366,2,8,0,107,40,0,130,523,0%,,,,,
079_076.mp4,1,9,84,0,222,13,0,57,329,0%,,,,,
080_061.mp4,48,0,0,3,264,23,0,82,338,0%,,,,,
081_087.mp4,93,0,4,1,179,0,29,98,306,9%,,,,,
082_103.mp4,0,0,73,0,206,34,3,106,316,1%,,,,,
083_213.mp4,307,0,189,40,68,461,8,841,1073,1%,,,,,
084_042.mp4,112,0,22,353,121,0,12,416,620,2%,,,,,
085_124.mp4,8,0,95,2,101,65,47,135,318,15%,,,,,
086_090.mp4,1,0,0,6,594,0,15,27,616,2%,,,,,
087_081.mp4,123,0,62,0,21,103,0,135,309,0%,,,,,
088_060.mp4,457,52,41,1,9,108,0,155,668,0%,,,,,
089_065.mp4,32,27,44,3,229,111,0,168,446,0%,,,,,
090_086.mp4,29,30,92,266,188,45,37,220,687,5%,,,,,
091_116.mp4,29,0,44,0,217,69,2,151,361,1%,,,,,
092_098.mp4,1,0,0,0,285,14,0,21,300,0%,,,,,
093_121.mp4,14,3,36,132,50,18,43,129,296,15%,,,,,
094_111.mp4,15,0,263,1,264,141,0,485,684,0%,,,,,
095_053.mp4,108,0,35,24,155,58,50,168,430,12%,,,,,
096_101.mp4,37,5,73,15,214,136,24,184,504,5%,,,,,
097_033.mp4,21,9,0,0,303,145,0,86,478,0%,,,,,
098_092.mp4,2,0,128,0,163,10,7,126,310,2%,,,,,
099_295.mp4,2,1,64,126,43,182,0,102,418,0%,,,,,
100_077.mp4,96,9,35,19,61,205,1,107,426,0%,,,,,
101_096.mp4,22,0,45,10,306,103,11,137,497,2%,,,,,
102_114.mp4,34,19,4,0,19,313,0,86,389,0%,,,,,
103_082.mp4,49,0,2,0,243,9,13,72,316,4%,,,,,
104_126.mp4,0,5,9,29,139,145,2,90,329,1%,,,,,
105_180.mp4,30,0,37,3,162,23,52,100,307,17%,,,,,
106_198.mp4,4,0,56,0,273,5,18,58,356,5%,,,,,
107_109.mp4,14,0,70,0,123,0,91,98,298,31%,,,,,
108_052.mp4,0,0,115,38,19,2,126,80,300,42%,,,,,
109_107.mp4,107,0,10,0,164,17,0,96,298,0%,,,,,
110_043.mp4,167,36,123,2,133,26,8,153,495,2%,,,,,
111_094.mp4,144,0,1,21,247,11,0,117,424,0%,,,,,
112_892.mp4,16,3,41,78,20,61,18,136,237,8%,,,,,
113_983.mp4,0,0,31,1,177,134,66,173,409,16%,,,,,
114_102.mp4,382,0,0,0,0,7,0,6,389,0%,,,,,
115_939.mp4,167,0,23,31,85,62,0,150,368,0%,,,,,
116_091.mp4,70,0,29,44,132,16,36,111,327,11%,,,,,
117_217.mp4,44,75,111,139,138,47,12,216,566,2%,,,,,
118_120.mp4,0,0,0,13,336,3,0,22,352,0%,,,,,
119_123.mp4,42,5,57,0,332,0,66,127,502,13%,,,,,
120_118.mp4,33,0,59,86,124,9,73,191,384,19%,,,,,
121_093.mp4,0,6,61,157,31,49,4,91,308,1%,,,,,
122_144.mp4,0,0,105,41,137,8,15,92,306,5%,,,,,
123_119.mp4,11,0,6,75,371,20,19,107,502,4%,,,,,
124_085.mp4,50,7,40,26,48,30,168,179,369,46%,,,,,
125_038.mp4,0,0,0,20,265,0,20,38,305,7%,,,,,
126_104.mp4,3,0,49,81,112,66,15,92,326,5%,,,,,
127_129.mp4,164,0,76,0,75,312,101,631,728,14%,,,,,
128_896.mp4,26,0,20,43,352,46,0,111,487,0%,,,,,
129_127.mp4,269,0,32,1,228,104,14,584,648,2%,,,,,
130_139.mp4,50,1,118,3,88,97,23,147,380,6%,,,,,
131_518.mp4,12,0,101,2,24,7,126,95,272,46%,,,,,
132_007.mp4,3,1,85,0,296,27,1,105,413,0%,,,,,
133_148.mp4,89,0,80,0,17,274,0,150,460,0%,,,,,
134_192.mp4,4,0,1,3,274,6,0,13,288,0%,,,,,
135_880.mp4,9,0,52,128,37,93,8,125,327,2%,,,,,
136_285.mp4,0,0,5,5,369,7,0,23,386,0%,,,,,
137_165.mp4,6,0,0,0,355,25,1,36,387,0%,,,,,
138_142.mp4,60,0,99,0,0,79,172,149,410,42%,,,,,
139_130.mp4,2,0,1,0,361,0,14,18,378,4%,,,,,
140_143.mp4,112,0,9,0,71,60,0,77,252,0%,,,,,
141_161.mp4,8,0,27,55,237,15,26,110,368,7%,,,,,
142_138.mp4,9,0,18,199,113,71,0,127,410,0%,,,,,
143_140.mp4,167,0,5,0,66,174,0,143,412,0%,,,,,
144_122.mp4,60,3,2,12,207,14,11,85,309,4%,,,,,
145_299.mp4,65,0,37,22,38,61,0,122,223,0%,,,,,
146_256.mp4,2,0,27,118,91,2,8,90,248,3%,,,,,
147_055.mp4,41,316,1,1,14,21,0,82,394,0%,,,,,
148_133.mp4,721,0,37,7,75,65,16,374,921,2%,,,,,
149_152.mp4,79,29,41,46,80,38,4,136,317,1%,,,,,
150_153.mp4,42,0,245,0,135,30,4,121,456,1%,,,,,
151_225.mp4,39,0,3,60,95,0,107,111,304,35%,,,,,
152_149.mp4,0,0,12,0,100,83,115,102,310,37%,,,,,
153_150.mp4,8,0,97,37,240,30,44,139,456,10%,,,,,
154_386.mp4,160,25,23,141,337,9,43,523,738,6%,,,,,
155_576.mp4,1,0,345,15,20,6,74,110,461,16%,,,,,
156_243.mp4,9,0,15,9,697,27,2,102,759,0%,,,,,
157_245.mp4,11,0,0,0,322,27,0,66,360,0%,,,,,
158_379.mp4,1,0,4,197,36,114,0,73,352,0%,,,,,
159_175.mp4,2,0,57,27,207,23,9,80,325,3%,,,,,
160_928.mp4,8,0,24,0,192,152,0,91,376,0%,,,,,
161_141.mp4,0,0,22,99,234,11,10,69,376,3%,,,,,
162_330.mp4,84,22,37,4,181,78,3,146,409,1%,,,,,
163_031.mp4,44,0,15,39,197,9,0,98,304,0%,,,,,
164_216.mp4,5,0,40,0,128,299,4,154,476,1%,,,,,
165_137.mp4,24,0,53,0,225,57,28,121,387,7%,,,,,
166_167.mp4,18,1,11,102,205,2,2,75,341,1%,,,,,
167_166.mp4,105,0,39,20,163,11,24,142,362,7%,,,,,
168_222.mp4,0,0,18,4,211,61,117,103,411,28%,,,,,
169_227.mp4,1,8,2,3,0,0,411,21,425,97%,,,,,
170_186.mp4,2,12,125,69,72,25,23,125,328,7%,,,,,
171_173.mp4,10,10,100,37,50,219,10,197,436,2%,,,,,
172_582.mp4,270,0,0,0,94,2,65,116,431,15%,,,,,
173_171.mp4,135,0,120,60,211,50,3,251,579,1%,,,,,
174_964.mp4,5,0,53,310,91,15,1,166,475,0%,,,,,
175_159.mp4,20,0,3,47,182,29,0,63,281,0%,,,,,
176_190.mp4,9,0,79,85,210,61,27,303,471,6%,,,,,
177_211.mp4,1,0,117,109,155,31,2,159,415,0%,,,,,
178_598.mp4,0,0,120,0,181,208,10,144,519,2%,,,,,
179_212.mp4,172,0,146,30,209,0,8,367,565,1%,,,,,
180_105.mp4,0,0,24,1,240,1,42,55,308,14%,,,,,
181_199.mp4,43,28,20,19,127,130,1,135,368,0%,,,,,
182_242.mp4,12,0,79,0,59,114,67,117,331,20%,,,,,
183_253.mp4,0,0,3,0,5,0,0,1,8,0%,,,,,
184_205.mp4,1,0,38,13,267,1,0,65,320,0%,,,,,
185_276.mp4,0,0,16,0,218,1,96,73,331,29%,,,,,
186_170.mp4,55,7,343,1564,267,2,0,1254,2238,0%,,,,,
187_234.mp4,25,0,325,183,238,6,36,493,813,4%,,,,,
188_191.mp4,0,0,62,22,159,80,11,137,334,3%,,,,,
189_200.mp4,22,0,43,2,422,34,0,83,523,0%,,,,,
190_176.mp4,0,0,28,125,190,1,5,100,349,1%,,,,,
191_188.mp4,4,0,7,55,254,0,20,85,340,6%,,,,,
192_134.mp4,2,0,66,68,67,27,65,128,295,22%,,,,,
193_030.mp4,3,0,1,111,126,33,19,72,293,6%,,,,,
194_235.mp4,2,0,106,9,206,4,0,73,327,0%,,,,,
195_442.mp4,36,0,1,154,139,8,0,63,338,0%,,,,,
196_310.mp4,235,0,31,0,24,83,0,116,373,0%,,,,,
197_224.mp4,4,1,0,20,419,2,42,60,488,9%,,,,,
198_106.mp4,57,0,364,0,144,6,0,282,571,0%,,,,,
199_181.mp4,2,0,36,1,279,11,39,73,368,11%,,,,,
200_189.mp4,4,0,12,45,325,44,76,156,506,15%,,,,,
201_203.mp4,4,1,13,7,388,19,14,60,446,3%,,,,,
202_348.mp4,4,0,34,1,204,18,62,87,323,19%,,,,,
203_201.mp4,6,1,8,45,398,31,7,120,496,1%,,,,,
204_230.mp4,11,0,13,18,219,8,26,89,295,9%,,,,,
205_184.mp4,67,1,47,12,135,19,26,126,307,8%,,,,,
206_221.mp4,115,6,52,1,309,60,227,232,770,29%,,,,,
207_908.mp4,16,0,36,13,159,11,111,127,346,32%,,,,,
208_215.mp4,256,6,106,0,54,43,0,134,465,0%,,,,,
209_016.mp4,60,0,453,0,40,174,8,408,735,1%,,,,,
210_241.mp4,178,0,3,0,49,19,43,101,292,15%,,,,,
211_177.mp4,186,2,8,58,223,47,0,269,524,0%,,,,,
212_179.mp4,0,0,0,19,386,9,1,20,415,0%,,,,,
213_083.mp4,89,4,137,13,51,80,4,131,378,1%,,,,,
214_255.mp4,0,0,100,4,77,238,43,151,462,9%,,,,,
215_208.mp4,13,0,33,0,152,268,0,150,466,0%,,,,,
216_164.mp4,6,0,120,31,196,57,72,219,482,15%,,,,,
217_117.mp4,93,0,64,412,47,8,18,271,642,3%,,,,,
218_239.mp4,154,0,0,0,176,23,0,77,353,0%,,,,,
219_220.mp4,7,0,50,23,230,46,50,184,406,12%,,,,,
220_219.mp4,0,0,0,2,340,8,0,10,350,0%,,,,,
221_206.mp4,705,0,55,281,411,280,17,1612,1749,1%,,,,,
222_168.mp4,1,0,126,43,16,152,70,127,408,17%,,,,,
223_586.mp4,16,0,66,10,224,31,77,220,424,18%,,,,,
224_197.mp4,256,2,36,30,135,0,29,204,488,6%,,,,,
225_151.mp4,3,0,11,18,59,25,186,102,302,62%,,,,,
226_491.mp4,117,0,49,0,101,119,30,237,416,7%,,,,,
227_169.mp4,29,24,57,2,11,318,0,113,441,0%,,,,,
228_289.mp4,0,0,18,0,525,2,11,39,556,2%,,,,,
229_247.mp4,0,0,41,79,178,75,17,146,390,4%,,,,,
230_204.mp4,6,0,68,13,179,52,53,139,371,14%,,,,,
231_663.mp4,36,2,103,0,73,347,0,323,561,0%,,,,,
232_248.mp4,6,0,272,72,154,41,178,492,723,25%,,,,,
233_995.mp4,1,1,368,474,920,233,13,1473,2010,1%,,,,,
234_187.mp4,27,3,133,0,361,3,1,119,528,0%,,,,,
235_194.mp4,0,0,0,1,312,1,0,4,314,0%,,,,,
236_237.mp4,254,0,1,1,337,61,15,209,669,2%,,,,,
237_236.mp4,97,0,361,0,15,3,175,229,651,27%,,,,,
238_282.mp4,2,0,1,0,592,40,0,86,635,0%,,,,,
239_218.mp4,328,0,305,0,39,6,7,480,685,1%,,,,,
240_290.mp4,0,0,16,144,242,17,3,97,422,1%,,,,,
241_210.mp4,137,16,70,0,59,8,3,123,293,1%,,,,,
242_182.mp4,0,0,4,0,1,0,99,10,104,95%,,,,,
243_156.mp4,117,2,48,11,223,15,1,148,417,0%,,,,,
244_822.mp4,7,0,31,24,219,4,12,71,297,4%,,,,,
245_157.mp4,0,0,15,1,324,77,0,105,417,0%,,,,,
246_258.mp4,10,0,10,20,393,80,19,98,532,4%,,,,,
247_229.mp4,135,6,48,28,147,7,21,143,392,5%,,,,,
248_232.mp4,5,0,65,29,310,18,65,130,492,13%,,,,,
249_280.mp4,31,1,239,49,64,176,82,235,642,13%,,,,,
250_461.mp4,0,0,9,19,509,4,28,62,569,5%,,,,,
251_375.mp4,9,0,38,62,211,16,26,150,362,7%,,,,,
252_266.mp4,13,0,3,1,448,15,1,52,481,0%,,,,,
253_183.mp4,1,0,15,3,355,6,13,40,393,3%,,,,,
254_261.mp4,87,0,63,5,125,89,58,165,427,14%,,,,,
255_214.mp4,11,6,37,37,42,325,7,105,465,2%,,,,,
256_146.mp4,7,1,110,32,200,126,70,203,546,13%,,,,,
257_420.mp4,2,0,46,16,676,63,2,113,805,0%,,,,,
258_246.mp4,0,0,107,8,296,55,37,159,503,7%,,,,,
259_345.mp4,14,0,67,6,181,184,0,184,452,0%,,,,,
260_331.mp4,1,0,39,0,192,46,24,71,302,8%,,,,,
261_254.mp4,216,2,35,62,48,27,42,163,432,10%,,,,,
262_301.mp4,150,3,57,0,159,12,16,130,397,4%,,,,,
263_284.mp4,16,2,27,21,238,178,0,302,482,0%,,,,,
264_271.mp4,2,14,1,182,223,22,0,108,444,0%,,,,,
265_475.mp4,0,0,15,100,187,0,4,70,306,1%,,,,,
266_252.mp4,22,0,0,2,439,5,0,38,468,0%,,,,,
267_286.mp4,3,0,10,0,289,1,3,11,306,1%,,,,,
268_269.mp4,7,0,310,11,14,36,14,83,392,4%,,,,,
269_268.mp4,64,0,14,13,227,53,0,95,371,0%,,,,,
270_297.mp4,13,0,183,0,77,57,0,151,330,0%,,,,,
271_264.mp4,6,0,13,379,76,0,0,84,474,0%,,,,,
272_396.mp4,18,0,5,15,249,31,5,59,323,2%,,,,,
273_807.mp4,35,0,37,1,13,206,1,79,293,0%,,,,,
274_412.mp4,92,27,94,18,202,194,1,386,628,0%,,,,,
275_887.mp4,21,261,0,0,10,42,5,53,339,1%,,,,,
276_185.mp4,5,0,1,29,331,26,0,112,392,0%,,,,,
277_335.mp4,2,0,56,20,382,84,1,208,545,0%,,,,,
278_306.mp4,63,19,65,0,304,17,0,128,468,0%,,,,,
279_298.mp4,6,0,25,38,166,35,139,148,409,34%,,,,,
280_249.mp4,33,0,97,79,298,81,11,188,599,2%,,,,,
281_474.mp4,3,0,1,27,218,36,14,62,299,5%,,,,,
282_238.mp4,96,41,185,0,245,48,8,281,623,1%,,,,,
283_313.mp4,38,0,9,0,397,37,0,83,481,0%,,,,,
284_263.mp4,3,0,36,46,197,43,1,113,326,0%,,,,,
285_136.mp4,35,0,117,81,20,192,9,177,454,2%,,,,,
286_267.mp4,37,0,97,0,110,108,0,166,352,0%,,,,,
287_426.mp4,0,0,3,87,95,1,1,64,187,1%,,,,,
288_321.mp4,23,0,36,58,506,54,46,287,723,6%,,,,,
289_228.mp4,217,247,200,40,513,32,0,1060,1249,0%,,,,,
290_240.mp4,70,0,4,186,157,16,0,115,433,0%,,,,,
291_874.mp4,0,0,20,48,232,8,16,88,324,5%,,,,,
292_294.mp4,2,0,2,32,308,20,63,86,427,15%,,,,,
293_296.mp4,138,0,119,0,4,83,0,127,344,0%,,,,,
294_292.mp4,0,0,6,0,408,5,3,13,422,1%,,,,,
295_099.mp4,14,0,38,15,293,30,2,74,392,1%,,,,,
296_293.mp4,119,0,22,0,132,64,0,153,337,0%,,,,,
297_270.mp4,0,0,0,0,307,0,4,6,311,1%,,,,,
298_279.mp4,221,7,150,4,84,30,73,245,569,13%,,,,,
299_145.mp4,0,0,58,3,78,71,102,144,312,33%,,,,,
300_304.mp4,11,0,0,0,572,11,0,34,594,0%,,,,,
301_262.mp4,17,0,156,52,338,54,85,456,702,12%,,,,,
302_323.mp4,0,0,2,3,238,6,73,92,322,23%,,,,,
303_309.mp4,26,0,8,0,515,3,0,57,552,0%,,,,,
304_300.mp4,4,0,0,0,542,52,0,34,598,0%,,,,,
305_513.mp4,146,9,50,91,569,247,22,827,1134,2%,,,,,
306_278.mp4,65,0,0,0,375,5,4,46,449,1%,,,,,
307_365.mp4,22,0,147,0,90,108,0,128,367,0%,,,,,
308_388.mp4,75,2,77,93,162,18,94,165,521,18%,,,,,
309_303.mp4,13,1,33,134,154,82,159,229,576,28%,,,,,
310_196.mp4,0,0,270,14,9,79,2,75,374,1%,,,,,
311_387.mp4,10,9,95,15,93,36,80,136,338,24%,,,,,
312_021.mp4,4,0,55,0,313,56,0,97,428,0%,,,,,
313_283.mp4,1,0,274,12,114,58,22,158,481,5%,,,,,
314_347.mp4,99,8,110,0,6,193,0,153,416,0%,,,,,
315_322.mp4,183,0,13,17,30,62,0,98,305,0%,,,,,
316_369.mp4,83,0,23,2,178,30,4,103,320,1%,,,,,
317_359.mp4,10,0,5,0,224,49,0,74,288,0%,,,,,
318_334.mp4,58,0,4,37,352,21,3,88,475,1%,,,,,
319_352.mp4,0,0,7,0,414,1,1,18,423,0%,,,,,
320_328.mp4,78,0,33,0,85,62,63,138,321,20%,,,,,
321_288.mp4,60,0,30,0,30,46,377,157,543,69%,,,,,
322_315.mp4,5,0,1,27,247,4,20,49,304,7%,,,,,
323_302.mp4,106,47,12,0,0,291,0,128,456,0%,,,,,
324_356.mp4,63,0,270,2,0,116,2,118,453,0%,,,,,
325_492.mp4,77,1,61,14,118,135,11,205,417,3%,,,,,
326_501.mp4,74,0,19,1,381,41,6,111,522,1%,,,,,
327_329.mp4,24,0,72,0,238,78,3,72,415,1%,,,,,
328_320.mp4,25,0,99,49,60,34,45,166,312,14%,,,,,
329_327.mp4,282,0,5,11,68,21,28,92,415,7%,,,,,
330_162.mp4,0,0,7,7,382,6,10,29,412,2%,,,,,
331_260.mp4,24,9,105,80,24,52,1,100,295,0%,,,,,
332_051.mp4,273,48,69,33,114,148,71,323,756,9%,,,,,
333_377.mp4,3,0,167,0,163,56,11,140,400,3%,,,,,
334_318.mp4,2,0,0,40,196,230,7,64,475,1%,,,,,
335_277.mp4,37,0,99,13,201,173,88,458,611,14%,,,,,
336_338.mp4,12,0,1,18,330,141,7,86,509,1%,,,,,
337_522.mp4,5,6,2,1,318,3,0,23,335,0%,,,,,
338_336.mp4,34,0,46,244,254,118,4,394,700,1%,,,,,
339_392.mp4,146,0,1,11,266,0,33,108,457,7%,,,,,
340_341.mp4,7,0,19,40,218,4,5,61,293,2%,,,,,
341_340.mp4,9,0,0,5,248,31,0,39,293,0%,,,,,
342_416.mp4,125,0,4,5,76,88,0,134,298,0%,,,,,
343_363.mp4,161,0,33,4,27,64,0,79,289,0%,,,,,
344_020.mp4,259,2,51,4,198,124,142,636,780,18%,,,,,
345_259.mp4,14,0,89,60,660,23,3,349,849,0%,,,,,
346_351.mp4,35,0,17,2,6,5,154,78,219,70%,,,,,
347_314.mp4,20,0,2,1,0,2,2,8,27,7%,,,,,
348_202.mp4,1,0,1,0,319,3,2,11,326,1%,,,,,
349_350.mp4,7,0,186,148,205,15,3,336,564,1%,,,,,
350_349.mp4,3,0,10,39,354,6,1,45,413,0%,,,,,
351_346.mp4,63,78,44,6,35,445,1,270,672,0%,,,,,
352_319.mp4,174,0,8,0,244,10,0,117,436,0%,,,,,
353_383.mp4,245,0,0,1,84,12,16,66,358,4%,,,,,
354_362.mp4,9,0,157,27,153,80,1,141,427,0%,,,,,
355_748.mp4,1,0,3,21,293,1,2,29,321,1%,,,,,
356_324.mp4,260,0,102,70,187,127,11,480,757,1%,,,,,
357_432.mp4,0,0,6,346,231,108,0,648,691,0%,,,,,
358_380.mp4,8,0,72,1,363,11,2,59,457,0%,,,,,
359_317.mp4,2,0,24,24,322,2,20,51,394,5%,,,,,
360_437.mp4,29,3,20,27,283,1,7,95,370,2%,,,,,
361_448.mp4,79,0,68,50,141,43,56,180,437,13%,,,,,
362_354.mp4,9,0,66,119,205,143,21,284,563,4%,,,,,
363_343.mp4,0,0,167,2,49,83,0,83,301,0%,,,,,
364_440.mp4,3,0,59,0,290,62,5,86,419,1%,,,,,
365_307.mp4,75,2,188,0,75,29,0,157,369,0%,,,,,
366_473.mp4,40,0,210,50,89,5,10,134,404,2%,,,,,
367_371.mp4,60,0,181,0,272,53,79,278,645,12%,,,,,
368_378.mp4,4,2,84,89,445,134,3,213,761,0%,,,,,
369_316.mp4,0,0,45,27,190,0,58,70,320,18%,,,,,
370_483.mp4,0,2,45,52,143,121,7,131,370,2%,,,,,
371_367.mp4,6,13,69,3,185,23,352,180,651,54%,,,,,
372_413.mp4,0,0,28,22,169,49,111,113,379,29%,,,,,
373_394.mp4,7,0,130,40,249,11,8,166,445,2%,,,,,
374_407.mp4,15,0,29,0,33,425,3,93,505,1%,,,,,
375_251.mp4,21,5,30,3,230,62,1,115,352,0%,,,,,
376_381.mp4,2,0,39,153,127,8,194,197,523,37%,,,,,
377_333.mp4,108,0,36,1,200,53,0,149,398,0%,,,,,
378_368.mp4,71,1,310,20,38,373,0,265,813,0%,,,,,
379_158.mp4,47,0,31,10,135,35,91,146,349,26%,,,,,
380_358.mp4,91,0,34,0,224,98,8,170,455,2%,,,,,
381_376.mp4,3,0,45,0,386,75,7,102,516,1%,,,,,
382_409.mp4,110,2,25,0,121,49,8,114,315,3%,,,,,
383_353.mp4,163,110,74,0,27,1,2,147,377,1%,,,,,
384_932.mp4,27,0,1,0,182,2,240,159,452,53%,,,,,
385_414.mp4,67,18,109,2,3,77,35,135,311,11%,,,,,
386_154.mp4,2,0,7,59,320,0,56,86,444,13%,,,,,
387_311.mp4,1,0,2,0,364,1,0,8,368,0%,,,,,
388_308.mp4,9,0,143,0,118,230,2,132,502,0%,,,,,
389_480.mp4,2,0,132,0,145,40,1,92,320,0%,,,,,
390_709.mp4,2,0,25,120,134,35,6,126,322,2%,,,,,
391_406.mp4,46,0,108,0,350,3,5,109,512,1%,,,,,
392_339.mp4,85,0,22,41,204,58,35,150,445,8%,,,,,
393_405.mp4,1,0,20,0,104,404,2,127,531,0%,,,,,
394_373.mp4,2,0,1,0,380,32,0,38,415,0%,,,,,
395_401.mp4,0,0,40,0,398,10,0,53,448,0%,,,,,
396_272.mp4,13,24,4,4,200,52,26,86,323,8%,,,,,
397_602.mp4,13,1,127,74,110,26,4,111,355,1%,,,,,
398_457.mp4,4,0,64,0,274,7,182,151,531,34%,,,,,
399_488.mp4,16,2,18,58,295,139,6,173,534,1%,,,,,
400_476.mp4,118,0,58,35,84,39,29,198,363,8%,,,,,
401_395.mp4,266,2,67,31,39,26,19,135,450,4%,,,,,
402_453.mp4,20,0,145,10,104,92,59,168,430,14%,,,,,
403_497.mp4,39,1,6,58,446,64,5,110,619,1%,,,,,
404_429.mp4,59,0,242,10,35,109,17,212,472,4%,,,,,
405_393.mp4,85,0,52,0,391,10,94,263,632,15%,,,,,
406_391.mp4,0,1,0,18,513,9,3,47,544,1%,,,,,
407_374.mp4,10,0,334,0,155,7,23,163,529,4%,,,,,
408_424.mp4,3,0,10,52,244,3,0,69,312,0%,,,,,
409_382.mp4,40,0,4,0,251,13,9,72,317,3%,,,,,
410_411.mp4,0,0,17,73,233,188,0,160,511,0%,,,,,
411_410.mp4,28,2,441,238,22,41,64,609,836,8%,,,,,
412_274.mp4,16,0,101,0,179,73,130,192,499,26%,,,,,
413_372.mp4,209,42,0,1,127,0,0,111,379,0%,,,,,
414_385.mp4,0,0,70,115,90,14,26,72,315,8%,,,,,
415_484.mp4,77,0,43,3,175,6,18,118,322,6%,,,,,
416_342.mp4,14,0,7,13,59,54,0,53,147,0%,,,,,
417_496.mp4,486,0,36,58,239,6,38,196,863,4%,,,,,
418_507.mp4,14,4,12,18,195,78,0,98,321,0%,,,,,
419_824.mp4,0,0,117,128,167,479,89,943,980,9%,,,,,
420_257.mp4,42,0,612,0,27,72,10,135,763,1%,,,,,
421_423.mp4,41,0,482,244,162,109,0,276,1038,0%,,,,,
422_695.mp4,1,2,26,57,111,130,0,117,327,0%,,,,,
423_421.mp4,115,0,28,338,128,350,73,341,1032,7%,,,,,
424_408.mp4,0,0,8,93,204,1,0,76,306,0%,,,,,
425_485.mp4,6,2,30,12,280,4,0,57,334,0%,,,,,
426_287.mp4,0,0,325,89,236,4,2,601,656,0%,,,,,
427_637.mp4,47,0,17,14,292,123,14,176,507,3%,,,,,
428_466.mp4,0,0,15,0,172,0,132,75,319,41%,,,,,
429_404.mp4,0,0,53,33,369,0,2,63,457,0%,,,,,
430_459.mp4,2,0,62,0,208,5,80,99,357,22%,,,,,
431_447.mp4,9,0,45,4,277,29,5,111,369,1%,,,,,
432_357.mp4,106,0,29,0,123,55,35,117,348,10%,,,,,
433_498.mp4,251,0,0,0,0,69,0,74,320,0%,,,,,
434_438.mp4,45,0,22,78,191,4,2,74,342,1%,,,,,
435_456.mp4,417,1,23,0,20,16,0,67,477,0%,,,,,
436_526.mp4,43,0,88,6,349,44,1,186,531,0%,,,,,
437_360.mp4,0,0,14,40,310,9,12,74,385,3%,,,,,
438_434.mp4,0,0,5,44,112,1,174,60,336,52%,,,,,
439_441.mp4,0,0,24,31,94,118,34,104,301,11%,,,,,
440_364.mp4,82,0,95,15,151,77,0,165,420,0%,,,,,
441_439.mp4,0,0,146,1,12,117,5,62,281,2%,,,,,
442_195.mp4,15,0,1,213,98,13,1,54,341,0%,,,,,
443_514.mp4,43,0,225,46,259,9,3,471,585,1%,,,,,
444_655.mp4,98,5,125,35,169,4,1,134,437,0%,,,,,
445_494.mp4,307,0,317,267,231,261,0,1190,1383,0%,,,,,
446_667.mp4,81,16,130,130,151,71,0,336,579,0%,,,,,
447_431.mp4,13,2,0,21,256,217,0,289,509,0%,,,,,
448_361.mp4,193,0,8,4,133,48,12,147,398,3%,,,,,
449_451.mp4,5,0,0,10,249,47,0,59,311,0%,,,,,
450_533.mp4,0,0,5,0,544,4,2,16,555,0%,,,,,
451_449.mp4,4,0,50,14,217,16,5,68,306,2%,,,,,
452_550.mp4,62,0,216,1,18,6,163,191,466,35%,,,,,
453_402.mp4,4,0,62,2,273,0,83,90,424,20%,,,,,
454_527.mp4,0,0,20,182,106,34,0,72,342,0%,,,,,
455_471.mp4,3,0,2,0,362,3,0,11,370,0%,,,,,
456_435.mp4,1,0,277,8,76,105,17,138,484,4%,,,,,
457_398.mp4,20,0,11,9,466,35,0,102,541,0%,,,,,
458_722.mp4,15,0,49,20,199,35,16,124,334,5%,,,,,
459_430.mp4,0,0,2,10,352,0,2,24,366,1%,,,,,
460_678.mp4,22,0,22,4,246,6,100,85,400,25%,,,,,
461_250.mp4,19,8,106,2,386,51,4,125,576,1%,,,,,
462_467.mp4,10,0,38,316,31,27,11,99,433,3%,,,,,
463_464.mp4,12,0,104,0,153,30,16,97,315,5%,,,,,
464_463.mp4,97,0,58,0,78,18,64,123,315,20%,,,,,
465_482.mp4,35,89,22,12,66,105,0,88,329,0%,,,,,
466_428.mp4,25,0,25,1,211,62,11,111,335,3%,,,,,
467_462.mp4,21,5,17,58,83,38,0,86,222,0%,,,,,
468_470.mp4,6,0,155,0,299,102,57,189,619,9%,,,,,
469_481.mp4,19,122,127,11,52,60,24,157,415,6%,,,,,
470_468.mp4,62,55,13,12,171,289,0,180,602,0%,,,,,
471_455.mp4,200,5,7,36,174,11,0,200,433,0%,,,,,
472_511.mp4,257,0,29,0,5,1,8,48,300,3%,,,,,
473_366.mp4,49,0,60,18,291,52,29,228,499,6%,,,,,
474_281.mp4,13,2,19,242,27,13,2,71,318,1%,,,,,
475_265.mp4,13,2,27,157,17,3,118,105,337,35%,,,,,
476_400.mp4,2,3,26,28,213,15,23,70,310,7%,,,,,
477_487.mp4,59,0,7,94,183,70,0,191,413,0%,,,,,
478_506.mp4,0,0,86,0,471,110,2,174,669,0%,,,,,
479_706.mp4,0,0,34,230,29,2,33,64,328,10%,,,,,
480_389.mp4,0,0,43,0,153,0,47,69,243,19%,,,,,
481_469.mp4,112,4,8,13,311,13,24,167,485,5%,,,,,
482_465.mp4,0,0,54,55,138,58,29,80,334,9%,,,,,
483_370.mp4,3,0,30,1,66,207,193,311,500,39%,,,,,
484_415.mp4,52,0,52,0,165,47,3,115,319,1%,,,,,
485_425.mp4,143,4,76,6,31,27,49,128,336,15%,,,,,
486_680.mp4,64,0,2,0,56,37,141,99,300,47%,,,,,
487_477.mp4,0,0,18,11,118,1,169,62,317,53%,,,,,
488_399.mp4,1,0,0,89,428,0,0,27,518,0%,,,,,
489_022.mp4,189,0,32,25,62,32,16,106,356,4%,,,,,
490_534.mp4,0,0,4,113,226,27,8,101,378,2%,,,,,
491_226.mp4,2,0,142,9,93,54,36,128,336,11%,,,,,
492_325.mp4,62,6,58,15,173,18,5,143,337,1%,,,,,
493_538.mp4,0,0,3,12,310,29,32,77,386,8%,,,,,
494_445.mp4,69,0,4,20,136,566,0,161,795,0%,,,,,
495_512.mp4,165,1,6,1,277,125,1,144,576,0%,,,,,
496_417.mp4,2,1,4,3,713,114,24,153,861,3%,,,,,
497_403.mp4,270,0,57,108,167,14,5,225,621,1%,,,,,
498_433.mp4,14,0,133,0,95,73,2,117,317,1%,,,,,
499_539.mp4,12,0,23,55,175,27,21,91,313,7%,,,,,
500_592.mp4,79,15,23,146,19,11,0,76,293,0%,,,,,
501_326.mp4,19,0,227,0,154,32,90,189,522,17%,,,,,
502_504.mp4,11,0,173,0,107,37,0,94,328,0%,,,,,
503_756.mp4,17,0,101,20,268,0,181,173,587,31%,,,,,
504_502.mp4,126,0,3,0,145,77,0,129,351,0%,,,,,
505_600.mp4,7,1,7,8,349,1,15,38,388,4%,,,,,
506_478.mp4,15,14,2,79,267,284,8,173,669,1%,,,,,
507_418.mp4,0,0,25,33,221,6,39,79,324,12%,,,,,
508_831.mp4,0,0,2,21,273,24,7,43,327,2%,,,,,
509_525.mp4,103,0,13,54,297,12,0,167,479,0%,,,,,
510_528.mp4,240,0,80,10,213,95,1,562,639,0%,,,,,
511_472.mp4,193,0,54,40,292,58,2,327,639,0%,,,,,
512_495.mp4,84,0,89,4,254,134,2,170,567,0%,,,,,
513_305.mp4,202,0,21,53,93,10,106,155,485,22%,,,,,
514_443.mp4,82,9,28,23,203,3,7,148,355,2%,,,,,
515_519.mp4,114,0,43,36,319,234,5,291,751,1%,,,,,
516_555.mp4,6,0,98,43,213,16,3,176,379,1%,,,,,
517_521.mp4,15,2,89,46,68,89,46,204,355,13%,,,,,
518_131.mp4,16,0,14,3,119,137,0,111,289,0%,,,,,
519_515.mp4,4,0,3,26,718,11,0,65,762,0%,,,,,
520_542.mp4,1,0,43,87,132,19,42,99,324,13%,,,,,
521_517.mp4,0,0,4,0,22,0,2,4,28,7%,,,,,
522_337.mp4,7,0,89,0,364,213,14,468,687,2%,,,,,
523_541.mp4,0,0,42,1,290,32,18,92,383,5%,,,,,
524_580.mp4,0,0,4,24,182,68,14,103,292,5%,,,,,
525_509.mp4,187,0,256,0,23,51,0,165,517,0%,,,,,
526_436.mp4,0,0,39,234,371,78,44,525,766,6%,,,,,
527_454.mp4,3,0,25,109,17,179,10,79,343,3%,,,,,
528_510.mp4,26,0,11,0,304,0,0,33,341,0%,,,,,
529_633.mp4,93,9,75,71,1,90,0,90,339,0%,,,,,
530_594.mp4,1,0,83,4,131,75,1,99,295,0%,,,,,
531_549.mp4,49,0,7,4,187,35,17,69,299,6%,,,,,
532_544.mp4,6,0,67,43,105,30,121,137,372,33%,,,,,
533_450.mp4,0,0,23,0,442,0,93,84,558,17%,,,,,
534_490.mp4,104,25,32,7,97,121,5,168,391,1%,,,,,
535_587.mp4,2,0,116,15,340,16,137,185,626,22%,,,,,
536_540.mp4,0,0,1,116,414,9,56,106,596,9%,,,,,
537_563.mp4,0,3,1,160,9,216,1,57,390,0%,,,,,
538_493.mp4,26,7,13,37,305,7,0,85,395,0%,,,,,
539_499.mp4,24,0,0,5,280,4,0,25,313,0%,,,,,
540_536.mp4,25,0,130,101,111,77,159,215,603,26%,,,,,
541_523.mp4,70,0,101,3,159,37,5,114,375,1%,,,,,
542_520.mp4,14,5,52,8,167,117,1,150,364,0%,,,,,
543_559.mp4,92,0,11,14,169,37,11,103,334,3%,,,,,
544_532.mp4,236,0,46,132,294,38,39,672,785,5%,,,,,
545_553.mp4,23,0,69,7,259,4,6,74,368,2%,,,,,
546_621.mp4,57,35,0,0,259,19,0,65,370,0%,,,,,
547_574.mp4,5,0,164,17,176,24,3,197,389,1%,,,,,
548_632.mp4,0,32,512,291,8,10,0,661,853,0%,,,,,
549_531.mp4,35,0,18,84,108,74,0,97,319,0%,,,,,
550_452.mp4,2,0,105,0,44,292,1,144,444,0%,,,,,
551_631.mp4,43,0,11,52,259,48,21,132,434,5%,,,,,
552_851.mp4,39,0,21,0,25,174,1,76,260,0%,,,,,
553_545.mp4,2,0,2,0,339,22,1,31,366,0%,,,,,
554_572.mp4,43,57,35,19,165,55,23,229,397,6%,,,,,
555_516.mp4,140,12,78,32,71,23,0,102,356,0%,,,,,
556_588.mp4,18,11,85,23,184,45,6,145,372,2%,,,,,
557_560.mp4,36,0,36,114,167,1,9,130,363,2%,,,,,
558_583.mp4,49,0,155,114,127,5,32,176,482,7%,,,,,
559_543.mp4,27,0,20,5,9,19,0,45,80,0%,,,,,
560_557.mp4,0,0,17,12,6,314,0,19,349,0%,,,,,
561_998.mp4,69,8,82,9,110,57,12,129,347,3%,,,,,
562_626.mp4,127,2,194,99,83,102,18,417,625,3%,,,,,
563_537.mp4,124,17,19,149,46,27,3,100,385,1%,,,,,
564_971.mp4,125,0,25,0,115,22,68,115,355,19%,,,,,
565_589.mp4,62,0,115,0,60,126,67,163,430,16%,,,,,
566_617.mp4,23,0,350,72,413,186,8,809,1052,1%,,,,,
567_606.mp4,0,0,242,0,67,11,20,84,340,6%,,,,,
568_628.mp4,0,0,0,0,570,0,0,0,570,0%,,,,,
569_921.mp4,5,0,26,68,155,54,0,106,308,0%,,,,,
570_624.mp4,13,0,6,107,193,9,22,85,350,6%,,,,,
571_746.mp4,137,0,142,1,116,408,3,455,807,0%,,,,,
572_554.mp4,85,0,4,101,89,55,25,148,359,7%,,,,,
573_757.mp4,72,0,74,33,139,62,61,201,441,14%,,,,,
574_547.mp4,107,7,0,0,185,190,0,188,489,0%,,,,,
575_603.mp4,20,0,93,7,76,68,2,124,266,1%,,,,,
576_155.mp4,6,0,1,0,440,14,0,22,461,0%,,,,,
577_593.mp4,82,0,88,219,58,232,0,592,679,0%,,,,,
578_636.mp4,14,20,108,68,3,94,28,147,335,8%,,,,,
579_701.mp4,26,0,3,2,334,21,9,71,395,2%,,,,,
580_524.mp4,116,61,7,59,16,57,0,128,316,0%,,,,,
581_697.mp4,0,0,7,30,318,10,11,49,376,3%,,,,,
582_172.mp4,256,0,45,3,106,15,6,125,431,1%,,,,,
583_558.mp4,87,3,26,129,210,1,43,193,499,9%,,,,,
584_823.mp4,6,0,12,0,69,47,345,121,479,72%,,,,,
585_599.mp4,61,33,53,6,205,21,4,154,383,1%,,,,,
586_223.mp4,0,0,39,44,270,16,26,167,395,7%,,,,,
587_535.mp4,4,0,0,0,622,0,0,8,626,0%,,,,,
588_556.mp4,0,0,0,16,24,332,0,51,372,0%,,,,,
589_565.mp4,72,0,5,0,10,343,0,81,430,0%,,,,,
590_034.mp4,154,17,18,115,98,9,15,154,426,4%,,,,,
591_605.mp4,0,0,1,70,189,387,4,240,651,1%,,,,,
592_500.mp4,4,0,48,21,76,38,103,131,290,36%,,,,,
593_577.mp4,0,0,46,21,205,27,1,65,300,0%,,,,,
594_530.mp4,204,0,37,5,162,167,0,466,575,0%,,,,,
595_597.mp4,4,0,11,9,267,3,7,40,301,2%,,,,,
596_609.mp4,0,0,16,0,429,17,27,65,489,6%,,,,,
597_595.mp4,0,0,17,9,240,25,6,38,297,2%,,,,,
598_178.mp4,11,0,54,14,245,63,134,154,521,26%,,,,,
599_585.mp4,12,0,23,44,301,9,2,110,391,1%,,,,,
600_505.mp4,22,0,0,0,322,44,0,44,388,0%,,,,,
601_653.mp4,27,0,48,18,253,9,9,114,364,2%,,,,,
602_397.mp4,13,0,69,46,425,9,5,201,567,1%,,,,,
603_575.mp4,2,0,1,13,285,0,0,24,301,0%,,,,,
604_703.mp4,10,0,61,186,138,6,9,129,410,2%,,,,,
605_591.mp4,5,0,21,34,417,64,0,120,541,0%,,,,,
606_567.mp4,14,0,1,0,240,86,0,76,341,0%,,,,,
607_683.mp4,0,0,0,11,32,0,87,38,130,67%,,,,,
608_675.mp4,192,14,62,14,1,171,0,198,454,0%,,,,,
609_596.mp4,40,0,199,13,144,63,70,240,529,13%,,,,,
610_692.mp4,79,0,47,37,132,62,0,125,357,0%,,,,,
611_760.mp4,31,17,6,0,166,81,5,70,306,2%,,,,,
612_702.mp4,186,0,24,11,121,44,44,172,430,10%,,,,,
613_685.mp4,89,0,19,17,264,103,0,251,492,0%,,,,,
614_616.mp4,323,16,97,18,70,8,7,208,539,1%,,,,,
615_687.mp4,3,0,63,3,276,14,86,144,445,19%,,,,,
616_614.mp4,36,3,0,0,437,33,0,68,509,0%,,,,,
617_566.mp4,0,0,6,7,302,3,1,29,319,0%,,,,,
618_629.mp4,10,3,52,103,198,13,10,135,389,3%,,,,,
619_620.mp4,249,0,1,6,41,3,5,49,305,2%,,,,,
620_619.mp4,142,0,65,0,128,34,0,191,369,0%,,,,,
621_546.mp4,2,0,2,0,354,12,0,16,370,0%,,,,,
622_647.mp4,127,14,37,24,93,10,78,168,383,20%,,,,,
623_630.mp4,0,0,99,3,17,2,238,111,359,66%,,,,,
624_570.mp4,23,1,103,130,79,82,26,250,444,6%,,,,,
625_650.mp4,0,0,1,0,202,107,17,80,327,5%,,,,,
626_562.mp4,7,0,221,1,210,35,26,174,500,5%,,,,,
627_658.mp4,53,0,10,43,203,34,31,126,374,8%,,,,,
628_568.mp4,229,0,5,0,336,0,0,158,570,0%,,,,,
629_618.mp4,0,0,0,33,341,1,3,27,378,1%,,,,,
630_623.mp4,12,0,0,0,237,103,0,100,352,0%,,,,,
631_551.mp4,17,6,184,45,58,114,0,181,424,0%,,,,,
632_548.mp4,237,0,2,53,104,9,0,150,405,0%,,,,,
633_529.mp4,24,0,59,24,110,3,87,123,307,28%,,,,,
634_660.mp4,12,7,145,38,90,37,10,115,339,3%,,,,,
635_642.mp4,0,0,7,0,85,9,474,110,575,82%,,,,,
636_578.mp4,43,0,33,28,199,313,23,365,639,4%,,,,,
637_427.mp4,2,0,13,78,361,8,0,40,462,0%,,,,,
638_640.mp4,5,0,114,5,233,0,37,194,394,9%,,,,,
639_841.mp4,292,0,12,30,136,48,1,154,519,0%,,,,,
640_638.mp4,15,0,136,10,36,5,4,84,206,2%,,,,,
641_662.mp4,0,0,15,54,146,3,46,75,264,17%,,,,,
642_635.mp4,4,0,13,0,442,130,0,127,589,0%,,,,,
643_646.mp4,1,0,55,87,33,183,8,118,367,2%,,,,,
644_657.mp4,13,3,44,4,289,13,47,106,413,11%,,,,,
645_688.mp4,18,1,62,316,188,21,117,404,723,16%,,,,,
646_643.mp4,14,0,33,76,30,176,35,110,364,10%,,,,,
647_622.mp4,16,0,198,39,104,17,7,102,381,2%,,,,,
648_654.mp4,31,6,66,67,148,86,6,169,410,1%,,,,,
649_816.mp4,16,16,153,174,57,83,3,244,502,1%,,,,,
650_625.mp4,0,0,15,0,307,0,10,30,332,3%,,,,,
651_835.mp4,62,2,52,50,188,25,1,134,380,0%,,,,,
652_773.mp4,5,0,240,114,270,21,41,514,691,6%,,,,,
653_601.mp4,79,0,5,22,234,17,0,75,357,0%,,,,,
654_648.mp4,9,0,13,1,338,50,0,55,411,0%,,,,,
655_444.mp4,3,0,101,4,295,37,5,137,445,1%,,,,,
656_666.mp4,19,0,0,0,357,7,0,30,383,0%,,,,,
657_644.mp4,69,0,31,2,285,26,6,98,419,1%,,,,,
658_627.mp4,0,0,0,0,374,0,0,0,374,0%,,,,,
659_749.mp4,9,0,39,29,464,18,133,178,692,19%,,,,,
660_634.mp4,29,1,121,104,53,5,6,101,319,2%,,,,,
661_670.mp4,24,12,154,69,193,45,1,210,498,0%,,,,,
662_641.mp4,11,43,17,4,23,252,0,76,350,0%,,,,,
663_231.mp4,2,0,1,0,309,2,2,11,316,1%,,,,,
664_668.mp4,8,0,89,62,23,160,0,125,342,0%,,,,,
665_679.mp4,0,0,22,0,216,17,68,86,323,21%,,,,,
666_656.mp4,2,0,27,11,276,0,67,94,383,17%,,,,,
667_446.mp4,0,0,141,178,144,436,11,747,910,1%,,,,,
668_664.mp4,23,1,61,16,171,15,6,101,293,2%,,,,,
669_682.mp4,36,0,196,12,243,0,2,190,489,0%,,,,,
670_661.mp4,21,0,26,0,432,5,0,57,484,0%,,,,,
671_677.mp4,25,18,17,74,106,57,21,134,318,7%,,,,,
672_720.mp4,114,16,29,22,285,74,1,171,541,0%,,,,,
673_728.mp4,32,5,117,41,797,129,15,615,1136,1%,,,,,
674_744.mp4,0,0,5,27,259,5,0,34,296,0%,,,,,
675_608.mp4,294,0,102,0,5,11,9,77,421,2%,,,,,
676_776.mp4,0,0,41,214,8,77,0,71,340,0%,,,,,
677_671.mp4,9,1,10,204,80,1,9,60,314,3%,,,,,
678_460.mp4,0,0,153,68,131,37,24,121,413,6%,,,,,
679_665.mp4,238,9,1,0,5,73,0,89,326,0%,,,,,
680_486.mp4,99,2,43,0,53,166,2,187,365,1%,,,,,
681_711.mp4,0,0,0,0,291,1,0,2,292,0%,,,,,
682_669.mp4,138,0,10,10,350,2,1,138,511,0%,,,,,
683_607.mp4,17,2,91,33,57,77,3,136,280,1%,,,,,
684_717.mp4,0,0,39,0,306,16,16,61,377,4%,,,,,
685_613.mp4,30,0,3,113,120,15,4,87,285,1%,,,,,
686_696.mp4,10,1,59,134,139,4,1,99,348,0%,,,,,
687_615.mp4,7,0,4,10,401,30,0,62,452,0%,,,,,
688_645.mp4,90,24,147,41,279,87,10,318,678,1%,,,,,
689_690.mp4,0,0,5,2,288,12,24,37,331,7%,,,,,
690_689.mp4,3,0,156,0,6,169,33,141,367,9%,,,,,
691_732.mp4,52,26,24,0,365,20,0,147,487,0%,,,,,
692_610.mp4,5,0,106,18,95,207,153,404,584,26%,,,,,
693_698.mp4,13,0,30,0,156,14,91,100,304,30%,,,,,
694_767.mp4,0,0,10,0,282,9,1,22,302,0%,,,,,
695_422.mp4,0,0,10,108,104,9,11,84,242,5%,,,,,
696_686.mp4,11,2,15,0,226,52,36,92,342,11%,,,,,
697_581.mp4,2,0,8,44,319,1,8,50,382,2%,,,,,
698_693.mp4,6,0,20,0,246,21,12,57,305,4%,,,,,
699_734.mp4,12,0,57,0,317,47,92,153,525,18%,,,,,
700_813.mp4,31,34,43,55,108,32,25,146,328,8%,,,,,
701_579.mp4,48,0,251,0,271,64,2,508,636,0%,,,,,
702_612.mp4,105,0,146,3,123,40,5,189,422,1%,,,,,
703_604.mp4,6,0,18,89,2,16,0,53,131,0%,,,,,
704_723.mp4,0,0,37,63,57,272,26,118,455,6%,,,,,
705_707.mp4,57,0,13,0,436,13,21,158,540,4%,,,,,
706_479.mp4,0,0,3,115,208,3,2,66,331,1%,,,,,
707_705.mp4,322,12,36,0,66,60,2,170,498,0%,,,,,
708_772.mp4,14,0,14,33,263,3,17,56,344,5%,,,,,
709_390.mp4,4,0,13,21,268,19,0,57,325,0%,,,,,
710_788.mp4,8,0,99,0,242,27,2,109,378,1%,,,,,
711_681.mp4,0,0,113,10,135,48,6,121,312,2%,,,,,
712_716.mp4,192,12,48,4,2,298,0,213,556,0%,,,,,
713_726.mp4,14,19,102,223,42,4,4,140,408,1%,,,,,
714_842.mp4,284,14,148,76,43,15,101,504,681,15%,,,,,
715_721.mp4,1,0,59,1,440,80,1,128,582,0%,,,,,
716_712.mp4,0,0,179,0,344,55,8,184,586,1%,,,,,
717_684.mp4,0,0,37,26,217,79,16,84,375,4%,,,,,
718_972.mp4,98,67,119,0,3,64,0,169,351,0%,,,,,
719_737.mp4,0,0,0,0,369,0,0,0,369,0%,,,,,
720_672.mp4,4,0,43,60,272,38,83,162,500,17%,,,,,
721_715.mp4,119,0,184,4,199,26,9,209,541,2%,,,,,
722_458.mp4,31,0,109,8,92,10,30,116,280,11%,,,,,
723_704.mp4,3,0,9,19,398,7,9,56,445,2%,,,,,
724_725.mp4,86,0,45,30,266,173,0,203,600,0%,,,,,
725_724.mp4,1,0,70,5,203,87,245,203,611,40%,,,,,
726_713.mp4,6,0,9,80,202,46,67,117,410,16%,,,,,
727_729.mp4,205,6,50,21,67,215,1,226,565,0%,,,,,
728_673.mp4,4,21,65,199,283,188,18,415,778,2%,,,,,
729_727.mp4,7,0,0,1,541,1,0,15,550,0%,,,,,
730_815.mp4,254,77,6,12,48,55,0,140,452,0%,,,,,
731_741.mp4,131,0,135,0,118,65,68,318,517,13%,,,,,
732_691.mp4,173,7,8,117,13,0,3,127,321,1%,,,,,
733_935.mp4,0,0,0,2,485,0,31,24,518,6%,,,,,
734_699.mp4,64,0,7,0,309,144,0,109,524,0%,,,,,
735_774.mp4,15,0,6,48,225,37,19,114,350,5%,,,,,
736_785.mp4,101,0,217,3,430,85,13,606,849,2%,,,,,
737_719.mp4,26,0,3,0,341,1,0,39,371,0%,,,,,
738_804.mp4,2,0,16,67,225,22,15,65,347,4%,,,,,
739_865.mp4,5,1,10,129,149,8,2,47,304,1%,,,,,
740_796.mp4,0,0,17,178,97,30,11,75,333,3%,,,,,
741_731.mp4,82,0,187,0,27,56,18,121,370,5%,,,,,
742_775.mp4,1,0,39,7,461,51,0,94,559,0%,,,,,
743_750.mp4,0,0,14,9,221,87,30,149,361,8%,,,,,
744_674.mp4,36,0,50,3,181,19,5,81,294,2%,,,,,
745_777.mp4,17,0,168,0,87,72,4,95,348,1%,,,,,
746_571.mp4,54,7,262,0,278,135,4,497,740,1%,,,,,
747_854.mp4,48,0,0,0,246,0,0,48,294,0%,,,,,
748_355.mp4,11,0,69,11,72,93,76,143,332,23%,,,,,
749_659.mp4,72,1,31,0,65,583,60,258,812,7%,,,,,
750_743.mp4,34,47,31,30,84,88,8,120,322,2%,,,,,
751_752.mp4,1,0,65,88,57,61,22,100,294,7%,,,,,
752_751.mp4,30,0,0,24,276,1,0,46,331,0%,,,,,
753_789.mp4,12,10,70,71,208,7,0,110,378,0%,,,,,
754_758.mp4,117,2,0,11,57,210,0,119,397,0%,,,,,
755_759.mp4,205,0,29,0,188,11,7,196,440,2%,,,,,
756_503.mp4,1,0,0,57,447,23,0,65,528,0%,,,,,
757_573.mp4,2,0,120,14,14,182,122,169,454,27%,,,,,
758_754.mp4,0,0,27,25,267,7,45,70,371,12%,,,,,
759_755.mp4,26,2,5,44,535,30,0,201,642,0%,,,,,
760_611.mp4,84,0,6,84,186,10,3,232,373,1%,,,,,
761_766.mp4,0,0,1,23,277,0,36,45,337,11%,,,,,
762_832.mp4,0,0,5,4,389,17,1,38,416,0%,,,,,
763_930.mp4,0,0,0,5,28,2,0,6,35,0%,,,,,
764_850.mp4,227,0,42,4,137,209,62,548,681,9%,,,,,
765_867.mp4,346,0,23,38,73,343,270,1046,1093,25%,,,,,
766_761.mp4,15,0,32,0,54,270,7,98,378,2%,,,,,
767_694.mp4,104,0,18,0,69,108,0,94,299,0%,,,,,
768_793.mp4,128,0,91,2,46,63,0,111,330,0%,,,,,
769_784.mp4,1,0,5,16,446,7,14,46,489,3%,,,,,
770_791.mp4,46,0,4,54,220,12,3,76,339,1%,,,,,
771_849.mp4,72,0,13,0,113,4,120,126,322,37%,,,,,
772_708.mp4,0,4,76,78,13,38,71,141,280,25%,,,,,
773_652.mp4,0,0,3,20,350,85,0,76,458,0%,,,,,
774_735.mp4,0,88,105,4,106,10,0,106,313,0%,,,,,
775_742.mp4,249,0,23,110,116,5,51,213,554,9%,,,,,
776_676.mp4,33,0,48,205,65,11,13,136,375,3%,,,,,
777_745.mp4,0,0,0,0,324,0,0,0,324,0%,,,,,
778_798.mp4,5,0,5,0,286,32,2,33,330,1%,,,,,
779_794.mp4,66,0,29,0,152,101,0,178,348,0%,,,,,
780_869.mp4,80,6,60,0,94,29,75,132,344,22%,,,,,
781_806.mp4,0,0,136,0,4,156,5,74,301,2%,,,,,
782_787.mp4,3,0,54,0,342,135,0,153,534,0%,,,,,
783_916.mp4,192,189,173,1,14,18,2,396,589,0%,,,,,
784_769.mp4,8,0,41,3,452,291,52,618,847,6%,,,,,
785_736.mp4,1,0,109,3,66,241,3,160,423,1%,,,,,
786_819.mp4,10,9,53,57,295,145,7,251,576,1%,,,,,
787_782.mp4,89,0,76,0,250,67,67,306,549,12%,,,,,
788_710.mp4,95,1,15,0,13,250,4,91,378,1%,,,,,
789_753.mp4,6,32,39,254,164,76,6,201,577,1%,,,,,
790_014.mp4,124,3,26,20,382,191,0,330,746,0%,,,,,
791_770.mp4,47,4,3,58,49,147,2,94,310,1%,,,,,
792_903.mp4,238,0,19,5,109,12,2,85,385,1%,,,,,
793_768.mp4,9,7,66,0,238,10,0,73,330,0%,,,,,
794_779.mp4,84,0,61,41,123,118,0,244,427,0%,,,,,
795_907.mp4,1,0,58,38,298,55,62,149,512,12%,,,,,
796_740.mp4,2,16,14,124,208,2,6,103,372,2%,,,,,
797_844.mp4,169,37,4,1,58,170,0,159,439,0%,,,,,
798_778.mp4,29,1,110,14,147,6,25,116,332,8%,,,,,
799_809.mp4,32,0,1,5,14,316,0,55,368,0%,,,,,
800_840.mp4,60,4,79,4,159,16,16,118,338,5%,,,,,
801_855.mp4,124,0,13,358,21,313,0,738,829,0%,,,,,
802_885.mp4,4,0,35,0,107,15,168,111,329,51%,,,,,
803_017.mp4,1,0,115,37,119,15,2,89,289,1%,,,,,
804_738.mp4,6,0,89,42,56,182,2,125,377,1%,,,,,
805_011.mp4,57,0,3,0,244,2,0,41,306,0%,,,,,
806_781.mp4,8,0,1,0,270,15,7,27,301,2%,,,,,
807_273.mp4,102,0,11,4,10,205,33,132,365,9%,,,,,
808_829.mp4,8,0,131,50,103,273,12,236,577,2%,,,,,
809_799.mp4,1,0,0,0,189,69,0,41,259,0%,,,,,
810_838.mp4,64,0,32,56,177,133,0,164,462,0%,,,,,
811_920.mp4,174,0,7,2,37,148,0,142,368,0%,,,,,
812_821.mp4,199,1,0,82,406,17,1,420,706,0%,,,,,
813_700.mp4,2,0,188,29,75,47,19,154,360,5%,,,,,
814_871.mp4,33,1,4,131,171,0,10,77,350,3%,,,,,
815_730.mp4,56,5,196,15,47,140,0,145,459,0%,,,,,
816_649.mp4,2,0,0,14,387,0,10,23,413,2%,,,,,
817_827.mp4,18,11,22,92,59,179,6,185,387,2%,,,,,
818_820.mp4,130,11,447,0,391,30,0,899,1009,0%,,,,,
819_786.mp4,54,0,64,156,330,9,0,304,613,0%,,,,,
820_818.mp4,27,2,14,171,212,0,41,165,467,9%,,,,,
821_812.mp4,50,1,62,11,243,0,2,117,369,1%,,,,,
822_244.mp4,125,11,85,1,9,63,14,121,308,5%,,,,,
823_584.mp4,58,0,119,0,419,91,0,455,687,0%,,,,,
824_419.mp4,40,1,29,784,378,12,6,824,1250,0%,,,,,
825_074.mp4,0,4,7,0,313,6,15,35,345,4%,,,,,
826_833.mp4,40,0,58,0,29,150,4,123,281,1%,,,,,
827_817.mp4,7,42,55,1,5,17,185,78,312,59%,,,,,
828_830.mp4,39,0,0,0,158,121,1,81,319,0%,,,,,
829_808.mp4,9,0,231,80,204,145,0,220,669,0%,,,,,
830_828.mp4,22,0,85,254,205,263,5,688,834,1%,,,,,
831_508.mp4,8,0,67,32,145,28,69,126,349,20%,,,,,
832_762.mp4,8,0,205,103,134,88,11,324,549,2%,,,,,
833_826.mp4,4,0,128,20,146,49,40,164,387,10%,,,,,
834_852.mp4,100,0,0,0,135,68,0,92,303,0%,,,,,
835_651.mp4,2,0,186,7,272,58,7,301,532,1%,,,,,
836_950.mp4,5,0,0,0,39,296,0,28,340,0%,,,,,
837_890.mp4,4,0,24,69,112,103,29,116,341,9%,,,,,
838_810.mp4,50,13,238,18,100,31,7,186,457,2%,,,,,
839_864.mp4,2,9,88,0,8,211,8,84,326,2%,,,,,
840_800.mp4,28,0,0,0,276,1,33,59,338,10%,,,,,
841_639.mp4,17,0,5,12,206,5,274,124,519,53%,,,,,
842_714.mp4,0,0,12,1,6,1,0,11,20,0%,,,,,
843_859.mp4,67,0,1,7,84,159,0,89,318,0%,,,,,
844_797.mp4,2,0,5,7,406,11,3,40,434,1%,,,,,
845_846.mp4,125,0,24,31,147,86,0,219,413,0%,,,,,
846_845.mp4,23,1,56,0,157,100,16,124,353,5%,,,,,
847_906.mp4,72,0,120,1,24,15,71,148,303,23%,,,,,
848_894.mp4,198,3,46,18,36,67,0,163,368,0%,,,,,
849_771.mp4,72,3,0,0,210,37,0,99,322,0%,,,,,
850_764.mp4,0,0,36,25,184,111,0,104,356,0%,,,,,
851_552.mp4,226,0,1,0,19,25,0,45,271,0%,,,,,
852_834.mp4,0,0,137,9,96,9,48,101,299,16%,,,,,
853_863.mp4,24,1,101,157,113,93,24,175,513,5%,,,,,
854_747.mp4,72,0,64,17,101,1,0,93,255,0%,,,,,
855_801.mp4,293,12,9,45,95,50,3,233,507,1%,,,,,
856_881.mp4,58,0,55,0,522,4,0,96,639,0%,,,,,
857_909.mp4,171,0,0,39,4,1,6,45,221,3%,,,,,
858_861.mp4,101,0,0,0,187,195,0,118,483,0%,,,,,
859_843.mp4,0,0,5,3,14,296,0,35,318,0%,,,,,
860_905.mp4,24,0,85,25,280,91,22,283,527,4%,,,,,
861_858.mp4,153,0,74,0,173,70,17,169,487,3%,,,,,
862_047.mp4,0,0,13,13,260,17,16,61,319,5%,,,,,
863_853.mp4,212,4,1,60,227,8,0,146,512,0%,,,,,
864_839.mp4,108,0,6,0,24,188,0,119,326,0%,,,,,
865_739.mp4,35,0,0,151,53,11,56,109,306,18%,,,,,
866_878.mp4,183,14,2,92,12,209,0,171,512,0%,,,,,
867_765.mp4,2,0,1,41,334,0,11,46,389,3%,,,,,
868_949.mp4,28,0,35,76,145,33,114,149,431,26%,,,,,
869_780.mp4,137,0,217,44,607,231,65,1007,1301,5%,,,,,
870_001.mp4,276,4,1,0,40,140,0,130,461,0%,,,,,
871_814.mp4,4,0,31,155,148,10,0,74,348,0%,,,,,
872_873.mp4,8,0,110,14,407,52,0,277,591,0%,,,,,
873_872.mp4,73,0,349,1,702,455,126,1401,1706,7%,,,,,
874_291.mp4,139,0,10,2,147,36,5,114,339,1%,,,,,
875_979.mp4,41,0,138,24,123,48,30,209,404,7%,,,,,
876_891.mp4,71,0,183,1,6,1,13,65,275,5%,,,,,
877_886.mp4,319,7,42,1,61,155,1,240,586,0%,,,,,
878_866.mp4,0,0,45,58,313,25,2,114,443,0%,,,,,
879_963.mp4,6,0,67,0,340,269,5,190,687,1%,,,,,
880_135.mp4,1,0,3,0,344,1,0,9,349,0%,,,,,
881_856.mp4,0,0,45,0,584,9,0,73,638,0%,,,,,
882_952.mp4,13,55,51,115,115,14,0,162,363,0%,,,,,
883_013.mp4,1,0,51,114,137,30,0,81,333,0%,,,,,
884_968.mp4,2,4,39,212,14,31,0,55,302,0%,,,,,
885_802.mp4,0,0,9,0,295,19,6,39,329,2%,,,,,
886_877.mp4,67,0,109,6,328,15,0,149,525,0%,,,,,
887_275.mp4,8,0,0,0,132,130,0,97,270,0%,,,,,
888_937.mp4,87,5,102,0,70,44,0,156,308,0%,,,,,
889_045.mp4,0,0,116,47,79,250,13,330,505,3%,,,,,
890_837.mp4,25,0,2,126,147,6,35,75,341,10%,,,,,
891_876.mp4,1,0,1,2,185,39,0,30,228,0%,,,,,
892_112.mp4,1,0,12,40,273,5,0,63,331,0%,,,,,
893_913.mp4,14,0,156,38,166,155,0,184,529,0%,,,,,
894_848.mp4,192,0,4,93,67,37,1,191,394,0%,,,,,
895_915.mp4,62,0,4,0,113,115,0,83,294,0%,,,,,
896_128.mp4,4,0,171,6,169,180,0,199,530,0%,,,,,
897_969.mp4,52,4,9,15,226,24,18,121,348,5%,,,,,
898_922.mp4,0,0,0,0,348,1,0,2,349,0%,,,,,
899_914.mp4,0,78,9,0,78,146,0,88,311,0%,,,,,
900_926.mp4,69,1,0,0,102,178,0,120,350,0%,,,,,
901_902.mp4,39,0,1,0,57,199,0,58,296,0%,,,,,
902_901.mp4,13,1,52,8,182,24,28,118,308,9%,,,,,
903_792.mp4,19,0,39,0,242,2,81,108,383,21%,,,,,
904_046.mp4,4,0,12,5,144,130,65,108,360,18%,,,,,
905_860.mp4,9,0,39,13,84,21,2,79,168,1%,,,,,
906_847.mp4,61,0,34,7,94,74,33,129,303,11%,,,,,
907_795.mp4,0,0,226,166,246,86,28,487,752,4%,,,,,
908_207.mp4,26,0,121,23,71,14,92,131,347,27%,,,,,
909_857.mp4,335,8,6,50,196,40,2,217,637,0%,,,,,
910_911.mp4,36,0,13,0,14,67,164,109,294,56%,,,,,
911_910.mp4,101,0,109,12,141,99,0,331,462,0%,,,,,
912_927.mp4,32,2,21,0,15,66,3,74,139,2%,,,,,
913_893.mp4,12,0,93,0,192,15,44,130,356,12%,,,,,
914_899.mp4,20,0,3,122,185,27,0,146,357,0%,,,,,
915_895.mp4,11,0,13,29,213,19,21,119,306,7%,,,,,
916_783.mp4,12,0,6,16,244,26,92,142,396,23%,,,,,
917_924.mp4,22,0,67,26,195,38,108,202,456,24%,,,,,
918_934.mp4,0,0,8,0,358,11,0,26,377,0%,,,,,
919_015.mp4,157,6,95,23,82,33,41,140,437,9%,,,,,
920_811.mp4,121,0,9,41,177,36,0,93,384,0%,,,,,
921_569.mp4,2,0,4,79,41,3,2,50,131,2%,,,,,
922_898.mp4,4,0,54,0,285,6,0,26,349,0%,,,,,
923_023.mp4,20,0,170,1,201,142,22,235,556,4%,,,,,
924_917.mp4,72,6,69,2,231,65,11,193,456,2%,,,,,
925_933.mp4,45,0,31,32,89,245,0,228,442,0%,,,,,
926_900.mp4,0,0,13,0,311,12,2,43,338,1%,,,,,
927_912.mp4,17,1,425,0,136,100,18,256,697,3%,,,,,
928_160.mp4,84,0,22,5,203,7,55,114,376,15%,,,,,
929_962.mp4,12,0,1,27,411,9,5,63,465,1%,,,,,
930_763.mp4,0,2,77,179,327,96,9,402,690,1%,,,,,
931_936.mp4,0,0,14,9,214,2,58,62,297,20%,,,,,
932_384.mp4,4,0,52,7,12,59,1,77,135,1%,,,,,
933_925.mp4,29,0,88,0,116,5,129,159,367,35%,,,,,
934_918.mp4,16,0,6,11,308,180,56,365,577,10%,,,,,
935_733.mp4,24,0,1,5,400,111,0,93,541,0%,,,,,
936_931.mp4,0,0,3,1,284,1,2,14,291,1%,,,,,
937_888.mp4,144,0,66,0,76,19,0,111,305,0%,,,,,
938_987.mp4,16,0,2,0,15,335,1,53,369,0%,,,,,
939_115.mp4,0,0,90,1,6,220,3,74,320,1%,,,,,
940_941.mp4,0,0,0,31,218,15,45,64,309,15%,,,,,
941_940.mp4,25,0,19,149,42,70,4,94,309,1%,,,,,
942_943.mp4,27,0,41,1,0,437,0,91,506,0%,,,,,
943_942.mp4,77,0,271,66,11,131,1,317,557,0%,,,,,
944_032.mp4,0,0,137,10,46,3,33,66,229,14%,,,,,
945_044.mp4,0,0,57,2,256,1,23,72,339,7%,,,,,
946_049.mp4,9,1,11,20,41,273,14,91,369,4%,,,,,
947_951.mp4,9,0,35,1,551,44,2,64,642,0%,,,,,
948_965.mp4,1,0,12,7,262,34,32,82,348,9%,,,,,
949_868.mp4,2,0,82,122,133,25,67,117,431,16%,,,,,
950_836.mp4,0,0,62,125,42,125,3,113,357,1%,,,,,
951_947.mp4,64,0,76,3,137,260,180,302,720,25%,,,,,
952_882.mp4,0,0,8,123,236,16,0,114,383,0%,,,,,
953_974.mp4,24,0,96,131,47,52,17,165,367,5%,,,,,
954_976.mp4,0,0,96,3,144,49,39,128,331,12%,,,,,
955_078.mp4,0,0,82,0,426,1,14,107,523,3%,,,,,
956_958.mp4,6,0,21,8,314,27,24,99,400,6%,,,,,
957_959.mp4,1,0,6,2,389,15,16,48,429,4%,,,,,
958_956.mp4,2,0,9,11,367,0,3,25,392,1%,,,,,
959_957.mp4,14,0,7,4,80,327,0,90,432,0%,,,,,
960_999.mp4,17,3,96,57,70,52,1,101,296,0%,,,,,
961_069.mp4,15,8,75,3,167,70,11,148,349,3%,,,,,
962_929.mp4,11,1,29,4,406,0,9,58,460,2%,,,,,
963_879.mp4,13,0,413,3,181,7,77,214,694,11%,,,,,
964_174.mp4,5,1,14,230,134,38,8,141,430,2%,,,,,
965_948.mp4,0,0,9,10,208,0,121,99,348,35%,,,,,
966_988.mp4,33,0,76,8,85,151,11,149,364,3%,,,,,
967_984.mp4,19,18,24,8,350,109,0,279,528,0%,,,,,
968_884.mp4,14,9,20,116,117,7,10,102,293,3%,,,,,
969_897.mp4,0,0,29,0,214,59,52,109,354,15%,,,,,
970_973.mp4,176,11,67,1,90,131,0,201,476,0%,,,,,
971_564.mp4,36,0,6,1,202,72,25,95,342,7%,,,,,
972_718.mp4,0,0,16,5,251,8,31,60,311,10%,,,,,
973_970.mp4,57,1,67,2,332,46,5,165,510,1%,,,,,
974_953.mp4,1,0,219,5,25,70,1,73,321,0%,,,,,
975_978.mp4,77,1,39,9,135,13,34,99,308,11%,,,,,
976_954.mp4,119,0,56,22,56,94,2,151,349,1%,,,,,
977_075.mp4,77,6,42,105,311,45,27,187,613,4%,,,,,
978_975.mp4,12,6,53,37,175,30,20,129,333,6%,,,,,
979_875.mp4,18,12,223,0,33,46,0,97,332,0%,,,,,
980_992.mp4,102,9,25,0,105,142,0,142,383,0%,,,,,
981_985.mp4,0,0,16,17,315,39,5,112,392,1%,,,,,
982_004.mp4,152,0,38,8,50,48,1,107,297,0%,,,,,
983_113.mp4,120,11,22,5,120,116,13,154,407,3%,,,,,
984_967.mp4,6,0,21,4,297,14,5,56,347,1%,,,,,
985_981.mp4,147,31,303,11,115,79,5,648,691,1%,,,,,
986_994.mp4,12,11,93,19,132,8,44,126,319,14%,,,,,
987_938.mp4,167,1,5,2,194,1,0,101,370,0%,,,,,
988_966.mp4,2,0,0,2,360,0,0,6,364,0%,,,,,
989_993.mp4,47,36,105,1,120,39,60,192,408,15%,,,,,
990_008.mp4,1,0,2,21,218,58,1,49,301,0%,,,,,
991_064.mp4,20,2,2,0,173,203,2,111,402,0%,,,,,
992_980.mp4,0,0,8,16,82,15,265,110,386,69%,,,,,
993_989.mp4,45,9,43,148,102,46,16,153,409,4%,,,,,
994_986.mp4,13,0,14,143,307,11,1,224,489,0%,,,,,
995_233.mp4,18,0,5,27,148,387,0,193,585,0%,,,,,
996_056.mp4,116,45,1,4,3,140,0,89,309,0%,,,,,
997_040.mp4,15,0,67,32,273,76,13,153,476,3%,,,,,
998_561.mp4,56,6,9,0,243,10,20,69,344,6%,,,,,
999_960.mp4,0,0,7,99,95,5,0,35,206,0%,,,,,
