檔案名稱,影片秒數,眨眼次數,平均眨眼秒數,,,
000_003.mp4,12.12,4,3.581009865,,18.172,1.741006142
001_870.mp4,24.16,8,2.446146488,,,
002_006.mp4,10.33333333,23,0.646543254,,,
003_000.mp4,15.84,37,0.497184383,,,
004_982.mp4,33.8,38,0.936183285,,,
005_010.mp4,18.96,4,6.531359752,,,
006_002.mp4,23.1,4,5.912211577,,,
007_132.mp4,16.52,25,0.783944527,,,
008_990.mp4,12.2,6,2.520545483,,,
009_027.mp4,10.5,22,0.652038835,,,
010_005.mp4,15.4,7,2.930599411,,,
011_805.mp4,17.125,14,1.493622725,,,
012_026.mp4,12.88,9,1.559319228,,,
013_883.mp4,17.32,0,0,,,
014_790.mp4,23,54,0.589467737,,,
015_919.mp4,17.8,26,0.975741377,,,
016_209.mp4,11.23333333,6,2.311410618,,,
017_803.mp4,11.88,3,4.051540732,,,
018_019.mp4,46.16666667,66,0.970919991,,,
019_018.mp4,14.4,5,1.916401565,,,
020_344.mp4,25.24,61,0.498406696,,,
021_312.mp4,14.26666667,32,0.621048066,,,
022_489.mp4,18.86666667,4,2.964725256,,,
023_923.mp4,24.08,0,0,,,
024_073.mp4,28.12,13,2.526135246,,,
025_067.mp4,17.93333333,0,0,,,
026_012.mp4,14.52,21,0.797597408,,,
027_009.mp4,19.6,13,2.154175222,,,
028_068.mp4,13.36666667,1,0,,,
029_048.mp4,19.4,0,0,,,
030_193.mp4,12.4,12,1.072590633,,,
031_163.mp4,10.13333333,21,0.693432426,,,
032_944.mp4,11.4,15,0.879115633,,,
033_097.mp4,19.12,42,0.519230185,,,
034_590.mp4,20,31,0.882906993,,,
035_036.mp4,13.48,0,0,,,
036_035.mp4,16.92,7,2.748573542,,,
037_072.mp4,12.44,2,10.33230686,,,
038_125.mp4,16.66666667,3,3.216164231,,,
039_058.mp4,22.3,27,1.172709749,,,
040_997.mp4,17.52,4,2.374179999,,,
041_063.mp4,37.2,58,0.715040654,,,
042_084.mp4,15.625,15,1.034464632,,,
043_110.mp4,18.83333333,43,0.579764627,,,
044_945.mp4,25.36666667,39,0.896374012,,,
045_889.mp4,13.16,1,0,,,
046_904.mp4,11.96666667,1,0,,,
047_862.mp4,15.66666667,21,1.064229846,,,
048_029.mp4,16.64,15,1.230340702,,,
049_946.mp4,15.4,10,2.204270813,,,
050_059.mp4,28.84,61,0.54460543,,,
051_332.mp4,27.8,34,0.944764368,,,
052_108.mp4,10,1,0,,,
053_095.mp4,40.24,3,0.823194385,,,
054_071.mp4,15.1,8,2.444846869,,,
055_147.mp4,22.23333333,29,1.069208605,,,
056_996.mp4,12.48,27,0.52727813,,,
057_070.mp4,14.68,8,2.205060516,,,
058_039.mp4,20.3,61,0.458360183,,,
059_050.mp4,21.2,43,0.572898536,,,
060_088.mp4,26.6,51,0.573174019,,,
061_080.mp4,19.32,26,0.837342396,,,
062_066.mp4,14.5,11,1.764446878,,,
063_041.mp4,13.96,23,0.710388996,,,
064_991.mp4,16.08,22,0.764839468,,,
065_089.mp4,30.04,51,0.69864006,,,
066_062.mp4,14.1,43,0.459705733,,,
067_025.mp4,24.9,13,2.813950837,,,
068_028.mp4,14.46666667,1,0,,,
069_961.mp4,10.76666667,10,1.563054323,,,
070_057.mp4,17.24,26,0.778322611,,,
071_054.mp4,12.26666667,11,1.522061133,,,
072_037.mp4,18.16,3,9.51388073,,,
073_024.mp4,12.24,0,0,,,
074_825.mp4,21.88,1,0,,,
075_977.mp4,21.7,0,0,,,
076_079.mp4,14.13333333,24,0.838275847,,,
077_100.mp4,16.92,0,0,,,
078_955.mp4,21.24,16,1.591180897,,,
079_076.mp4,10.96666667,2,13.26136923,,,
080_061.mp4,13.48,8,1.851473434,,,
081_087.mp4,12.36,10,1.319337765,,,
082_103.mp4,23.8,0,0,,,
083_213.mp4,12.6,23,0.942338423,,,
084_042.mp4,22.53333333,15,1.296276212,,,
085_124.mp4,12.72,7,1.749489546,,,
086_090.mp4,22.9,7,3.856058002,,,
087_081.mp4,46.8,16,3.473684645,,,
088_060.mp4,33.76,9,4.260455877,,,
089_065.mp4,17.68,33,0.621598564,,,
090_086.mp4,31.16666667,8,3.229981797,,,
091_116.mp4,10.9,0,0,,,
092_098.mp4,11.96,29,0.473635086,,,
093_121.mp4,23.04166667,0,0,,,
094_111.mp4,17.32,23,0.864587719,,,
095_053.mp4,16.68,5,2.248328328,,,
096_101.mp4,38.26666667,0,0,,,
097_033.mp4,32.36,76,0.48380724,,,
098_092.mp4,18.4,40,0.529634635,,,
099_295.mp4,16.44,11,2.171390796,,,
100_077.mp4,24.44,7,2.772116303,,,
101_096.mp4,16.8,2,17.08668828,,,
102_114.mp4,50.76,127,0.455795065,,,
103_082.mp4,12.64,2,4.410360098,,,
104_126.mp4,10.93333333,16,0.904096619,,,
105_180.mp4,18.96666667,16,1.34396944,,,
106_198.mp4,13.06666667,5,2.143013299,,,
107_109.mp4,11.92,19,0.749409278,,,
108_052.mp4,10.76666667,8,1.351299082,,,
109_107.mp4,22.24,1,0,,,
110_043.mp4,16.5,31,0.745756761,,,
111_094.mp4,22.36,53,0.486511162,,,
112_892.mp4,10.36666667,7,2.420573751,,,
113_983.mp4,16.24,3,0.468512893,,,
114_102.mp4,15.56,5,3.413427413,,,
115_939.mp4,17.03333333,51,0.461684484,,,
116_091.mp4,21.3,12,1.757595019,,,
117_217.mp4,28.08,22,1.335746425,,,
118_120.mp4,16.2,41,0.463315696,,,
119_123.mp4,17.72413793,1,0,,,
120_118.mp4,14.08,0,0,,,
121_093.mp4,12.83333333,2,4.080287218,,,
122_144.mp4,11.86206897,14,1.084144702,,,
123_119.mp4,16.73333333,12,2.058460777,,,
124_085.mp4,13.16,0,0,,,
125_038.mp4,10.16666667,1,0,,,
126_104.mp4,15.4,27,0.645368759,,,
127_129.mp4,11,3,4.892095089,,,
128_896.mp4,21.24,36,0.692066179,,,
129_127.mp4,28.8,87,0.463681629,,,
130_139.mp4,15.12,2,7.711199999,,,
131_518.mp4,16.38888889,0,0,,,
132_007.mp4,20.2,7,3.761167447,,,
133_148.mp4,15.83333333,3,3.899295211,,,
134_192.mp4,9.566666667,4,2.975579659,,,
135_880.mp4,18.125,44,0.465174653,,,
136_285.mp4,12.76666667,9,1.107448131,,,
137_165.mp4,15.48,27,0.665464502,,,
138_142.mp4,38.48,0,0,,,
139_130.mp4,26.48,4,3.749541283,,,
140_143.mp4,16.56,40,0.474554172,,,
141_161.mp4,12.3,3,4.825017333,,,
142_138.mp4,16.4,25,0.749020358,,,
143_140.mp4,19.4,49,0.46133321,,,
144_122.mp4,10.3,4,2.837949832,,,
145_299.mp4,20.93333333,0,0,,,
146_256.mp4,22.75,17,1.408821523,,,
147_055.mp4,13.13333333,27,0.677577945,,,
148_133.mp4,25.56666667,28,1.198441832,,,
149_152.mp4,12.52,0,0,,,
150_153.mp4,29.28,14,2.486442071,,,
151_225.mp4,10.13333333,0,0,,,
152_149.mp4,14.52,0,0,,,
153_150.mp4,18.24,22,0.949064981,,,
154_386.mp4,14.96666667,4,3.037233114,,,
155_576.mp4,18.44,0,0,,,
156_243.mp4,15.48,3,0.862887859,,,
157_245.mp4,13.36,17,0.925981089,,,
158_379.mp4,11.36666667,31,0.501461411,,,
159_175.mp4,20.16,51,0.458704724,,,
160_928.mp4,12.53333333,1,0,,,
161_141.mp4,16.93333333,2,13.85765409,,,
162_330.mp4,13.56666667,24,0.784380457,,,
163_031.mp4,16.06666667,36,0.627098301,,,
164_216.mp4,19.04,6,1.910182571,,,
165_137.mp4,24.24,20,1.129574976,,,
166_167.mp4,13.64,4,4.109065135,,,
167_166.mp4,30.24,0,0,,,
168_222.mp4,13.56666667,0,0,,,
169_227.mp4,14.7,4,1.467175722,,,
170_186.mp4,11.13333333,13,1.538659374,,,
171_173.mp4,24.03333333,35,0.984331839,,,
172_582.mp4,14.36666667,44,0.456677143,,,
173_171.mp4,18.03333333,14,1.42946003,,,
174_964.mp4,15.03333333,5,1.897911429,,,
175_159.mp4,13,31,0.483274706,,,
176_190.mp4,11.03333333,2,6.656904459,,,
177_211.mp4,21.08,24,1.026059016,,,
178_598.mp4,27.44,24,1.163482158,,,
179_212.mp4,13.83333333,42,0.458332312,,,
180_105.mp4,10,2,12.02357507,,,
181_199.mp4,12.26666667,36,0.465663522,,,
182_242.mp4,11.03333333,0,0,,,
183_253.mp4,16.7,0,0,,,
184_205.mp4,12.28,3,5.592724323,,,
185_276.mp4,13.24,2,0.806683064,,,
186_170.mp4,16.8,26,1.078211899,,,
187_234.mp4,17.6,40,0.623375868,,,
188_191.mp4,12.4,7,2.715856075,,,
189_200.mp4,28.76,23,1.489309116,,,
190_176.mp4,12.53333333,21,0.950946474,,,
191_188.mp4,10.33333333,2,3.189079285,,,
192_134.mp4,11.53333333,7,1.727501035,,,
193_030.mp4,9.9,7,2.155197859,,,
194_235.mp4,12.48,14,1.090793426,,,
195_442.mp4,14.2,10,1.401401414,,,
196_310.mp4,15,17,0.981894135,,,
197_224.mp4,19.52,21,1.102308214,,,
198_106.mp4,11.86666667,34,0.482898936,,,
199_181.mp4,15.93333333,16,1.391685232,,,
200_189.mp4,20.48,29,0.836880897,,,
201_203.mp4,17.84,3,2.106338859,,,
202_348.mp4,16.56,15,1.227746095,,,
203_201.mp4,34.52,29,1.38529196,,,
204_230.mp4,12.4,4,0.78276825,,,
205_184.mp4,50.16,1,0,,,
206_221.mp4,28.72,0,0,,,
207_908.mp4,27.79166667,4,4.77636989,,,
208_215.mp4,23.52,0,0,,,
209_016.mp4,22.6,66,0.479568819,,,
210_241.mp4,9.733333333,29,0.465815374,,,
211_177.mp4,16.4,40,0.483671268,,,
212_179.mp4,42,19,3.091127488,,,
213_083.mp4,18.16666667,6,4.153560162,,,
214_255.mp4,15.66666667,24,0.904725365,,,
215_208.mp4,18.6,5,1.5380404,,,
216_164.mp4,40.84,17,2.653171405,,,
217_117.mp4,21.92,37,0.806058592,,,
218_239.mp4,23.52,49,0.554730361,,,
219_220.mp4,14.28,6,1.919987679,,,
220_219.mp4,14,0,0,,,
221_206.mp4,28.56,0,0,,,
222_168.mp4,40.93333333,0,0,,,
223_586.mp4,6.316666667,5,2.974162042,,,
224_197.mp4,35.2,4,7.457888524,,,
225_151.mp4,11.56666667,0,0,,,
226_491.mp4,14.23333333,24,0.83420682,,,
227_169.mp4,21.63333333,31,0.989147941,,,
228_289.mp4,23.88,4,5.527208964,,,
229_247.mp4,15.96,3,5.943306804,,,
230_204.mp4,17.16666667,1,0,,,
231_663.mp4,12.64,26,0.575408125,,,
232_248.mp4,16.53333333,4,2.471211672,,,
233_995.mp4,18.26666667,33,0.765563346,,,
234_187.mp4,32.86666667,9,5.425111502,,,
235_194.mp4,22.68,22,1.116991463,,,
236_237.mp4,30.28,22,1.580523797,,,
237_236.mp4,26.04,30,0.955096903,,,
238_282.mp4,23.76,24,1.009181199,,,
239_218.mp4,14.12,9,1.910931766,,,
240_290.mp4,14.06666667,20,0.987766479,,,
241_210.mp4,27.96666667,30,1.217720361,,,
242_182.mp4,20.66666667,0,0,,,
243_156.mp4,20.72,8,1.11638798,,,
244_822.mp4,11.88,3,2.955568552,,,
245_157.mp4,19.44,10,2.211973561,,,
246_258.mp4,16.6,1,0,,,
247_229.mp4,15.68,5,4.217236519,,,
248_232.mp4,19.13333333,7,2.590718786,,,
249_280.mp4,20.2,31,0.939821792,,,
250_461.mp4,24.48,20,1.196308462,,,
251_375.mp4,14.12,6,3.119768476,,,
252_266.mp4,18.6,47,0.469238566,,,
253_183.mp4,13,12,1.591433633,,,
254_261.mp4,27.08,16,1.61713411,,,
255_214.mp4,15.4,11,1.235591602,,,
256_146.mp4,41.79166667,2,5.847110033,,,
257_420.mp4,45.04,68,0.761639143,,,
258_246.mp4,16.53333333,19,1.261902452,,,
259_345.mp4,16.92,41,0.474588317,,,
260_331.mp4,18.76,17,1.312345102,,,
261_254.mp4,17.08,1,0,,,
262_301.mp4,30.52,7,5.778462251,,,
263_284.mp4,16.1,28,0.773067333,,,
264_271.mp4,16.33333333,30,0.787807243,,,
265_475.mp4,13.48,6,2.541224098,,,
266_252.mp4,22.88,56,0.469672047,,,
267_286.mp4,22.26666667,62,0.508439404,,,
268_269.mp4,12.9,29,0.629561271,,,
269_268.mp4,48.83333333,69,0.966853843,,,
270_297.mp4,15.6,39,0.46529022,,,
271_264.mp4,15.16666667,1,0,,,
272_396.mp4,17.5,35,0.682580702,,,
273_807.mp4,21.66666667,14,2.287826813,,,
274_412.mp4,19.06666667,0,0,,,
275_887.mp4,13.56,0,0,,,
276_185.mp4,35,49,0.794410015,,,
277_335.mp4,12.8,39,0.462968437,,,
278_306.mp4,29.12,10,3.630616003,,,
279_298.mp4,18.96666667,3,0.456471801,,,
280_249.mp4,21.06666667,7,4.824207028,,,
281_474.mp4,9.866666667,0,0,,,
282_238.mp4,24.88,6,3.788324356,,,
283_313.mp4,16.03333333,41,0.52723158,,,
284_263.mp4,10,7,1.963314732,,,
285_136.mp4,20.36666667,18,1.344036369,,,
286_267.mp4,10.2,21,0.685897565,,,
287_426.mp4,11.16666667,7,1.554689606,,,
288_321.mp4,22.68,4,8.447371006,,,
289_228.mp4,22.24,30,0.863320532,,,
290_240.mp4,42.46666667,25,2.35412845,,,
291_874.mp4,15.63333333,18,1.45727152,,,
292_294.mp4,20.13333333,10,2.663397604,,,
293_296.mp4,13.44,16,0.77499431,,,
294_292.mp4,14.16666667,10,1.877507448,,,
295_099.mp4,24.52,8,2.24799381,,,
296_293.mp4,30.32,1,0,,,
297_270.mp4,12.44,5,3.327806354,,,
298_279.mp4,30.2,65,0.610483401,,,
299_145.mp4,31.66666667,1,0,,,
300_304.mp4,24.4,13,1.730454226,,,
301_262.mp4,15.88,11,1.539781809,,,
302_323.mp4,18.24,1,0,,,
303_309.mp4,34,38,1.000029886,,,
304_300.mp4,23.92,5,6.031534255,,,
305_513.mp4,19.76,50,0.465105242,,,
306_278.mp4,17.96,13,1.21915408,,,
307_365.mp4,14.76,8,1.013816425,,,
308_388.mp4,21.2,54,0.551464657,,,
309_303.mp4,22.84,0,0,,,
310_196.mp4,17.04,42,0.478073015,,,
311_387.mp4,17.6,51,0.488388662,,,
312_021.mp4,14.36666667,9,2.002698332,,,
313_283.mp4,32.2,19,2.189500915,,,
314_347.mp4,15.26666667,46,0.466516733,,,
315_322.mp4,10.43333333,0,0,,,
316_369.mp4,10.66666667,0,0,,,
317_359.mp4,15.2,11,1.709066987,,,
318_334.mp4,53.56,4,14.91426921,,,
319_352.mp4,16.84,27,0.693784008,,,
320_328.mp4,10.63333333,3,0.475878954,,,
321_288.mp4,21.72,0,0,,,
322_315.mp4,10.13333333,4,4.047776222,,,
323_302.mp4,35,13,3.182215492,,,
324_356.mp4,22.32,13,2.042854031,,,
325_492.mp4,11.56666667,34,0.474708131,,,
326_501.mp4,20.88,15,1.653881226,,,
327_329.mp4,13.83333333,1,0,,,
328_320.mp4,16.8,27,0.9009531,,,
329_327.mp4,16.5,15,1.317670499,,,
330_162.mp4,22.83333333,7,4.573719263,,,
331_260.mp4,12.08,9,1.015568137,,,
332_051.mp4,28.68,61,0.534405398,,,
333_377.mp4,13.26666667,38,0.478291299,,,
334_318.mp4,19,0,0,,,
335_277.mp4,32.2,86,0.524537858,,,
336_338.mp4,35.56,1,0,,,
337_522.mp4,28.52,50,0.656911733,,,
338_336.mp4,20.28,15,1.628721816,,,
339_392.mp4,49.86666667,104,0.652488359,,,
340_341.mp4,27.56666667,10,4.241976526,,,
341_340.mp4,9.766666667,8,1.547359569,,,
342_416.mp4,12.52,7,2.323381623,,,
343_363.mp4,18.92,8,1.407082149,,,
344_020.mp4,15.6,31,0.593533111,,,
345_259.mp4,17.76,24,0.781534475,,,
346_351.mp4,22.8,4,7.060772975,,,
347_314.mp4,13.76666667,10,1.864487807,,,
348_202.mp4,12.92,0,0,,,
349_350.mp4,16.2,16,1.09447306,,,
350_349.mp4,18.84,0,0,,,
351_346.mp4,20.5,57,0.49557648,,,
352_319.mp4,28.68,23,1.419086543,,,
353_383.mp4,15.5,11,1.724499464,,,
354_362.mp4,15.16666667,12,1.795405886,,,
355_748.mp4,10.6,7,2.998918414,,,
356_324.mp4,49.96,125,0.464482113,,,
357_432.mp4,12,36,0.465378645,,,
358_380.mp4,15.16666667,0,0,,,
359_317.mp4,22.73333333,5,3.42808193,,,
360_437.mp4,23.72,41,0.68295567,,,
361_448.mp4,17.6,29,0.858331374,,,
362_354.mp4,15.33333333,5,2.826734006,,,
363_343.mp4,11.96,30,0.460081273,,,
364_440.mp4,16.76,42,0.464844907,,,
365_307.mp4,15.12,38,0.458092928,,,
366_473.mp4,22.96,0,0,,,
367_371.mp4,28.72,0,0,,,
368_378.mp4,25.36666667,59,0.598662023,,,
369_316.mp4,18.86666667,6,4.189197874,,,
370_483.mp4,12.5,6,2.133372831,,,
371_367.mp4,25.96,4,9.595250686,,,
372_413.mp4,15.16,2,2.14591527,,,
373_394.mp4,16.8,26,0.745458527,,,
374_407.mp4,20.16,30,0.803858371,,,
375_251.mp4,13.84,2,6.84606123,,,
376_381.mp4,23.12,2,3.7769382,,,
377_333.mp4,14.3,22,0.921864407,,,
378_368.mp4,25.36666667,1,0,,,
379_158.mp4,14.8,27,0.682643661,,,
380_358.mp4,17.8,0,0,,,
381_376.mp4,20.6,7,2.665753444,,,
382_409.mp4,14.44,14,1.1471655,,,
383_353.mp4,11.93333333,10,1.848687755,,,
384_932.mp4,19.36,3,9.461287618,,,
385_414.mp4,19.56666667,16,1.616635656,,,
386_154.mp4,19.8,37,0.950256917,,,
387_311.mp4,12.26666667,7,1.341410597,,,
388_308.mp4,16.73333333,0,0,,,
389_480.mp4,19.4,6,3.714373302,,,
390_709.mp4,12.5,6,2.479420233,,,
391_406.mp4,20.48,1,0,,,
392_339.mp4,15.23333333,35,0.611615139,,,
393_405.mp4,21.24,2,23.49260283,,,
394_373.mp4,24.08,6,2.897146893,,,
395_401.mp4,16.4,48,0.484897766,,,
396_272.mp4,10.76666667,11,1.457519484,,,
397_602.mp4,22.23333333,53,0.733093248,,,
398_457.mp4,21.12,23,1.057196238,,,
399_488.mp4,17.26666667,0,0,,,
400_476.mp4,12.4,8,1.343014785,,,
401_395.mp4,14.93333333,35,0.586197495,,,
402_453.mp4,21.5,50,0.764845746,,,
403_497.mp4,20.7,63,0.455779487,,,
404_429.mp4,18.28,23,0.940826286,,,
405_393.mp4,23.16,5,6.420508146,,,
406_391.mp4,21.88,6,1.869740343,,,
407_374.mp4,23.44,38,0.62252863,,,
408_424.mp4,12.44,17,0.775896028,,,
409_382.mp4,12.52,15,0.813362956,,,
410_411.mp4,17.63333333,23,1.155871467,,,
411_410.mp4,15.3,17,1.524306729,,,
412_274.mp4,15.8,12,1.740296711,,,
413_372.mp4,19.44,4,6.390925884,,,
414_385.mp4,11.63333333,16,1.22268575,,,
415_484.mp4,10.63333333,29,0.50059998,,,
416_342.mp4,12.08,30,0.472860961,,,
417_496.mp4,49.86666667,1,0,,,
418_507.mp4,19.54166667,0,0,,,
419_824.mp4,9.616666667,52,0.522161152,,,
420_257.mp4,30.52,74,0.476482254,,,
421_423.mp4,72.56,65,1.265491255,,,
422_695.mp4,10.33333333,14,1.39085942,,,
423_421.mp4,41.52,16,3.147414128,,,
424_408.mp4,12.24,0,0,,,
425_485.mp4,26.76666667,67,0.565822359,,,
426_287.mp4,15.83333333,0,0,,,
427_637.mp4,8.5,0,0,,,
428_466.mp4,11.13333333,9,1.403478533,,,
429_404.mp4,31.92,72,0.511416257,,,
430_459.mp4,17.53333333,3,7.492128015,,,
431_447.mp4,10.86666667,27,0.573160456,,,
432_357.mp4,11.53333333,0,0,,,
433_498.mp4,12.68,20,0.764902893,,,
434_438.mp4,18.06666667,17,1.487653852,,,
435_456.mp4,24.32,15,1.679421016,,,
436_526.mp4,27.93333333,8,4.971545253,,,
437_360.mp4,15.4,20,0.921209135,,,
438_434.mp4,11.23333333,0,0,,,
439_441.mp4,10.16666667,2,1.997400522,,,
440_364.mp4,25.92,60,0.502197488,,,
441_439.mp4,15.4,27,0.742830616,,,
442_195.mp4,13.32,24,0.748174056,,,
443_514.mp4,14.44,9,1.450854272,,,
444_655.mp4,22.6,25,1.298569153,,,
445_494.mp4,32.08,80,0.464685012,,,
446_667.mp4,18.76,37,0.734905799,,,
447_431.mp4,20.53333333,25,1.112859984,,,
448_361.mp4,15.16666667,28,0.749081179,,,
449_451.mp4,12.76666667,1,0,,,
450_533.mp4,18.6,13,2.534035484,,,
451_449.mp4,10.2,31,0.463651244,,,
452_550.mp4,14.8,6,3.875956726,,,
453_402.mp4,14.1,9,1.163375109,,,
454_527.mp4,11.4,7,2.562904278,,,
455_471.mp4,21.6,23,1.00661617,,,
456_435.mp4,19.04,0,0,,,
457_398.mp4,23.28,10,2.312960201,,,
458_722.mp4,16.5,16,0.865242227,,,
459_430.mp4,11.9,9,1.592662722,,,
460_678.mp4,13.33333333,8,1.857273272,,,
461_250.mp4,22.56,0,0,,,
462_467.mp4,14.1,31,0.640419531,,,
463_464.mp4,16.16,18,1.035668303,,,
464_463.mp4,12.6,16,0.82308259,,,
465_482.mp4,11.8,3,1.921370983,,,
466_428.mp4,18,0,0,,,
467_462.mp4,19.5,5,5.307539046,,,
468_470.mp4,36.2,21,1.960736215,,,
469_481.mp4,13.8,39,0.505636272,,,
470_468.mp4,23.88,23,1.186515906,,,
471_455.mp4,14.8,7,2.645338893,,,
472_511.mp4,32.36,8,3.641273567,,,
473_366.mp4,16.16,26,0.654177837,,,
474_281.mp4,10.3,1,0,,,
475_265.mp4,22.08,17,1.453860715,,,
476_400.mp4,14.28,27,0.560216519,,,
477_487.mp4,10.63333333,3,4.042882562,,,
478_506.mp4,22.26666667,22,1.41557211,,,
479_706.mp4,10.93333333,0,0,,,
480_389.mp4,12.56,0,0,,,
481_469.mp4,13.8,7,2.82797873,,,
482_465.mp4,10.96666667,6,0.761927509,,,
483_370.mp4,13.2,2,7.565339565,,,
484_415.mp4,18.76666667,52,0.496323099,,,
485_425.mp4,11.2,32,0.492307978,,,
486_680.mp4,12,1,0,,,
487_477.mp4,12.16666667,19,0.825687938,,,
488_399.mp4,28.73333333,84,0.47821971,,,
489_022.mp4,10.83333333,6,0.718122864,,,
490_534.mp4,15.36,16,1.243840011,,,
491_226.mp4,10.93333333,6,2.277809858,,,
492_325.mp4,47.36666667,137,0.480729101,,,
493_538.mp4,23.84,32,0.855495399,,,
494_445.mp4,42.12,19,2.52982737,,,
495_512.mp4,30,73,0.468261275,,,
496_417.mp4,28.7,27,1.263338703,,,
497_403.mp4,23.56666667,66,0.500555215,,,
498_433.mp4,21.28,53,0.473743673,,,
499_539.mp4,10.43333333,16,0.896377309,,,
500_592.mp4,12.76666667,1,0,,,
501_326.mp4,36.56,52,0.814230007,,,
502_504.mp4,10.56666667,29,0.508169711,,,
503_756.mp4,19,0,0,,,
504_502.mp4,10.56666667,5,2.581938088,,,
505_600.mp4,12.93333333,9,2.039569974,,,
506_478.mp4,24.96666667,33,0.974233523,,,
507_418.mp4,13.29166667,16,1.097331587,,,
508_831.mp4,10.9,0,0,,,
509_525.mp4,17.23333333,2,7.256116867,,,
510_528.mp4,15.08,27,0.640588531,,,
511_472.mp4,19.16,13,1.723412057,,,
512_495.mp4,22.92,14,1.868773167,,,
513_305.mp4,33.72,81,0.476011676,,,
514_443.mp4,45.84,84,0.596756631,,,
515_519.mp4,30.04,57,0.609516565,,,
516_555.mp4,19.06666667,7,2.90100499,,,
517_521.mp4,10.13333333,0,0,,,
518_131.mp4,20.4,31,0.46438477,,,
519_515.mp4,30.64,66,0.526630141,,,
520_542.mp4,12.8,8,1.864074094,,,
521_517.mp4,12.43333333,16,1.058872048,,,
522_337.mp4,13.24,31,0.498674798,,,
523_541.mp4,15.6,5,3.080061078,,,
524_580.mp4,9.733333333,4,1.937234561,,,
525_509.mp4,18.76666667,57,0.463474819,,,
526_436.mp4,17.26666667,10,2.233072837,,,
527_454.mp4,12.8,0,0,,,
528_510.mp4,13.6,26,0.597199345,,,
529_633.mp4,17.06666667,2,17.23872852,,,
530_594.mp4,11.76,0,0,,,
531_549.mp4,24.96,23,1.284577879,,,
532_544.mp4,11.83333333,2,3.823528051,,,
533_450.mp4,25.8,22,2.080385798,,,
534_490.mp4,25.4,49,0.616900151,,,
535_587.mp4,20.86666667,1,0,,,
536_540.mp4,38.28,2,23.93504834,,,
537_563.mp4,13,39,0.468743582,,,
538_493.mp4,15.8,1,0,,,
539_499.mp4,17.13333333,52,0.460095247,,,
540_536.mp4,24.12,1,0,,,
541_523.mp4,15,27,0.624548738,,,
542_520.mp4,14,6,2.283353376,,,
543_559.mp4,13.36,32,0.486137121,,,
544_532.mp4,13.03333333,7,2.865582585,,,
545_553.mp4,12.13333333,9,1.500934511,,,
546_621.mp4,12.33333333,6,2.934014511,,,
547_574.mp4,20.28,0,0,,,
548_632.mp4,17.08,5,3.110303938,,,
549_531.mp4,12.76,11,1.394532704,,,
550_452.mp4,20.2,12,2.061352816,,,
551_631.mp4,16.96,3,5.694014311,,,
552_851.mp4,34.70833333,2,1.768557787,,,
553_545.mp4,14.53333333,16,1.312555424,,,
554_572.mp4,11.56666667,26,0.615561895,,,
555_516.mp4,11.8,17,1.160742,,,
556_588.mp4,21.76,12,2.201244701,,,
557_560.mp4,11.63333333,34,0.484680335,,,
558_583.mp4,15.83333333,8,2.326313393,,,
559_543.mp4,28.72,45,0.728663927,,,
560_557.mp4,16.96666667,1,0,,,
561_998.mp4,11.46666667,5,4.513618588,,,
562_626.mp4,32.5,3,13.35833359,,,
563_537.mp4,12.83333333,4,5.109348138,,,
564_971.mp4,11.8,12,1.725650419,,,
565_589.mp4,27.44,69,0.459023174,,,
566_617.mp4,12.48,1,0,,,
567_606.mp4,15.48,33,0.483077392,,,
568_628.mp4,35.8,73,0.563169542,,,
569_921.mp4,9.866666667,5,3.654617727,,,
570_624.mp4,14,2,8.868569851,,,
571_746.mp4,16.43333333,22,1.060270128,,,
572_554.mp4,27.6,14,2.454289932,,,
573_757.mp4,14.7,5,2.204827487,,,
574_547.mp4,19.84,49,0.470473424,,,
575_603.mp4,11.84,3,2.579056382,,,
576_155.mp4,33.16,70,0.554488666,,,
577_593.mp4,17.83333333,0,0,,,
578_636.mp4,11.16666667,4,2.218361775,,,
579_701.mp4,13.1,24,0.943826354,,,
580_524.mp4,17.56666667,8,3.361656155,,,
581_697.mp4,15.5,43,0.608286909,,,
582_172.mp4,25.06666667,6,3.063520145,,,
583_558.mp4,17.83333333,2,7.657388926,,,
584_823.mp4,28,1,0,,,
585_599.mp4,13.26666667,24,0.745332117,,,
586_223.mp4,5.6,0,0,,,
587_535.mp4,22.23333333,1,0,,,
588_556.mp4,14.88,0,0,,,
589_565.mp4,17.2,0,0,,,
590_034.mp4,13.56666667,13,1.902694424,,,
591_605.mp4,26.56,25,1.164632012,,,
592_500.mp4,9.733333333,11,1.350804806,,,
593_577.mp4,11.46666667,15,1.342793941,,,
594_530.mp4,28.64,16,2.009677394,,,
595_597.mp4,9.9,5,1.739577889,,,
596_609.mp4,19.56,0,0,,,
597_595.mp4,18.83333333,9,2.747696549,,,
598_178.mp4,20.84,0,0,,,
599_585.mp4,11.96666667,33,0.508279741,,,
600_505.mp4,18.1,36,0.697910534,,,
601_653.mp4,24.36666667,0,0,,,
602_397.mp4,11.83333333,7,2.971836329,,,
603_575.mp4,22.28,44,0.60313619,,,
604_703.mp4,12.5,8,2.14184274,,,
605_591.mp4,21.64,32,0.805841615,,,
606_567.mp4,13.6,0,0,,,
607_683.mp4,10.06666667,4,3.952762206,,,
608_675.mp4,16.84,8,1.309472152,,,
609_596.mp4,22.28,27,0.961848204,,,
610_692.mp4,14.16,10,1.563246038,,,
611_760.mp4,10.2,10,1.005008035,,,
612_702.mp4,24.96666667,7,5.467597167,,,
613_685.mp4,20.88,48,0.508951324,,,
614_616.mp4,26.52,29,1.011774446,,,
615_687.mp4,18.76,9,2.343581885,,,
616_614.mp4,20.28,51,0.461090369,,,
617_566.mp4,28.92,1,0,,,
618_629.mp4,39.6,12,3.569016066,,,
619_620.mp4,25.12,16,1.430462535,,,
620_619.mp4,12.2,5,3.015327036,,,
621_546.mp4,23.8,11,3.167727113,,,
622_647.mp4,23.3,23,1.412899624,,,
623_630.mp4,16.92,1,0,,,
624_570.mp4,17.2,2,1.557964087,,,
625_650.mp4,27.72,0,0,,,
626_562.mp4,15.56666667,7,3.121572455,,,
627_658.mp4,16.16,30,0.630158778,,,
628_568.mp4,22.8,39,0.658855689,,,
629_618.mp4,15.28,4,2.959262212,,,
630_623.mp4,14.08,16,0.865476449,,,
631_551.mp4,29.08,26,1.307097864,,,
632_548.mp4,22.92,44,0.773151309,,,
633_529.mp4,11.16666667,5,1.955251217,,,
634_660.mp4,13.6,0,0,,,
635_642.mp4,22.92,4,5.965590477,,,
636_578.mp4,18.8,5,4.909125566,,,
637_427.mp4,9.36,3,8.315762877,,,
638_640.mp4,10.2,11,1.315491104,,,
639_841.mp4,17.3,25,1.005678127,,,
640_638.mp4,23.26666667,61,0.542796127,,,
641_662.mp4,16.53333333,33,0.718074724,,,
642_635.mp4,30.56,2,0.469877481,,,
643_646.mp4,14.66666667,16,1.105108007,,,
644_657.mp4,21.84,4,5.081592162,,,
645_688.mp4,19.03333333,11,2.243490052,,,
646_643.mp4,12.13333333,10,1.447898918,,,
647_622.mp4,12.36666667,0,0,,,
648_654.mp4,16.4,11,1.685738444,,,
649_816.mp4,13.7,8,2.305127382,,,
650_625.mp4,13.28,12,1.275048148,,,
651_835.mp4,17.04,15,1.379811151,,,
652_773.mp4,19.3,21,1.26112076,,,
653_601.mp4,12.13333333,37,0.456853509,,,
654_648.mp4,18.84,3,2.114070177,,,
655_444.mp4,14.56666667,28,0.727060971,,,
656_666.mp4,15.32,21,0.854646719,,,
657_644.mp4,16.52,9,1.785058439,,,
658_627.mp4,14.96,24,0.690255134,,,
659_749.mp4,23.1,18,1.806055055,,,
660_634.mp4,13.52,4,2.577688773,,,
661_670.mp4,19.24,27,0.846651031,,,
662_641.mp4,11.66666667,2,0.456463575,,,
663_231.mp4,22.92,18,1.376152698,,,
664_668.mp4,13.26666667,20,0.95014138,,,
665_679.mp4,16.64,17,1.12215519,,,
666_656.mp4,20.2,25,0.78850475,,,
667_446.mp4,16.92,9,2.722353816,,,
668_664.mp4,9.766666667,6,1.852100611,,,
669_682.mp4,38.6,1,0,,,
670_661.mp4,20.52,6,3.803680563,,,
671_677.mp4,10.46666667,2,1.226218939,,,
672_720.mp4,18.8,26,0.999513569,,,
673_728.mp4,18.93333333,0,0,,,
674_744.mp4,9.8,14,1.123367383,,,
675_608.mp4,48.2,121,0.465156198,,,
676_776.mp4,11.03333333,18,0.86777523,,,
677_671.mp4,11.43333333,9,1.982982337,,,
678_460.mp4,21.33333333,17,2.360188007,,,
679_665.mp4,12.96,12,1.341631282,,,
680_486.mp4,22.56,12,1.844150543,,,
681_711.mp4,11.68,21,0.629885113,,,
682_669.mp4,19.56,49,0.457486495,,,
683_607.mp4,15.13333333,0,0,,,
684_717.mp4,12.46666667,0,0,,,
685_613.mp4,16.6,28,0.736869697,,,
686_696.mp4,16.2,8,1.280261074,,,
687_615.mp4,18.08,1,0,,,
688_645.mp4,18.46666667,37,0.701894217,,,
689_690.mp4,11.03333333,34,0.457501527,,,
690_689.mp4,15.16666667,0,0,,,
691_732.mp4,17.04,29,0.755975059,,,
692_610.mp4,15.76,12,1.87238923,,,
693_698.mp4,12.16,2,11.65413523,,,
694_767.mp4,16.28,26,0.677975006,,,
695_422.mp4,10.53333333,1,0,,,
696_686.mp4,13.68,28,0.564765683,,,
697_581.mp4,12.73333333,28,0.600581646,,,
698_693.mp4,23.8,10,2.805558708,,,
699_734.mp4,43.92,35,1.401011151,,,
700_813.mp4,15,11,1.535970831,,,
701_579.mp4,15.86666667,26,1.119510508,,,
702_612.mp4,14,40,0.495417088,,,
703_604.mp4,27.5,11,3.017338037,,,
704_723.mp4,29.2,1,0,,,
705_707.mp4,34.46666667,9,4.90285483,,,
706_479.mp4,16.26666667,8,3.02737706,,,
707_705.mp4,15.76666667,45,0.491719284,,,
708_772.mp4,13.64,7,2.536213875,,,
709_390.mp4,33.70833333,0,0,,,
710_788.mp4,21.36,22,1.058125541,,,
711_681.mp4,33.6,80,0.659837626,,,
712_716.mp4,25.12,3,0.466544986,,,
713_726.mp4,13.66666667,21,1.210456562,,,
714_842.mp4,17.88,17,1.141100436,,,
715_721.mp4,19.36666667,54,0.49946498,,,
716_712.mp4,22,15,1.785744497,,,
717_684.mp4,16.56666667,5,8.244977593,,,
718_972.mp4,12.44,22,0.8396591,,,
719_737.mp4,14.76,3,5.253369927,,,
720_672.mp4,18.03333333,16,1.520342032,,,
721_715.mp4,28.53333333,22,1.47653582,,,
722_458.mp4,14.625,12,1.655008706,,,
723_704.mp4,18,7,2.465869864,,,
724_725.mp4,23.3,13,2.817419887,,,
725_724.mp4,20,0,0,,,
726_713.mp4,17.56666667,0,0,,,
727_729.mp4,25.44,53,0.555010974,,,
728_673.mp4,19.73333333,45,0.579953486,,,
729_727.mp4,22.16,56,0.459957725,,,
730_815.mp4,18.08,45,0.468012869,,,
731_741.mp4,14.8,30,0.577936584,,,
732_691.mp4,21.6,53,0.475104566,,,
733_935.mp4,21.6,0,0,,,
734_699.mp4,20.96,47,0.508821125,,,
735_774.mp4,10.43333333,0,0,,,
736_785.mp4,16.52,31,0.614707788,,,
737_719.mp4,16.08,16,1.145119715,,,
738_804.mp4,11.96666667,3,6.969447017,,,
739_865.mp4,6.94,0,0,,,
740_796.mp4,41.70833333,20,2.889011571,,,
741_731.mp4,31.12,7,5.706754446,,,
742_775.mp4,18.63333333,16,1.658916362,,,
743_750.mp4,14.7,21,0.957105136,,,
744_674.mp4,12.23333333,28,0.571915053,,,
745_777.mp4,10.83333333,9,1.775481164,,,
746_571.mp4,19.2,20,1.192836598,,,
747_854.mp4,11.76,26,0.539285164,,,
748_355.mp4,16.63333333,2,5.701704979,,,
749_659.mp4,33.36666667,45,1.045627876,,,
750_743.mp4,10.36666667,8,2.55894678,,,
751_752.mp4,33.86666667,60,0.765143641,,,
752_751.mp4,11.03333333,5,1.853922307,,,
753_789.mp4,18.9,13,1.502528926,,,
754_758.mp4,13.03333333,0,0,,,
755_759.mp4,14.46666667,14,1.170272717,,,
756_503.mp4,22.46666667,0,0,,,
757_573.mp4,20.43333333,12,2.376806346,,,
758_754.mp4,13.36666667,0,0,,,
759_755.mp4,11.2,0,0,,,
760_611.mp4,21.5,59,0.51361759,,,
761_766.mp4,34.4,22,1.620090507,,,
762_832.mp4,22.12,24,1.08983979,,,
763_930.mp4,14.93333333,14,1.529395709,,,
764_850.mp4,20.4,2,5.67736721,,,
765_867.mp4,49.63333333,0,0,,,
766_761.mp4,13.72,1,0,,,
767_694.mp4,11.96,13,1.009389758,,,
768_793.mp4,23.6,43,0.652801111,,,
769_784.mp4,18.56666667,3,8.554807067,,,
770_791.mp4,11.1,9,1.1435844,,,
771_849.mp4,12.88,1,0,,,
772_708.mp4,21.96,24,1.060203832,,,
773_652.mp4,15.2,42,0.499349431,,,
774_735.mp4,26.73333333,7,5.960925182,,,
775_742.mp4,20.76666667,0,0,,,
776_676.mp4,17.16666667,0,0,,,
777_745.mp4,18.96666667,23,1.047394622,,,
778_798.mp4,12.36666667,15,1.163465551,,,
779_794.mp4,35.16,84,0.492136384,,,
780_869.mp4,13.32,2,10.04848075,,,
781_806.mp4,12.04,1,0,,,
782_787.mp4,20.08,45,0.513035552,,,
783_916.mp4,16.13333333,3,4.050102592,,,
784_769.mp4,16.13333333,27,0.844026703,,,
785_736.mp4,16.56,14,1.054468393,,,
786_819.mp4,37.08,3,17.53164208,,,
787_782.mp4,22.24,22,1.185659454,,,
788_710.mp4,15.12,38,0.464658866,,,
789_753.mp4,22.86666667,3,7.201240063,,,
790_014.mp4,22.53333333,41,0.553797913,,,
791_770.mp4,21.76666667,0,0,,,
792_903.mp4,22.68,45,0.580558831,,,
793_768.mp4,13.2,13,1.113100807,,,
794_779.mp4,12.24,16,0.845749505,,,
795_907.mp4,17.5,3,3.856136799,,,
796_740.mp4,14.5,9,1.783970416,,,
797_844.mp4,28.4,82,0.478646864,,,
798_778.mp4,10.93333333,1,0,,,
799_809.mp4,14.68,1,0,,,
800_840.mp4,28,49,0.79293628,,,
801_855.mp4,25.2,8,1.88156053,,,
802_885.mp4,13.16,0,0,,,
803_017.mp4,13.26666667,1,0,,,
804_738.mp4,13.9,21,0.889876556,,,
805_011.mp4,26.33333333,62,0.474932202,,,
806_781.mp4,19,1,0,,,
807_273.mp4,10.73333333,5,3.803536534,,,
808_829.mp4,26.7,16,2.23892072,,,
809_799.mp4,49.08,82,0.687136306,,,
810_838.mp4,15.23333333,6,3.892285252,,,
811_920.mp4,14.84,15,1.185809612,,,
812_821.mp4,14.1,9,0.984776467,,,
813_700.mp4,13.875,23,0.698953032,,,
814_871.mp4,11.6,11,1.295754027,,,
815_730.mp4,28.76,27,1.127339803,,,
816_649.mp4,31,6,7.671191263,,,
817_827.mp4,10.36666667,11,1.203162599,,,
818_820.mp4,26.6,58,0.542931159,,,
819_786.mp4,20.8,7,3.756789446,,,
820_818.mp4,18.64,1,0,,,
821_812.mp4,14.43333333,13,0.614426831,,,
822_244.mp4,22.28,8,3.979852029,,,
823_584.mp4,19.79166667,43,0.518465383,,,
824_419.mp4,8.116666667,2,17.11437368,,,
825_074.mp4,13.8,1,0,,,
826_833.mp4,24,34,0.767796227,,,
827_817.mp4,13.96666667,0,0,,,
828_830.mp4,20.44,10,2.488370127,,,
829_808.mp4,21.23333333,15,1.61827428,,,
830_828.mp4,12.76,4,3.752969344,,,
831_508.mp4,20.1,19,1.835776461,,,
832_762.mp4,16.64,37,0.524650951,,,
833_826.mp4,14.2,18,1.177463027,,,
834_852.mp4,17.08,43,0.458263454,,,
835_651.mp4,15.2,0,0,,,
836_950.mp4,25.43333333,15,2.269961596,,,
837_890.mp4,11.36666667,8,2.03407635,,,
838_810.mp4,35.06666667,68,0.68162406,,,
839_864.mp4,13.04,0,0,,,
840_800.mp4,11.26666667,4,4.033934196,,,
841_639.mp4,22.06666667,0,0,,,
842_714.mp4,22.4,50,0.517883077,,,
843_859.mp4,11.1,11,1.288312769,,,
844_797.mp4,14.46666667,43,0.458388459,,,
845_846.mp4,14.12,5,0.957135022,,,
846_845.mp4,14.24,31,0.527579403,,,
847_906.mp4,12.96666667,23,0.750319199,,,
848_894.mp4,13.12,33,0.593259871,,,
849_771.mp4,25.36,11,2.621378565,,,
850_764.mp4,12.3,19,0.880592492,,,
851_552.mp4,12.625,1,0,,,
852_834.mp4,12.12,23,0.590636177,,,
853_863.mp4,17.1,42,0.570875732,,,
854_747.mp4,18.8,47,0.463971133,,,
855_801.mp4,17.76,0,0,,,
856_881.mp4,21.26666667,40,0.755907792,,,
857_909.mp4,21.23333333,59,0.496941254,,,
858_861.mp4,23.76,39,0.691305499,,,
859_843.mp4,10.6,9,1.814773291,,,
860_905.mp4,12.73333333,0,0,,,
861_858.mp4,19.32,30,0.695236313,,,
862_047.mp4,10.63333333,1,0,,,
863_853.mp4,20.53333333,15,1.929773978,,,
864_839.mp4,15.4,1,0,,,
865_739.mp4,5.066666667,11,1.642081308,,,
866_878.mp4,24.53333333,68,0.604414274,,,
867_765.mp4,12.93333333,22,0.824127799,,,
868_949.mp4,22.86666667,0,0,,,
869_780.mp4,16.08,0,0,,,
870_001.mp4,18.4,46,0.463115369,,,
871_814.mp4,18.33333333,27,0.913863998,,,
872_873.mp4,35.36,3,4.393400073,,,
873_872.mp4,18.96,6,3.304250622,,,
874_291.mp4,11,16,1.111390575,,,
875_979.mp4,11.16666667,3,5.291429281,,,
876_891.mp4,9.866666667,25,0.568345606,,,
877_886.mp4,21,44,0.565887884,,,
878_866.mp4,16.96666667,34,0.696123311,,,
879_963.mp4,23.06666667,41,0.801937836,,,
880_135.mp4,13.625,0,0,,,
881_856.mp4,36.76666667,109,0.4633054,,,
882_952.mp4,23.33333333,10,4.298605919,,,
883_013.mp4,13.28,5,2.812176049,,,
884_968.mp4,12,30,0.464086491,,,
885_802.mp4,14.04,0,0,,,
886_877.mp4,22.8,57,0.457729178,,,
887_275.mp4,16.96,0,0,,,
888_937.mp4,18.2,20,1.039227197,,,
889_045.mp4,14,3,4.133728743,,,
890_837.mp4,14.76666667,10,1.543424845,,,
891_876.mp4,10.43333333,31,0.470029982,,,
892_112.mp4,13.93333333,8,3.072526898,,,
893_913.mp4,21.13333333,10,3.009898795,,,
894_848.mp4,14.4,36,0.573696927,,,
895_915.mp4,14.08,16,0.584678125,,,
896_128.mp4,29.4,71,0.477500633,,,
897_969.mp4,14.24,3,5.550093889,,,
898_922.mp4,24.64,11,2.80398829,,,
899_914.mp4,10.23333333,23,0.632421049,,,
900_926.mp4,13.32,6,0.68278265,,,
901_902.mp4,9.833333333,21,0.624201894,,,
902_901.mp4,17.43333333,16,1.530951182,,,
903_792.mp4,15.32,2,0.456338644,,,
904_046.mp4,16.8,3,12.8302871,,,
905_860.mp4,15.3,21,1.020437813,,,
906_847.mp4,10.03333333,2,0.575226068,,,
907_795.mp4,18.33333333,2,3.338692427,,,
908_207.mp4,14.41666667,6,3.281073141,,,
909_857.mp4,21.33333333,25,0.792907208,,,
910_911.mp4,10.96666667,13,1.263677378,,,
911_910.mp4,9.733333333,0,0,,,
912_927.mp4,27.88,3,1.358796716,,,
913_893.mp4,17.9,38,0.5945715,,,
914_899.mp4,18.66666667,56,0.459332132,,,
915_895.mp4,11.76,2,0.454217196,,,
916_783.mp4,13.43333333,6,2.151458025,,,
917_924.mp4,49.92,3,11.57906401,,,
918_934.mp4,15.08,2,12.5627687,,,
919_015.mp4,14.56666667,38,0.517733387,,,
920_811.mp4,21.68,10,2.849146578,,,
921_569.mp4,11.16666667,1,0,,,
922_898.mp4,13.96,33,0.489304148,,,
923_023.mp4,22.12,50,0.5152669,,,
924_917.mp4,17.92,0,0,,,
925_933.mp4,16.46666667,9,2.365745932,,,
926_900.mp4,13.64,9,1.282344133,,,
927_912.mp4,25.88,6,3.291190577,,,
928_160.mp4,17.8,40,0.613849126,,,
929_962.mp4,15.33333333,4,3.623507897,,,
930_763.mp4,27.06666667,1,0,,,
931_936.mp4,11.88,2,7.783673525,,,
932_384.mp4,18.48,25,0.820334395,,,
933_925.mp4,11.86666667,5,2.861825645,,,
934_918.mp4,18.88,16,1.42851545,,,
935_733.mp4,20.72,2,12.12916398,,,
936_931.mp4,12.76,11,1.373348522,,,
937_888.mp4,12.28,29,0.494600696,,,
938_987.mp4,23,52,0.508857185,,,
939_115.mp4,10.66666667,6,1.032985115,,,
940_941.mp4,19.76,14,1.360365079,,,
941_940.mp4,12.36,4,2.049621026,,,
942_943.mp4,18.8,0,0,,,
943_942.mp4,19.8,24,0.997562305,,,
944_032.mp4,10.33333333,0,0,,,
945_044.mp4,11.16666667,6,1.896661758,,,
946_049.mp4,12,18,0.767363941,,,
947_951.mp4,39.2,4,17.04896728,,,
948_965.mp4,11.6,9,1.795131683,,,
949_868.mp4,14.36666667,1,0,,,
950_836.mp4,11.43333333,11,1.714766359,,,
951_947.mp4,21.36666667,32,0.915654298,,,
952_882.mp4,11.1,11,1.368088961,,,
953_974.mp4,12.72,30,0.496974715,,,
954_976.mp4,13.12,0,0,,,
955_078.mp4,20.92,8,3.308420113,,,
956_958.mp4,15.68,7,2.403323054,,,
957_959.mp4,16.06666667,34,0.864313595,,,
958_956.mp4,21.68,5,4.631504834,,,
959_957.mp4,13.93333333,15,1.641264149,,,
960_999.mp4,11.16666667,29,0.552483584,,,
961_069.mp4,25.8,3,17.33276737,,,
962_929.mp4,15.4,1,0,,,
963_879.mp4,27.96666667,40,0.879020508,,,
964_174.mp4,6.9,6,2.254516697,,,
965_948.mp4,14.46666667,1,0,,,
966_988.mp4,18.2,38,0.554014573,,,
967_984.mp4,13.56,12,1.404287143,,,
968_884.mp4,13.72,18,0.915134023,,,
969_897.mp4,13.32,1,0,,,
970_973.mp4,21.32,6,3.411600065,,,
971_564.mp4,21.6,47,0.801046781,,,
972_718.mp4,23.12,4,6.579860369,,,
973_970.mp4,19.04,3,10.34722304,,,
974_953.mp4,14.04,36,0.458684369,,,
975_978.mp4,25.23333333,0,0,,,
976_954.mp4,15.04,3,0.954391718,,,
977_075.mp4,20.43333333,10,1.696209484,,,
978_975.mp4,10.13333333,9,1.295335203,,,
979_875.mp4,14.06666667,35,0.549264803,,,
980_992.mp4,28.72,0,0,,,
981_985.mp4,13.72,7,1.960582256,,,
982_004.mp4,12.36,31,0.4821407,,,
983_113.mp4,33.64,3,1.342726707,,,
984_967.mp4,16.48,14,1.167782655,,,
985_981.mp4,14.88,1,0,,,
986_994.mp4,12.64,11,0.882701325,,,
987_938.mp4,14.76,0,0,,,
988_966.mp4,14.56,2,14.82164931,,,
989_993.mp4,16.36,0,0,,,
990_008.mp4,25.48,6,4.150266981,,,
991_064.mp4,16.08,0,0,,,
992_980.mp4,15.32,0,0,,,
993_989.mp4,38.4,1,0,,,
994_986.mp4,33.12,0,0,,,
995_233.mp4,22.5,3,5.23230052,,,
996_056.mp4,14.92,38,0.457931299,,,
997_040.mp4,21.92,3,8.608961701,,,
998_561.mp4,13.86666667,15,0.909543599,,,
999_960.mp4,11.5,33,0.48017364,,,
